date,nav,return,cash,market_value,opening_nav,buy_notional,sell_notional,cost,cumulative_cost,turnover,holdings_count,max_weight,stale_holdings,blocked_orders,rebalance,written_down_holdings,gross_attribution_nav
2025-01-02,982171.131541839,-0.017828868458161007,336334.84931583237,645836.2822260066,1000000.0,663002.1485356318,0.0,663.0021485356318,663.0021485356318,0.6630021485356318,50,0.02841002561203955,0,0,True,0,982834.1336903747
2025-01-03,966526.534413923,-0.015928585788666627,336334.84931583237,630191.6850980907,984020.3608544524,0.0,0.0,0.0,663.0021485356318,0.0,50,0.028869882004252976,0,0,False,0,967189.5365624587
2025-01-06,968984.5318887957,0.002543124671029462,336334.84931583237,632649.6825729633,966120.5481219019,0.0,0.0,0.0,663.0021485356318,0.0,50,0.029047417609833724,0,0,False,0,969647.5340373314
2025-01-07,974729.409132933,0.005928760527208032,336334.84931583237,638394.5598171006,969903.9463200113,0.0,0.0,0.0,663.0021485356318,0.0,50,0.028668474860269078,0,0,False,0,975392.4112814687
2025-01-08,969493.5920202141,-0.0053715595976286945,336334.84931583237,633158.7427043817,972654.5427909472,0.0,0.0,0.0,663.0021485356318,0.0,50,0.028656209339423373,0,0,False,0,970156.5941687498
2025-01-09,968729.5034825897,-0.0007881316018109041,336334.84931583237,632394.6541667574,966831.6795093947,0.0,0.0,0.0,663.0021485356318,0.0,50,0.02826075353327327,0,0,False,0,969392.5056311254
2025-01-10,955293.3583993688,-0.013869862572490899,336334.84931583237,618958.5090835365,968015.6579025118,0.0,0.0,0.0,663.0021485356318,0.0,50,0.028403876303570462,0,0,False,0,955956.3605479045
2025-01-13,957287.8484695487,0.0020878299347979468,336334.84931583237,620952.9991537164,950284.3173922712,0.0,0.0,0.0,663.0021485356318,0.0,50,0.028175475321856033,0,0,False,0,957950.8506180844
2025-01-14,978661.4506011452,0.022327246883752982,336334.84931583237,642326.6012853128,959758.6371825396,0.0,0.0,0.0,663.0021485356318,0.0,50,0.02826362030794357,0,0,False,0,979324.4527496808
2025-01-15,975171.0459791897,-0.003566508744991981,336334.84931583237,638836.1966633573,979296.3165780201,0.0,0.0,0.0,663.0021485356318,0.0,50,0.028281724161070675,0,0,False,0,975834.0481277254
2025-01-16,980222.7315635167,0.005180307193446643,336334.84931583237,643887.8822476843,978252.2580378277,0.0,0.0,0.0,663.0021485356318,0.0,50,0.02834254953651883,0,0,False,0,980885.7337120523
2025-01-17,983626.3256628937,0.003472266036871119,336334.84931583237,647291.4763470613,979175.8723241291,0.0,0.0,0.0,663.0021485356318,0.0,50,0.02882089509962277,0,0,False,0,984289.3278114294
2025-01-20,988771.177380181,0.005230494124707441,336334.84931583237,652436.3280643487,988079.9031840002,0.0,0.0,0.0,663.0021485356318,0.0,50,0.02895764127803746,0,0,False,0,989434.1795287167
2025-01-21,986877.0571717329,-0.0019156304833508608,336334.84931583237,650542.2078559005,992155.4072654308,0.0,0.0,0.0,663.0021485356318,0.0,50,0.029054256972590026,0,0,False,0,987540.0593202686
2025-01-22,982362.6516504817,-0.004574435577810343,336334.84931583237,646027.8023346494,983783.8421436007,0.0,0.0,0.0,663.0021485356318,0.0,50,0.029359275506178322,0,0,False,0,983025.6537990174
2025-01-23,982536.6179780787,0.00017708972068986029,336334.84931583237,646201.7686622463,987624.0964864474,0.0,0.0,0.0,663.0021485356318,0.0,50,0.02926837186597795,0,0,False,0,983199.6201266143
2025-01-24,990140.2011865797,0.007738727564320369,336334.84931583237,653805.3518707473,981190.2550152645,0.0,0.0,0.0,663.0021485356318,0.0,50,0.029128658448796342,0,0,False,0,990803.2033351153
2025-01-27,988962.1133830799,-0.0011898191812512726,336334.84931583237,652627.2640672475,993140.6829997727,0.0,0.0,0.0,663.0021485356318,0.0,50,0.029376228794180587,0,0,False,0,989625.1155316156
2025-02-05,991629.8978505712,0.002697559827004259,336334.84931583237,655295.0485347388,995014.9742366765,0.0,0.0,0.0,663.0021485356318,0.0,50,0.028787681365868904,0,0,False,0,992292.8999991069
2025-02-06,1002577.7802972682,0.011040290808523645,336334.84931583237,666242.9309814358,991039.1670237188,0.0,0.0,0.0,663.0021485356318,0.0,50,0.02864131178275329,0,0,False,0,1003240.7824458039
2025-02-07,1016199.7271877457,0.01358692278861251,70692.06525986694,945507.6619278789,1003415.2628692708,651818.7571870313,387408.9052461222,1232.932115056215,1895.934263591847,1.035690507100198,50,0.03011078922631955,0,0,True,0,1018095.6614513376
2025-02-10,1024792.9071555855,0.008456191964960169,70692.06525986694,954100.8418957186,1018233.4716227208,0.0,0.0,0.0,1895.934263591847,0.0,50,0.029652666008834996,0,0,False,0,1026688.8414191774
2025-02-11,1024411.0297889884,-0.0003726385730528081,70692.06525986694,953718.9645291214,1026739.6791435347,0.0,0.0,0.0,1895.934263591847,0.0,50,0.02963980385850626,0,0,False,0,1026306.9640525803
2025-02-12,1031741.6444893645,0.007155931054243059,70692.06525986694,961049.5792294976,1022964.0377975346,0.0,0.0,0.0,1895.934263591847,0.0,50,0.029493806676538985,0,0,False,0,1033637.5787529564
2025-02-13,1030441.5299622468,-0.0012601163615539868,70692.06525986694,959749.4647023799,1034549.1838121845,0.0,0.0,0.0,1895.934263591847,0.0,50,0.030594463101613616,0,0,False,0,1032337.4642258387
2025-02-14,1036647.3795186188,0.006022514985978278,70692.06525986694,965955.3142587519,1028963.5844990865,0.0,0.0,0.0,1895.934263591847,0.0,50,0.03187495648946007,0,0,False,0,1038543.3137822107
2025-02-17,1029918.932434317,-0.006490584182469394,70692.06525986694,959226.8671744501,1035726.0521793191,0.0,0.0,0.0,1895.934263591847,0.0,50,0.030814599441214032,1,0,False,0,1031814.8666979088
2025-02-18,1015634.3465407775,-0.013869621621360406,70692.06525986694,944942.2812809106,1029498.6103120637,0.0,0.0,0.0,1895.934263591847,0.0,50,0.03133099334961889,1,0,False,0,1017530.2808043694
2025-02-19,1027597.6409205738,0.011779135296618337,70692.06525986694,956905.5756607068,1015815.5976886298,0.0,0.0,0.0,1895.934263591847,0.0,50,0.03088420807530763,1,0,False,0,1029493.5751841657
2025-02-20,1024197.1442632892,-0.003309171335035721,70692.06525986694,953505.0790034223,1026561.7278655095,0.0,0.0,0.0,1895.934263591847,0.0,50,0.030822144293458777,1,0,False,0,1026093.078526881
2025-02-21,1034699.0774566205,0.010253820030796446,70692.06525986694,964007.0121967536,1026038.2011070331,0.0,0.0,0.0,1895.934263591847,0.0,50,0.030794441060164903,1,0,False,0,1036595.0117202124
2025-02-24,1039791.8839957996,0.004922017087033215,70692.06525986694,969099.8187359326,1037325.3644972313,0.0,0.0,0.0,1895.934263591847,0.0,50,0.030967883708563,1,0,False,0,1041687.8182593915
2025-02-25,1032356.2445425689,-0.007151084334930946,70692.06525986694,961664.179282702,1033022.2671544878,0.0,0.0,0.0,1895.934263591847,0.0,50,0.030741848589242112,1,0,False,0,1034252.1788061608
2025-02-26,1045440.2422372776,0.012673917326383899,70692.06525986694,974748.1769774107,1033942.3120977471,0.0,0.0,0.0,1895.934263591847,0.0,50,0.03067962419371965,1,0,False,0,1047336.1765008694
2025-02-27,1048889.9438630969,0.0032997597437389725,70692.06525986694,978197.87860323,1046984.6904341092,0.0,0.0,0.0,1895.934263591847,0.0,50,0.031181456090299754,1,0,False,0,1050785.8781266888
2025-02-28,1036243.6999765525,-0.012056788188823497,70692.06525986694,965551.6347166856,1049282.0504727655,0.0,0.0,0.0,1895.934263591847,0.0,50,0.03139930166462816,0,0,False,0,1038139.6342401444
2025-03-03,1037968.998896549,0.0016649547978293544,70692.06525986694,967276.933636682,1038684.5294932877,0.0,0.0,0.0,1895.934263591847,0.0,50,0.03199679118245881,0,0,False,0,1039864.9331601409
2025-03-04,1042581.2553286268,0.004443539678912423,70692.06525986694,971889.19006876,1033350.1495811618,0.0,0.0,0.0,1895.934263591847,0.0,50,0.03128928509328921,0,0,False,0,1044477.1895922187
2025-03-05,1047477.3490650442,0.004696126763639175,70692.06525986694,976785.2838051773,1043803.7569537072,0.0,0.0,0.0,1895.934263591847,0.0,50,0.03094185107363403,0,0,False,0,1049373.283328636
2025-03-06,1063480.781477478,0.015278070143204703,70692.06525986694,992788.7162176112,1051806.8672725982,0.0,0.0,0.0,1895.934263591847,0.0,50,0.030595126024215106,0,0,False,0,1065376.71574107
2025-03-07,1062013.4746246599,-0.0013797210804127324,46317.82025326093,1015695.654371399,1060994.8100410772,625435.9432567141,602591.0207244515,1529.3224743433914,3425.2567379352386,1.1574297558850657,51,0.0397759756520251,0,0,True,0,1065438.731362595
2025-03-10,1065670.093865044,0.0034431006081880877,46317.82025326093,1019352.273611783,1062340.4411314074,0.0,0.0,0.0,3425.2567379352386,0.0,51,0.039425225360798434,0,0,False,0,1069095.350602979
2025-03-11,1070365.3560084281,0.004405924657559845,46317.82025326093,1024047.5357551672,1058215.9409612222,0.0,0.0,0.0,3425.2567379352386,0.0,51,0.03984960010656248,0,0,False,0,1073790.6127463633
2025-03-12,1068547.5496272806,-0.0016983045751093329,46317.82025326093,1022229.7293740197,1073337.0753824927,0.0,0.0,0.0,3425.2567379352386,0.0,51,0.0398319157819603,0,0,False,0,1071972.8063652157
2025-03-13,1062538.1553087747,-0.005623890411429966,46317.82025326093,1016220.3350555138,1068605.8674846962,0.0,0.0,0.0,3425.2567379352386,0.0,51,0.040057193045839594,0,0,False,0,1065963.4120467098
2025-03-14,1080952.2833814751,0.017330321721340303,46317.82025326093,1034634.4631282142,1063268.2668085184,0.0,0.0,0.0,3425.2567379352386,0.0,51,0.04055774918810682,0,0,False,0,1084377.5401194103
2025-03-17,1083852.8537464014,0.002683347275841408,46317.82025326093,1037535.0334931404,1086269.1248694365,0.0,0.0,0.0,3425.2567379352386,0.0,51,0.04015426775533448,0,0,False,0,1087278.1104843365
2025-03-18,1086719.6135831927,0.0026449714339749075,46317.82025326093,1040401.7933299317,1085813.6728932979,0.0,0.0,0.0,3425.2567379352386,0.0,51,0.04021643480895039,0,0,False,0,1090144.8703211278
2025-03-19,1081865.514576373,-0.004466744637850573,46317.82025326093,1035547.6943231119,1086165.7952845152,0.0,0.0,0.0,3425.2567379352386,0.0,51,0.0402280293718005,0,0,False,0,1085290.771314308
2025-03-20,1083701.7956494305,0.0016973284094157215,46317.82025326093,1037383.9753961696,1082449.0147967846,0.0,0.0,0.0,3425.2567379352386,0.0,51,0.0393591960224567,0,0,False,0,1087127.0523873656
2025-03-21,1080088.90902156,-0.0033338383699044183,46317.82025326093,1033771.0887682991,1081879.3160243041,0.0,0.0,0.0,3425.2567379352386,0.0,51,0.03970225927197141,0,0,False,0,1083514.1657594952
2025-03-24,1077599.352489333,-0.00230495518603413,46317.82025326093,1031281.532236072,1083281.5099782287,0.0,0.0,0.0,3425.2567379352386,0.0,51,0.04000587815969566,0,0,False,0,1081024.609227268
2025-03-25,1078402.446782276,0.0007452624123129858,46317.82025326093,1032084.6265290151,1076004.8228444394,0.0,0.0,0.0,3425.2567379352386,0.0,51,0.040780688901196696,0,0,False,0,1081827.7035202112
2025-03-26,1080150.7163737628,0.0016211661951466283,46317.82025326093,1033832.8961205019,1076037.8243645728,0.0,0.0,0.0,3425.2567379352386,0.0,51,0.04058784661170099,0,0,False,0,1083575.973111698
2025-03-27,1080420.9102047635,0.00025014456492500337,46317.82025326093,1034103.0899515025,1077861.7767077116,0.0,0.0,0.0,3425.2567379352386,0.0,51,0.04095811222477248,0,0,False,0,1083846.1669426986
2025-03-28,1068702.3347542714,-0.010846305675693668,46317.82025326093,1022384.5145010104,1080762.5305592432,0.0,0.0,0.0,3425.2567379352386,0.0,51,0.040851712750842754,0,0,False,0,1072127.5914922066
2025-03-31,1054213.162448112,-0.01355772494825791,46317.82025326093,1007895.342194851,1065202.3016294672,0.0,0.0,0.0,3425.2567379352386,0.0,51,0.04076339286263675,0,0,False,0,1057638.419186047
2025-04-01,1062562.7762038044,0.007920232883739553,46317.82025326093,1016244.9559505435,1055285.0651861504,0.0,0.0,0.0,3425.2567379352386,0.0,51,0.04087286254539935,0,0,False,0,1065988.0329417395
2025-04-02,1061330.253153695,-0.001159953160144389,46317.82025326093,1015012.432900434,1061555.404731693,0.0,0.0,0.0,3425.2567379352386,0.0,51,0.04083427073691419,0,0,False,0,1064755.5098916302
2025-04-03,1053618.972775422,-0.007265674709035497,46317.82025326093,1007301.1525221611,1052457.749553486,0.0,0.0,0.0,3425.2567379352386,0.0,51,0.04139319262722954,0,0,False,0,1057044.2295133572
2025-04-07,974049.0387291646,-0.07552059720095572,274232.50033409114,699816.5383950735,1003567.8616897024,529092.8428337018,758674.6276989143,1667.1047843820734,5092.361522317312,1.2831892288423907,51,0.0233253105706653,0,1,True,0,979141.4002514819
2025-04-08,969651.9073397476,-0.004514281329360936,274232.50033409114,695419.4070056565,968327.251091099,0.0,0.0,0.0,5092.361522317312,0.0,51,0.02390557268077224,0,0,False,0,974744.2688620649
2025-04-09,977236.8659227797,0.007822352047799797,274232.50033409114,703004.3655886885,959494.9378910961,0.0,0.0,0.0,5092.361522317312,0.0,51,0.024114290347316863,0,0,False,0,982329.2274450969
2025-04-10,990047.0079877748,0.013108533367597541,274232.50033409114,715814.5076536837,989882.6546787012,0.0,0.0,0.0,5092.361522317312,0.0,51,0.023892780355744898,0,0,False,0,995139.3695100921
2025-04-11,991837.0686598106,0.0018080562413638201,274232.50033409114,717604.5683257194,984751.9568083672,0.0,0.0,0.0,5092.361522317312,0.0,51,0.023569606019165013,0,0,False,0,996929.4301821279
2025-04-14,999281.5762866416,0.007505776767236849,274232.50033409114,725049.0759525505,1001442.3722866302,0.0,0.0,0.0,5092.361522317312,0.0,51,0.023501615678325843,0,0,False,0,1004373.9378089589
2025-04-15,998572.5865834806,-0.0007094994243721509,274232.50033409114,724340.0862493895,998596.231409018,0.0,0.0,0.0,5092.361522317312,0.0,51,0.023473436768599972,0,0,False,0,1003664.9481057979
2025-04-16,991537.5344749748,-0.007045108390743571,274232.50033409114,717305.0341408837,997925.342188507,0.0,0.0,0.0,5092.361522317312,0.0,51,0.02382975351708141,0,0,False,0,996629.8959972921
2025-04-17,989757.5136298857,-0.0017952127712761445,274232.50033409114,715525.0132957946,986340.130003383,0.0,0.0,0.0,5092.361522317312,0.0,51,0.023800186389638628,0,0,False,0,994849.875152203
2025-04-18,989351.9344519448,-0.00040977630617167193,274232.50033409114,715119.4341178536,988170.0159299088,0.0,0.0,0.0,5092.361522317312,0.0,51,0.02373748990881567,0,0,False,0,994444.2959742621
2025-04-21,997501.7888850118,0.008237568603513878,274232.50033409114,723269.2885509207,988760.6880493766,0.0,0.0,0.0,5092.361522317312,0.0,51,0.023480669703932207,0,0,False,0,1002594.1504073291
2025-04-22,997203.1207748387,-0.0002994161148391905,274232.50033409114,722970.6204407476,997072.8048161137,0.0,0.0,0.0,5092.361522317312,0.0,51,0.023586541139574913,0,0,False,0,1002295.482297156
2025-04-23,1000990.0646717363,0.0037975652281905248,274232.50033409114,726757.5643376452,1000259.2235762469,0.0,0.0,0.0,5092.361522317312,0.0,51,0.0236369636144972,0,0,False,0,1006082.4261940536
2025-04-24,997339.0293375041,-0.0036474241484401038,274232.50033409114,723106.5290034129,1002810.3587187402,0.0,0.0,0.0,5092.361522317312,0.0,51,0.02348777366434137,0,0,False,0,1002431.3908598213
2025-04-25,998139.8718602643,0.0008029792269257374,274232.50033409114,723907.3715261732,996482.8737358827,0.0,0.0,0.0,5092.361522317312,0.0,51,0.023569870230661812,0,0,False,0,1003232.2333825816
2025-04-28,989137.5975832432,-0.009019050867333234,274232.50033409114,714905.097249152,995672.5857607141,0.0,0.0,0.0,5092.361522317312,0.0,51,0.023434640643117396,0,0,False,0,994229.9591055604
2025-04-29,993593.3518873692,0.004504686016397308,274232.50033409114,719360.851553278,986989.7986420745,0.0,0.0,0.0,5092.361522317312,0.0,51,0.02318526046206653,0,0,False,0,998685.7134096865
2025-04-30,998852.1777001674,0.005292734500295104,274232.50033409114,724619.6773660763,993150.894824978,0.0,0.0,0.0,5092.361522317312,0.0,51,0.023709070157310646,0,0,False,0,1003944.5392224847
2025-05-06,1014484.9870604674,0.015650773667325035,274232.50033409114,740252.4867263762,1002742.3062623055,0.0,0.0,0.0,5092.361522317312,0.0,51,0.023317225987006533,0,0,False,0,1019577.3485827846
2025-05-07,1017149.797479942,0.002626761808665057,274232.50033409114,742917.2971458508,1021454.7817519117,0.0,0.0,0.0,5092.361522317312,0.0,51,0.023449938799855668,0,0,False,0,1022242.1590022593
2025-05-08,1019430.5766183768,0.002242323740402341,389579.81983524084,629850.7567831359,1014533.5402297598,448832.76876313234,565477.1367381529,1297.0484738703612,6389.409996187673,0.9997795689155592,50,0.016823914403886298,0,0,True,0,1025819.9866145644
2025-05-09,1015578.7479735025,-0.0037784119225180435,389579.81983524084,625998.9281382617,1021004.1371329334,0.0,0.0,0.0,6389.409996187673,0.0,50,0.01691888133931548,0,0,False,0,1021968.1579696902
2025-05-12,1022823.72443333,0.007133840161862581,389579.81983524084,633243.9045980892,1019696.4473394745,0.0,0.0,0.0,6389.409996187673,0.0,50,0.016768102217451012,0,0,False,0,1029213.1344295177
2025-05-13,1021240.0143134674,-0.0015483705373963152,389579.81983524084,631660.1944782266,1027260.1897341261,0.0,0.0,0.0,6389.409996187673,0.0,50,0.016856076585734767,0,0,False,0,1027629.4243096551
2025-05-14,1021787.3936368295,0.000535994786426297,389579.81983524084,632207.5738015886,1020554.4236605667,0.0,0.0,0.0,6389.409996187673,0.0,50,0.01684704665656017,0,0,False,0,1028176.8036330171
2025-05-15,1015229.2519734656,-0.006418303557280791,389579.81983524084,625649.4321382247,1021640.0060382147,0.0,0.0,0.0,6389.409996187673,0.0,50,0.01698704349402043,0,0,False,0,1021618.6619696532
2025-05-16,1016110.1400923334,0.0008676740914976833,389579.81983524084,626530.3202570926,1014203.9828861452,0.0,0.0,0.0,6389.409996187673,0.0,50,0.017159168251166985,0,0,False,0,1022499.5500885211
2025-05-19,1020052.8479984911,0.003880197382736039,389579.81983524084,630473.0281632503,1017993.434456292,0.0,0.0,0.0,6389.409996187673,0.0,50,0.01709284464013084,0,0,False,0,1026442.2579946788
2025-05-20,1022697.9188155131,0.0025930723317051374,389579.81983524084,633118.0989802723,1020345.915818197,0.0,0.0,0.0,6389.409996187673,0.0,50,0.01714146008413521,0,0,False,0,1029087.3288117008
2025-05-21,1022909.3084520564,0.00020669802162887052,389579.81983524084,633329.4886168155,1022707.2379240595,0.0,0.0,0.0,6389.409996187673,0.0,50,0.017199787449467274,0,0,False,0,1029298.718448244
2025-05-22,1018765.3200035244,-0.004051178745066775,389579.81983524084,629185.5001682836,1021615.9926364573,0.0,0.0,0.0,6389.409996187673,0.0,50,0.017083386082979924,0,0,False,0,1025154.7299997121
2025-05-23,1013763.5328582664,-0.004909655881533914,389579.81983524084,624183.7130230255,1018967.7483361069,0.0,0.0,0.0,6389.409996187673,0.0,50,0.01723010135536759,0,0,False,0,1020152.942854454
2025-05-26,1015777.5330760289,0.0019866568015955988,389579.81983524084,626197.7132407881,1014053.4703448213,0.0,0.0,0.0,6389.409996187673,0.0,50,0.01694672242017016,0,0,False,0,1022166.9430722166
2025-05-27,1018167.2981202065,0.002352646092634858,389579.81983524084,628587.4782849656,1015325.1118788617,0.0,0.0,0.0,6389.409996187673,0.0,50,0.017062341086434486,0,0,False,0,1024556.7081163941
2025-05-28,1016523.4186423172,-0.0016145475119111463,389579.81983524084,626943.5988070763,1017954.1420431543,0.0,0.0,0.0,6389.409996187673,0.0,50,0.01741429256762901,0,0,False,0,1022912.8286385048
2025-05-29,1025202.3412190637,0.00853784813766345,389579.81983524084,635622.5213838229,1016000.6031428437,0.0,0.0,0.0,6389.409996187673,0.0,50,0.01731503486202198,0,0,False,0,1031591.7512152514
2025-05-30,1020625.8156271104,-0.004464021791553252,389579.81983524084,631045.9957918696,1024381.0614177821,0.0,0.0,0.0,6389.409996187673,0.0,50,0.017238269320717335,0,0,False,0,1027015.2256232981
2025-06-03,1024302.0704830106,0.0036019614628710617,389579.81983524084,634722.2506477698,1019676.9053370666,0.0,0.0,0.0,6389.409996187673,0.0,50,0.01772795724658139,0,0,False,0,1030691.4804791983
2025-06-04,1027464.7284280035,0.003087622329515982,389579.81983524084,637884.9085927627,1024717.4096162937,0.0,0.0,0.0,6389.409996187673,0.0,50,0.017781519358551257,0,0,False,0,1033854.1384241912
2025-06-05,1024649.8506752286,-0.00273963443697145,389579.81983524084,635070.0308399878,1026376.1963795137,0.0,0.0,0.0,6389.409996187673,0.0,50,0.01723233532486616,0,0,False,0,1031039.2606714163
2025-06-06,1026327.2478090699,0.0016370442378299543,143050.72683407803,883276.520974992,1025527.5567162335,648347.7031356064,403071.56518535665,1252.9550509136411,7642.365047101313,1.0252472119692575,50,0.02983838126897528,0,0,True,0,1033969.6128561712
2025-06-09,1031129.3196280575,0.0046788895347353865,143050.72683407803,888078.5927939794,1026652.6272223876,0.0,0.0,0.0,7642.365047101313,0.0,50,0.029812132234174366,0,0,False,0,1038771.6846751588
2025-06-10,1026829.7613270057,-0.004169756614624043,143050.72683407803,883779.0344929277,1031894.0887931539,0.0,0.0,0.0,7642.365047101313,0.0,50,0.03055946979777399,0,0,False,0,1034472.126374107
2025-06-11,1032434.1537783023,0.005457956773724515,143050.72683407803,889383.4269442243,1028297.4430814516,0.0,0.0,0.0,7642.365047101313,0.0,50,0.03014030307825271,0,0,False,0,1040076.5188254035
2025-06-12,1032146.3146735474,-0.0002787965738071385,143050.72683407803,889095.5878394693,1031857.4307582264,0.0,0.0,0.0,7642.365047101313,0.0,50,0.029895357943750513,0,0,False,0,1039788.6797206487
2025-06-13,1018885.5410645185,-0.012847765302754666,143050.72683407803,875834.8142304404,1029128.6792700458,0.0,0.0,0.0,7642.365047101313,0.0,50,0.030255928963498154,0,0,False,0,1026527.9061116198
2025-06-16,1020847.712319243,0.0019258014523146905,143050.72683407803,877796.985485165,1016710.9935208049,0.0,0.0,0.0,7642.365047101313,0.0,50,0.030197774046382957,0,0,False,0,1028490.0773663443
2025-06-17,1021373.4770568754,0.0005150275905874135,143050.72683407803,878322.7502227973,1022011.1879957786,0.0,0.0,0.0,7642.365047101313,0.0,50,0.030153782400953462,0,0,False,0,1029015.8421039766
2025-06-18,1016147.5756999047,-0.005116543041659205,143050.72683407803,873096.8488658266,1019994.4090484413,0.0,0.0,0.0,7642.365047101313,0.0,50,0.030815526806210622,0,0,False,0,1023789.940747006
2025-06-19,1006955.0318125987,-0.009046465402404169,143050.72683407803,863904.3049785206,1015476.1299652357,0.0,0.0,0.0,7642.365047101313,0.0,50,0.031069103052897087,0,0,False,0,1014597.3968597
2025-06-20,1003697.3717693449,-0.0032351594066616363,143050.72683407803,860646.6449352668,1006702.9128373086,0.0,0.0,0.0,7642.365047101313,0.0,50,0.031336924622875906,0,0,False,0,1011339.7368164462
2025-06-23,1009141.4590298564,0.005424032595516826,143050.72683407803,866090.7321957783,1000695.5833170849,0.0,0.0,0.0,7642.365047101313,0.0,50,0.03068346614633595,0,0,False,0,1016783.8240769577
2025-06-24,1023112.0238703587,0.013844010386742989,143050.72683407803,880061.2970362807,1010824.7503424254,0.0,0.0,0.0,7642.365047101313,0.0,50,0.03033273980117176,0,0,False,0,1030754.38891746
2025-06-25,1029271.1312035637,0.006019973560573932,143050.72683407803,886220.4043694857,1024407.3369714809,0.0,0.0,0.0,7642.365047101313,0.0,50,0.030395479582173843,0,0,False,0,1036913.4962506649
2025-06-26,1026788.8193417331,-0.00241171814362251,143050.72683407803,883738.092507655,1029546.2432272418,0.0,0.0,0.0,7642.365047101313,0.0,50,0.030604984283363553,0,0,False,0,1034431.1843888344
2025-06-27,1030503.7523338008,0.0036180107555605634,143050.72683407803,887453.0254997227,1029540.8586054782,0.0,0.0,0.0,7642.365047101313,0.0,50,0.030412018385069545,0,0,False,0,1038146.117380902
2025-06-30,1034704.466597118,0.004076369691816906,143050.72683407803,891653.7397630399,1031942.4227817175,0.0,0.0,0.0,7642.365047101313,0.0,50,0.030315936723612547,0,0,False,0,1042346.8316442192
2025-07-01,1035916.0363971135,0.001170933188275658,143050.72683407803,892865.3095630355,1034774.1742354026,0.0,0.0,0.0,7642.365047101313,0.0,50,0.030143712100615647,0,0,False,0,1043558.4014442147
2025-07-02,1039340.4456319972,0.003305682231538487,143050.72683407803,896289.7187979192,1036359.1690355928,0.0,0.0,0.0,7642.365047101313,0.0,50,0.030098121790964303,0,0,False,0,1046982.8106790985
2025-07-03,1042282.9542302759,0.0028311306566055627,143050.72683407803,899232.227396198,1039741.1778849617,0.0,0.0,0.0,7642.365047101313,0.0,50,0.029955488487094825,0,0,False,0,1049925.3192773773
2025-07-04,1034845.0775770037,-0.007136139589623336,133824.6917515442,901020.3858254596,1042216.4258517167,572244.6323459707,564437.4981429976,1418.9008795604673,9061.265926661781,1.090639239887294,50,0.02990840354200655,0,0,True,0,1043906.3435036655
2025-07-07,1036548.3712260835,0.001645940717104999,133824.6917515442,902723.6794745394,1034268.1558784875,0.0,0.0,0.0,9061.265926661781,0.0,50,0.03002065836419691,0,0,False,0,1045609.6371527453
2025-07-08,1046734.066477713,0.009826550824233449,133824.6917515442,912909.3747261687,1036759.6164947341,0.0,0.0,0.0,9061.265926661781,0.0,50,0.0297684871594584,0,0,False,0,1055795.3324043746
2025-07-09,1049914.6634194222,0.0030385912177408603,133824.6917515442,916089.9716678781,1047648.0068608026,0.0,0.0,0.0,9061.265926661781,0.0,50,0.029877490184605202,0,0,False,0,1058975.929346084
2025-07-10,1054973.8251324182,0.004818640875553726,133824.6917515442,921149.133380874,1048555.1081627789,0.0,0.0,0.0,9061.265926661781,0.0,50,0.029972085390292138,0,0,False,0,1064035.0910590799
2025-07-11,1058667.6760924575,0.0035013674008221862,133824.6917515442,924842.9843409134,1055547.1844064968,0.0,0.0,0.0,9061.265926661781,0.0,50,0.0299070155565556,0,0,False,0,1067728.9420191192
2025-07-14,1058223.8039664316,-0.00041927427846311094,133824.6917515442,924399.1122148875,1058700.4256076836,0.0,0.0,0.0,9061.265926661781,0.0,50,0.030117179345559356,0,0,False,0,1067285.0698930933
2025-07-15,1051025.300070883,-0.00680243996455876,133824.6917515442,917200.6083193389,1056418.6508767141,0.0,0.0,0.0,9061.265926661781,0.0,50,0.029925507237857266,0,0,False,0,1060086.5659975447
2025-07-16,1053970.5133944338,0.002802228760194536,133824.6917515442,920145.8216428896,1051298.3799570205,0.0,0.0,0.0,9061.265926661781,0.0,50,0.029841883453784693,0,0,False,0,1063031.7793210954
2025-07-17,1059616.7723284042,0.005357131781406288,133824.6917515442,925792.0805768601,1053125.7706869252,0.0,0.0,0.0,9061.265926661781,0.0,50,0.029485508918578884,0,0,False,0,1068678.038255066
2025-07-18,1063435.3694012004,0.0036037529534429513,133824.6917515442,929610.6776496563,1061056.810292535,0.0,0.0,0.0,9061.265926661781,0.0,50,0.029576282799539173,0,0,False,0,1072496.635327862
2025-07-21,1082523.5365527181,0.01794953196099347,133824.6917515442,948698.844801174,1069982.792229068,0.0,0.0,0.0,9061.265926661781,0.0,50,0.03195251240418736,0,0,False,0,1091584.8024793798
2025-07-22,1092946.5165423045,0.009628409579692132,133824.6917515442,959121.8247907604,1085082.9651273796,0.0,0.0,0.0,9061.265926661781,0.0,50,0.03482405438183651,0,0,False,0,1102007.7824689662
2025-07-23,1087983.4267502367,-0.004541017988482499,133824.6917515442,954158.7349986925,1096459.2327933665,0.0,0.0,0.0,9061.265926661781,0.0,50,0.038481203658042695,0,0,False,0,1097044.6926768983
2025-07-24,1102941.3154296451,0.013748268872152858,133824.6917515442,969116.623678101,1092451.050945667,0.0,0.0,0.0,9061.265926661781,0.0,50,0.04175146932179279,0,0,False,0,1112002.5813563068
2025-07-25,1101843.4183883043,-0.0009954265254022987,133824.6917515442,968018.7266367602,1107366.3559206221,0.0,0.0,0.0,9061.265926661781,0.0,50,0.039705315650457006,0,0,False,0,1110904.684314966
2025-07-28,1096565.5574583507,-0.004790028094621368,133824.6917515442,962740.8657068064,1101504.3318194996,0.0,0.0,0.0,9061.265926661781,0.0,50,0.03684506914401032,0,0,False,0,1105626.8233850123
2025-07-29,1095044.1008583955,-0.0013874743644891607,133824.6917515442,961219.4091068513,1095442.7645246258,0.0,0.0,0.0,9061.265926661781,0.0,50,0.03681987198560009,0,0,False,0,1104105.3667850571
2025-07-30,1092329.1348118857,-0.0024793211929835524,133824.6917515442,958504.4430603415,1093494.2102692279,0.0,0.0,0.0,9061.265926661781,0.0,50,0.03560953326587883,0,0,False,0,1101390.4007385473
2025-07-31,1076429.9744693767,-0.014555283600713453,133824.6917515442,942605.2827178326,1090099.2857433967,0.0,0.0,0.0,9061.265926661781,0.0,50,0.03528067747627828,0,0,False,0,1085491.2403960384
2025-08-01,1080800.0603408527,0.004059795783399878,54981.41834479986,1025818.6419960528,1076098.5069990524,758718.4580810926,681656.3877140008,1781.2030396520938,10842.468966313874,1.3385157923988846,50,0.03588383918337068,0,0,True,0,1091642.5293071666
2025-08-04,1084537.0923200308,0.003457653377628045,54981.41834479986,1029555.673975231,1077592.255092158,0.0,0.0,0.0,10842.468966313874,0.0,50,0.03557599757813787,0,0,False,0,1095379.5612863447
2025-08-05,1090471.7618047055,0.005472076083612221,54981.41834479986,1035490.3434599057,1085481.4622071704,0.0,0.0,0.0,10842.468966313874,0.0,50,0.03525153048291219,0,0,False,0,1101314.2307710194
2025-08-06,1092191.3377157059,0.001576910078033178,54981.41834479986,1037209.919370906,1089996.0571270261,0.0,0.0,0.0,10842.468966313874,0.0,50,0.034895543733943477,0,0,False,0,1103033.8066820197
2025-08-07,1089879.1516463126,-0.002117015571858616,54981.41834479986,1034897.7333015128,1092173.4533255503,0.0,0.0,0.0,10842.468966313874,0.0,50,0.0349564825528633,0,0,False,0,1100721.6206126264
2025-08-08,1085226.044971758,-0.004269378552223646,54981.41834479986,1030244.6266269581,1089294.835710394,0.0,0.0,0.0,10842.468966313874,0.0,50,0.03508006801172155,0,0,False,0,1096068.513938072
2025-08-11,1093670.8830018442,0.0077816396585892456,54981.41834479986,1038689.4646570444,1085064.8160736475,0.0,0.0,0.0,10842.468966313874,0.0,50,0.03490052387006275,0,0,False,0,1104513.351968158
2025-08-12,1094599.558419526,0.0008491360903135625,54981.41834479986,1039618.1400747262,1094480.5179427585,0.0,0.0,0.0,10842.468966313874,0.0,50,0.03494912885228402,0,0,False,0,1105442.02738584
2025-08-13,1100956.548529041,0.005807594257295046,54981.41834479986,1045975.1301842412,1095909.7564888436,0.0,0.0,0.0,10842.468966313874,0.0,50,0.034708448698220595,0,0,False,0,1111799.0174953549
2025-08-14,1086318.9227565157,-0.013295371004498069,54981.41834479986,1031337.5044117158,1102309.655538837,0.0,0.0,0.0,10842.468966313874,0.0,50,0.03508418181134371,0,0,False,0,1097161.3917228295
2025-08-15,1098491.042337331,0.011204922721891553,54981.41834479986,1043509.6239925312,1084106.912923611,0.0,0.0,0.0,10842.468966313874,0.0,50,0.03482531903715747,0,0,False,0,1109333.5113036449
2025-08-18,1109351.4970739628,0.009886703048140877,54981.41834479986,1054370.078729163,1102170.938256744,0.0,0.0,0.0,10842.468966313874,0.0,50,0.03528185764598356,0,0,False,0,1120193.9660402767
2025-08-19,1110642.7430956578,0.0011639647353438587,54981.41834479986,1055661.324750858,1110064.6152452156,0.0,0.0,0.0,10842.468966313874,0.0,50,0.034893954615032946,0,0,False,0,1121485.2120619717
2025-08-20,1124399.106235128,0.012385947889172133,54981.41834479986,1069417.687890328,1109595.6632676315,0.0,0.0,0.0,10842.468966313874,0.0,50,0.034708164608545845,0,0,False,0,1135241.5752014418
2025-08-21,1125173.7908122381,0.0006889765144906246,54981.41834479986,1070192.3724674382,1127339.1898009852,0.0,0.0,0.0,10842.468966313874,0.0,50,0.0348618108332091,0,0,False,0,1136016.259778552
2025-08-22,1134747.2717000516,0.008508446398225011,54981.41834479986,1079765.8533552517,1123888.6055035188,0.0,0.0,0.0,10842.468966313874,0.0,50,0.034504820251562436,0,0,False,0,1145589.7406663655
2025-08-25,1144993.7350118803,0.009029731612817837,54981.41834479986,1090012.3166670804,1143128.11549225,0.0,0.0,0.0,10842.468966313874,0.0,50,0.0343829708965717,0,0,False,0,1155836.2039781942
2025-08-26,1154909.1884385282,0.008659832035277537,54981.41834479986,1099927.7700937283,1143066.26704319,0.0,0.0,0.0,10842.468966313874,0.0,50,0.034001290636768475,0,0,False,0,1165751.657404842
2025-08-27,1129935.0388901774,-0.021624340509505013,54981.41834479986,1074953.6205453775,1155903.6941195526,0.0,0.0,0.0,10842.468966313874,0.0,50,0.03404561794397583,0,0,False,0,1140777.5078564913
2025-08-28,1138418.282257866,0.007507726617647759,54981.41834479986,1083436.8639130662,1129020.0367342872,0.0,0.0,0.0,10842.468966313874,0.0,50,0.03364150833759535,0,0,False,0,1149260.75122418
2025-08-29,1136935.7547541312,-0.001302269584773863,57840.134668950705,1079095.6200851805,1140639.2941848305,754785.397505857,759538.2065373198,1894.0927073118376,12736.561673625713,1.3276095359536106,50,0.03495896103594172,0,0,True,0,1149672.3164277568
2025-09-01,1132796.8393493977,-0.0036404127387378304,57840.134668950705,1074956.704680447,1138223.414804159,0.0,0.0,0.0,12736.561673625713,0.0,50,0.03539658333983267,0,0,False,0,1145533.4010230233
2025-09-02,1121006.9404573643,-0.010407778767112963,57840.134668950705,1063166.8057884136,1133181.5319493262,0.0,0.0,0.0,12736.561673625713,0.0,50,0.035560090045351794,0,0,False,0,1133743.50213099
2025-09-03,1100686.095489205,-0.018127314144788853,57840.134668950705,1042845.9608202544,1122966.9566771737,0.0,0.0,0.0,12736.561673625713,0.0,50,0.03582679287970223,0,0,False,0,1113422.6571628307
2025-09-04,1097847.1537865964,-0.0025792473569378194,57840.134668950705,1040007.0191176456,1100386.2275883092,0.0,0.0,0.0,12736.561673625713,0.0,50,0.036452367342357184,0,0,False,0,1110583.715460222
2025-09-05,1117068.085396991,0.01750783936005984,57840.134668950705,1059227.9507280404,1099625.2507645527,0.0,0.0,0.0,12736.561673625713,0.0,50,0.0363489058840203,0,0,False,0,1129804.6470706167
2025-09-08,1128716.2969090077,0.010427485722928953,57840.134668950705,1070876.162240057,1119036.52500197,0.0,0.0,0.0,12736.561673625713,0.0,50,0.035766447978179045,0,0,False,0,1141452.8585826333
2025-09-09,1125101.099031721,-0.0032029287494004244,57840.134668950705,1067260.9643627703,1129095.7057845348,0.0,0.0,0.0,12736.561673625713,0.0,50,0.03588137346080463,0,0,False,0,1137837.6607053466
2025-09-10,1124393.9055853477,-0.0006285599107332951,57840.134668950705,1066553.770916397,1123067.1926248104,0.0,0.0,0.0,12736.561673625713,0.0,50,0.03621614942374773,0,0,False,0,1137130.4672589733
2025-09-11,1133369.4548550963,0.007982566630042376,57840.134668950705,1075529.3201861456,1123553.9078183726,0.0,0.0,0.0,12736.561673625713,0.0,50,0.0357228505986204,0,0,False,0,1146106.016528722
2025-09-12,1126345.8158623828,-0.0061971310084508735,57840.134668950705,1068505.681193432,1134446.977449639,0.0,0.0,0.0,12736.561673625713,0.0,50,0.03570320247840554,0,0,False,0,1139082.3775360084
2025-09-15,1122461.0212881714,-0.0034490247306836475,57840.134668950705,1064620.8866192207,1126478.395949923,0.0,0.0,0.0,12736.561673625713,0.0,50,0.03582676989378973,0,0,False,0,1135197.582961797
2025-09-16,1123083.357329785,0.0005544388890219576,57840.134668950705,1065243.2226608342,1122631.8512983557,0.0,0.0,0.0,12736.561673625713,0.0,50,0.03615421993134822,0,0,False,0,1135819.9190034105
2025-09-17,1129516.804902017,0.0057283794032243485,57840.134668950705,1071676.6702330662,1122399.0765628403,0.0,0.0,0.0,12736.561673625713,0.0,50,0.03563750229081474,0,0,False,0,1142253.3665756425
2025-09-18,1114591.1954862382,-0.013214154363177855,57840.134668950705,1056751.0608172875,1128798.0999075638,0.0,0.0,0.0,12736.561673625713,0.0,50,0.03632469722781723,0,0,False,0,1127327.7571598638
2025-09-19,1115942.516969932,0.0012123920314157655,57840.134668950705,1058102.3823009813,1115078.6988409215,0.0,0.0,0.0,12736.561673625713,0.0,50,0.03739919126977171,0,0,False,0,1128679.0786435576
2025-09-22,1109227.827263698,-0.0060170569757178605,57840.134668950705,1051387.6925947473,1117140.4702548878,0.0,0.0,0.0,12736.561673625713,0.0,50,0.03635967898248652,0,0,False,0,1121964.3889373236
2025-09-23,1100599.2983923587,-0.007778860806823218,57840.134668950705,1042759.163723408,1109369.3980821415,0.0,0.0,0.0,12736.561673625713,0.0,50,0.03561697962093691,0,0,False,0,1113335.8600659843
2025-09-24,1118419.6843486587,0.01619152945338964,57840.134668950705,1060579.549679708,1097986.5115411798,0.0,0.0,0.0,12736.561673625713,0.0,50,0.03515410031275306,0,0,False,0,1131156.2460222843
2025-09-25,1115018.1289071923,-0.003041394468524028,57840.134668950705,1057177.9942382416,1117811.122141926,0.0,0.0,0.0,12736.561673625713,0.0,50,0.0350164735248251,0,0,False,0,1127754.6905808179
2025-09-26,1110352.1863733574,-0.004184633785647818,56564.95141102219,1053787.2349623353,1111359.1114408404,654143.4946939901,654504.211247627,1635.899811565431,14372.461485191143,1.1775201125089068,50,0.03672521059761478,0,0,True,0,1124724.6478585487
2025-09-29,1117256.0930316707,0.006217762925169623,56564.95141102219,1060691.1416206486,1110345.9172552105,0.0,0.0,0.0,14372.461485191143,0.0,50,0.03649827298899111,0,0,False,0,1131628.554516862
2025-09-30,1119809.8534299415,0.0022857430934577483,56564.95141102219,1063244.9020189194,1117274.7767231553,0.0,0.0,0.0,14372.461485191143,0.0,50,0.03662401913260264,0,0,False,0,1134182.3149151327
2025-10-09,1137207.8515742454,0.015536564614978543,56564.95141102219,1080642.9001632233,1122582.7064929912,0.0,0.0,0.0,14372.461485191143,0.0,50,0.03647528169023563,0,0,False,0,1151580.3130594366
2025-10-10,1139876.2000275804,0.0023464034737723516,56564.95141102219,1083311.2486165583,1134663.080731176,0.0,0.0,0.0,14372.461485191143,0.0,50,0.03644122197590808,0,0,False,0,1154248.6615127716
2025-10-13,1131607.4584569598,-0.007254069845848643,56564.95141102219,1075042.5070459377,1117462.3927536856,0.0,0.0,0.0,14372.461485191143,0.0,50,0.03613879299207457,0,0,False,0,1145979.919942151
2025-10-14,1131816.2164392008,0.00018447915015129546,56564.95141102219,1075251.2650281787,1134449.0669777286,0.0,0.0,0.0,14372.461485191143,0.0,50,0.036287200875948424,0,0,False,0,1146188.677924392
2025-10-15,1142326.0031623966,0.009285771462314463,56564.95141102219,1085761.0517513745,1133292.4468291744,0.0,0.0,0.0,14372.461485191143,0.0,50,0.036567933435314365,0,0,False,0,1156698.4646475879
2025-10-16,1136981.5493129308,-0.004678571471427917,56564.95141102219,1080416.5979019087,1141141.180285541,0.0,0.0,0.0,14372.461485191143,0.0,50,0.03649034273878362,0,0,False,0,1151354.010798122
2025-10-17,1116955.3078800493,-0.017613514876281933,56564.95141102219,1060390.3564690272,1136144.1903090186,0.0,0.0,0.0,14372.461485191143,0.0,50,0.036728694884830035,0,0,False,0,1131327.7693652406
2025-10-20,1120580.8913161752,0.0032459521079739595,56564.95141102219,1064015.9399051531,1123639.3821407878,0.0,0.0,0.0,14372.461485191143,0.0,50,0.03653213308642779,0,0,False,0,1134953.3528013665
2025-10-21,1132708.8843241145,0.01082295182964832,56564.95141102219,1076143.9329130924,1122307.9992258677,0.0,0.0,0.0,14372.461485191143,0.0,50,0.03631025400570434,0,0,False,0,1147081.3458093058
2025-10-22,1132126.2438803741,-0.0005143779234044743,56564.95141102219,1075561.292469352,1130925.6646120632,0.0,0.0,0.0,14372.461485191143,0.0,50,0.0363289408108381,0,0,False,0,1146498.7053655654
2025-10-23,1139493.6787635467,0.006507608955270472,56564.95141102219,1082928.7273525246,1130787.3411793949,0.0,0.0,0.0,14372.461485191143,0.0,50,0.036257020374419656,0,0,False,0,1153866.140248738
2025-10-24,1139420.9961384158,-6.378501828097072e-05,56564.95141102219,1082856.0447273937,1140951.3326078411,0.0,0.0,0.0,14372.461485191143,0.0,50,0.03625933317664918,0,0,False,0,1153793.457623607
2025-10-27,1141432.9701770563,0.0017657863471527424,56564.95141102219,1084868.0187660342,1141411.1702084406,0.0,0.0,0.0,14372.461485191143,0.0,50,0.036119111815961294,0,0,False,0,1155805.4316622475
2025-10-28,1137981.0364912343,-0.0030242105984431555,56564.95141102219,1081416.0850802122,1141214.8660391385,0.0,0.0,0.0,14372.461485191143,0.0,50,0.0363562407155595,0,0,False,0,1152353.4979764256
2025-10-29,1140698.7747880495,0.0023882105322201586,56564.95141102219,1084133.8233770274,1136651.8548444605,0.0,0.0,0.0,14372.461485191143,0.0,50,0.03619326412675516,0,0,False,0,1155071.2362732408
2025-10-30,1139768.8447936687,-0.0008152283625917356,56564.95141102219,1083203.8933826466,1139626.0975326768,0.0,0.0,0.0,14372.461485191143,0.0,50,0.036393323888430515,0,0,False,0,1154141.30627886
2025-10-31,1136982.7135612506,-0.002444470424985634,56564.95141102219,1080417.7621502285,1138875.6812214798,0.0,0.0,0.0,14372.461485191143,0.0,50,0.037767083028251755,0,0,False,0,1151355.1750464418
2025-11-03,1142899.8517272105,0.005204246375414279,72183.2441804446,1070716.6075467658,1140681.9964829658,682610.4631273041,699961.3083223376,1732.5524256108106,16105.013910801954,1.2120571515220615,49,0.039011314987238116,0,1,True,0,1159004.8656380123
2025-11-04,1134392.7242240421,-0.0074434584012867955,72183.2441804446,1062209.4800435975,1141257.9567936272,0.0,0.0,0.0,16105.013910801954,0.0,49,0.03923563583300699,0,0,False,0,1150497.738134844
2025-11-05,1142102.6486104857,0.006796521364959673,72183.2441804446,1069919.404430041,1127930.4538189406,0.0,0.0,0.0,16105.013910801954,0.0,49,0.038902994908551175,0,0,False,0,1158207.6625212876
2025-11-06,1146154.8200640837,0.0035479923442327532,72183.2441804446,1073971.575883639,1142311.1751052528,0.0,0.0,0.0,16105.013910801954,0.0,49,0.03876545536967886,0,0,False,0,1162259.8339748855
2025-11-07,1149463.381428991,0.0028866618252518794,72183.2441804446,1077280.1372485464,1144140.66899028,0.0,0.0,0.0,16105.013910801954,0.0,49,0.03865387470516938,0,0,False,0,1165568.3953397928
2025-11-10,1158975.417971594,0.0082751975367652,72183.2441804446,1086792.1737911494,1151759.1169885895,0.0,0.0,0.0,16105.013910801954,0.0,49,0.03833663150655843,0,0,False,0,1175080.4318823959
2025-11-11,1160577.1643911845,0.0013820365770946808,72183.2441804446,1088393.9202107398,1159199.9704634144,0.0,0.0,0.0,16105.013910801954,0.0,49,0.03821702562265471,0,0,False,0,1176682.1783019863
2025-11-12,1153202.1756055192,-0.006354587193290184,72183.2441804446,1081018.9314250746,1159974.9949284226,0.0,0.0,0.0,16105.013910801954,0.0,49,0.03839430922853973,0,0,False,0,1169307.189516321
2025-11-13,1164030.7129961918,0.009389973085150327,72183.2441804446,1091847.4688157472,1153527.412580874,0.0,0.0,0.0,16105.013910801954,0.0,49,0.03803714149367804,0,0,False,0,1180135.7269069937
2025-11-14,1159369.3690115144,-0.004004485390835866,72183.2441804446,1087186.1248310697,1160316.390122694,0.0,0.0,0.0,16105.013910801954,0.0,49,0.03812330722138771,0,0,False,0,1175474.3829223162
2025-11-17,1156334.9087115743,-0.0026173369601159013,72183.2441804446,1084151.6645311296,1157949.741485056,0.0,0.0,0.0,16105.013910801954,0.0,49,0.038089468470952265,0,0,False,0,1172439.9226223761
2025-11-18,1141558.6541510066,-0.012778525018354636,72183.2441804446,1069375.409970562,1154229.7528620765,0.0,0.0,0.0,16105.013910801954,0.0,49,0.03831126566022502,0,0,False,0,1157663.6680618085
2025-11-19,1135556.280614174,-0.0052580509245026,72183.2441804446,1063373.0364337293,1140202.208149972,0.0,0.0,0.0,16105.013910801954,0.0,49,0.038172943190237785,0,0,False,0,1151661.2945249758
2025-11-20,1133782.1114641964,-0.0015623788800833704,72183.2441804446,1061598.8672837517,1136277.015183046,0.0,0.0,0.0,16105.013910801954,0.0,49,0.0384374950306057,0,0,False,0,1149887.1253749982
2025-11-21,1104174.869407469,-0.026113696588925595,72183.2441804446,1031991.6252270243,1125497.0798246313,0.0,0.0,0.0,16105.013910801954,0.0,49,0.03904753467745129,0,0,False,0,1120279.8833182708
2025-11-24,1112464.303396902,0.007507356143580335,72183.2441804446,1040281.0592164575,1108149.9781621383,0.0,0.0,0.0,16105.013910801954,0.0,49,0.03854783248884758,0,0,False,0,1128569.317307704
2025-11-25,1117119.0897492627,0.004184211878212496,72183.2441804446,1044935.845568818,1114288.3235437616,0.0,0.0,0.0,16105.013910801954,0.0,49,0.03838721225934058,0,0,False,0,1133224.1036600645
2025-11-26,1110016.7757291184,-0.0063577053559602525,72183.2441804446,1037833.5315486738,1118477.7235223742,0.0,0.0,0.0,16105.013910801954,0.0,49,0.038632828399371155,0,0,False,0,1126121.7896399202
2025-11-27,1107504.0869046294,-0.002263649414522173,72183.2441804446,1035320.8427241847,1107185.9196710086,0.0,0.0,0.0,16105.013910801954,0.0,49,0.03851080030808679,0,0,False,0,1123609.1008154312
2025-11-28,1113238.7091007894,0.005177969331190191,72183.2441804446,1041055.4649203449,1106917.6241459586,0.0,0.0,0.0,16105.013910801954,0.0,49,0.038103822206643684,0,0,False,0,1129343.7230115912
2025-12-01,1120488.5389180598,0.0065123766879489065,59452.72273991158,1061035.8161781481,1115310.2176156875,656512.9563746008,645407.0584781594,1624.6235440918401,17729.637454893793,1.167316495706466,50,0.03992136636044966,0,0,True,0,1138218.1763729537
2025-12-02,1116705.6459455919,-0.003376110367108831,59452.72273991158,1057252.9232056802,1118903.6611888385,0.0,0.0,0.0,17729.637454893793,0.0,50,0.0401597076656252,0,0,False,0,1134435.2834004858
2025-12-03,1114615.2022733542,-0.0018719737648210666,59452.72273991158,1055162.4795334425,1117175.5948969438,0.0,0.0,0.0,17729.637454893793,0.0,50,0.04013172741014046,0,0,False,0,1132344.839728248
2025-12-04,1108860.2517217782,-0.0051631724920297994,59452.72273991158,1049407.5289818665,1114772.1306927595,0.0,0.0,0.0,17729.637454893793,0.0,50,0.0404438451284486,0,0,False,0,1126589.889176672
2025-12-05,1123144.1825723092,0.012881633035679352,59452.72273991158,1063691.4598323975,1108403.2770490213,0.0,0.0,0.0,17729.637454893793,0.0,50,0.039980745481255076,0,0,False,0,1140873.820027203
2025-12-08,1119793.1037665205,-0.0029836586057132575,59452.72273991158,1060340.3810266089,1123983.0489598904,0.0,0.0,0.0,17729.637454893793,0.0,50,0.0398947483263835,0,0,False,0,1137522.7412214144
2025-12-09,1107241.2890032236,-0.011209048101008756,59452.72273991158,1047788.5662633121,1117199.6796507377,0.0,0.0,0.0,17729.637454893793,0.0,50,0.03993105133633647,0,0,False,0,1124970.9264581176
2025-12-10,1114488.4959838158,0.006545282453399359,59452.72273991158,1055035.773243904,1106388.0343055213,0.0,0.0,0.0,17729.637454893793,0.0,50,0.040136289989558045,0,0,False,0,1132218.1334387097
2025-12-11,1102902.1783892128,-0.010396085411698341,59452.72273991158,1043449.4556493012,1114510.0495177277,0.0,0.0,0.0,17729.637454893793,0.0,50,0.040610131845686216,0,0,False,0,1120631.8158441067
2025-12-12,1104852.586053916,0.0017684321446820306,59452.72273991158,1045399.8633140044,1104038.2863992695,0.0,0.0,0.0,17729.637454893793,0.0,50,0.04069476026227929,0,0,False,0,1122582.22350881
2025-12-15,1103236.5246065662,-0.0014626941799735782,59452.72273991158,1043783.8018666545,1101471.1285633247,0.0,0.0,0.0,17729.637454893793,0.0,50,0.040597824562827116,0,0,False,0,1120966.16206146
2025-12-16,1092861.7464783243,-0.009403947292210724,59452.72273991158,1033409.0237384127,1101593.613844011,0.0,0.0,0.0,17729.637454893793,0.0,50,0.04071984032609052,0,0,False,0,1110591.3839332182
2025-12-17,1098785.772390451,0.00542065447090323,59452.72273991158,1039333.0496505394,1092263.9553918524,0.0,0.0,0.0,17729.637454893793,0.0,50,0.0406574831736267,0,0,False,0,1116515.409845345
2025-12-18,1101794.781208324,0.0027384854204353104,59452.72273991158,1042342.0584684124,1095730.8005717047,0.0,0.0,0.0,17729.637454893793,0.0,50,0.04065094847169357,0,0,False,0,1119524.418663218
2025-12-19,1112574.1215439886,0.009783437459962352,59452.72273991158,1053121.398804077,1102748.1338291077,0.0,0.0,0.0,17729.637454893793,0.0,50,0.040360584371546854,0,0,False,0,1130303.7589988825
2025-12-22,1112703.5090054455,0.00011629558781889315,59452.72273991158,1053250.7862655339,1113987.888767443,0.0,0.0,0.0,17729.637454893793,0.0,50,0.040252414515447775,0,0,False,0,1130433.1464603394
2025-12-23,1110165.8068925173,-0.002280663350470169,59452.72273991158,1050713.0841526056,1112444.0888869113,0.0,0.0,0.0,17729.637454893793,0.0,50,0.040396283159953264,0,0,False,0,1127895.4443474112
2025-12-24,1118193.4331301642,0.007231015572455091,59452.72273991158,1058740.7103902525,1109848.6860339423,0.0,0.0,0.0,17729.637454893793,0.0,50,0.040260726984418814,0,0,False,0,1135923.070585058
2025-12-25,1122923.1403646814,0.0042297755418552185,59452.72273991158,1063470.4176247697,1119070.5603809683,0.0,0.0,0.0,17729.637454893793,0.0,50,0.04003988296119859,0,0,False,0,1140652.7778195753
2025-12-26,1126508.4371650121,0.003192824754832735,59452.72273991158,1067055.7144251005,1122289.8192292615,0.0,0.0,0.0,17729.637454893793,0.0,50,0.03991244950439495,0,0,False,0,1144238.074619906
2025-12-29,1126112.5570875737,-0.0003514222036673509,57593.13490605716,1068519.4221815164,1128777.667600621,608167.8189353298,607828.1411321091,1519.9100306334935,19249.547485527288,1.0772679110955596,50,0.03638095857258134,0,0,True,0,1145362.104573101
2025-12-30,1122502.8548141154,-0.003205454242330652,57593.13490605716,1064909.7199080582,1124087.9748630575,0.0,0.0,0.0,19249.547485527288,0.0,50,0.03616914071461583,0,0,False,0,1141752.4022996428
2025-12-31,1122787.9168347488,0.0002539521564786096,57593.13490605716,1065194.7819286915,1122481.7461580383,0.0,0.0,0.0,19249.547485527288,0.0,50,0.03601907486280119,0,0,False,0,1142037.4643202762
2026-01-05,1131588.8315279263,0.007838447992910558,57593.13490605716,1073995.696621869,1125552.5554813952,0.0,0.0,0.0,19249.547485527288,0.0,50,0.03592532004668017,0,0,False,0,1150838.3790134536
2026-01-06,1152410.8974169558,0.018400734709368427,57593.13490605716,1094817.7625108985,1131948.6855722982,0.0,0.0,0.0,19249.547485527288,0.0,50,0.035550734880497724,0,0,False,0,1171660.4449024831
2026-01-07,1148563.9033662276,-0.0033382138778372816,57593.13490605716,1090970.7684601704,1152274.3646939492,0.0,0.0,0.0,19249.547485527288,0.0,50,0.035761622508152804,0,0,False,0,1167813.450851755
2026-01-08,1160740.1521824533,0.010601281113344463,57593.13490605716,1103147.017276396,1147483.3222811634,0.0,0.0,0.0,19249.547485527288,0.0,50,0.03543190600148404,0,0,False,0,1179989.6996679807
2026-01-09,1166243.4511680892,0.004741198084074583,57593.13490605716,1108650.316262032,1162019.1879206193,0.0,0.0,0.0,19249.547485527288,0.0,50,0.03526470903059275,0,0,False,0,1185492.9986536165
2026-01-12,1180322.3885923931,0.012072039856003247,57593.13490605716,1122729.2536863359,1168779.3023844527,0.0,0.0,0.0,19249.547485527288,0.0,50,0.034888741913122585,0,0,False,0,1199571.9360779205
2026-01-13,1172369.7923738132,-0.006737647523626045,57593.13490605716,1114776.657467756,1181458.6961020709,0.0,0.0,0.0,19249.547485527288,0.0,50,0.035170379417532045,0,0,False,0,1191619.3398593406
2026-01-14,1175453.190678268,0.002630056083423593,57593.13490605716,1117860.0557722107,1173532.7854095444,0.0,0.0,0.0,19249.547485527288,0.0,50,0.03440526798705053,0,0,False,0,1194702.7381637953
2026-01-15,1175727.8719656607,0.00023368117894539964,57593.13490605716,1118134.7370596034,1172793.8613710627,0.0,0.0,0.0,19249.547485527288,0.0,50,0.03484211556363156,0,0,False,0,1194977.419451188
2026-01-16,1162364.4669496422,-0.011366069763810827,57593.13490605716,1104771.332043585,1176753.1483032866,0.0,0.0,0.0,19249.547485527288,0.0,50,0.03415761751337336,0,0,False,0,1181614.0144351695
2026-01-19,1173625.7902497465,0.009688289362162816,57593.13490605716,1116032.6553436893,1158660.275515252,0.0,0.0,0.0,19249.547485527288,0.0,50,0.03545746420489503,0,0,False,0,1192875.3377352739
2026-01-20,1190566.0359256135,0.014434111636437486,57593.13490605716,1132972.9010195562,1172658.432470373,0.0,0.0,0.0,19249.547485527288,0.0,50,0.0371673175722154,0,0,False,0,1209815.5834111408
2026-01-21,1186402.2349337137,-0.0034973288891637644,57593.13490605716,1128809.1000276564,1186616.6983476703,0.0,0.0,0.0,19249.547485527288,0.0,50,0.03685333216727934,0,0,False,0,1205651.782419241
2026-01-22,1197375.167823514,0.009248914547445475,57593.13490605716,1139782.0329174567,1185982.5302090826,0.0,0.0,0.0,19249.547485527288,0.0,50,0.036447855536755835,0,0,False,0,1216624.7153090413
2026-01-23,1206472.215640541,0.007597491631267772,57593.13490605716,1148879.0807344837,1198814.2654258446,0.0,0.0,0.0,19249.547485527288,0.0,50,0.03741689940919624,0,0,False,0,1225721.7631260683
2026-01-26,1207616.9076071824,0.0009487926466948959,57593.13490605716,1150023.7727011251,1206117.9216426283,0.0,0.0,0.0,19249.547485527288,0.0,50,0.0369112254872389,0,0,False,0,1226866.4550927097
2026-01-27,1197688.3780869085,-0.008221588698974602,57593.13490605716,1140095.2431808512,1200370.2854422247,0.0,0.0,0.0,19249.547485527288,0.0,50,0.03677697010722302,0,0,False,0,1216937.9255724358
2026-01-28,1198166.3158678021,0.00039905019505748207,60615.7740269341,1137550.541840868,1197532.6263432615,836089.5374803492,841210.0812605973,2097.904659371246,21347.452144898532,1.4006295793899852,50,0.03481147284047514,0,0,True,0,1219513.7680127006
2026-01-29,1203938.1646708313,0.004817235075456727,60615.7740269341,1143322.3906438972,1196724.4275997868,0.0,0.0,0.0,21347.452144898532,0.0,50,0.03468936514638264,0,0,False,0,1225285.6168157298
2026-01-30,1187289.856966804,-0.013828208285580068,60615.7740269341,1126674.08293987,1197020.5593952553,0.0,0.0,0.0,21347.452144898532,0.0,50,0.03553186180907954,0,0,False,0,1208637.3091117025
2026-02-02,1157672.643834405,-0.024945225429671147,60615.7740269341,1097056.869807471,1177518.9420887202,0.0,0.0,0.0,21347.452144898532,0.0,50,0.035668835263136175,0,0,False,0,1179020.0959793036
2026-02-03,1179158.4945375146,0.01855952182816112,60615.7740269341,1118542.7205105806,1167267.8684602482,0.0,0.0,0.0,21347.452144898532,0.0,50,0.035726353751420414,0,0,False,0,1200505.946682413
2026-02-04,1194064.8965443124,0.012641559277952963,60615.7740269341,1133449.1225173783,1179005.3188698764,0.0,0.0,0.0,21347.452144898532,0.0,50,0.035529862513169704,0,0,False,0,1215412.3486892108
2026-02-05,1185327.0579749264,-0.007317725020368426,60615.7740269341,1124711.2839479924,1190043.1023491882,0.0,0.0,0.0,21347.452144898532,0.0,50,0.035389622097909475,0,0,False,0,1206674.510119825
2026-02-06,1181986.4543767853,-0.0028182969212298126,60615.7740269341,1121370.6803498513,1180509.880316289,0.0,0.0,0.0,21347.452144898532,0.0,50,0.03584252241548107,0,0,False,0,1203333.9065216838
2026-02-09,1195396.8899344823,0.011345676177624053,60615.7740269341,1134781.1159075482,1189394.8864067437,0.0,0.0,0.0,21347.452144898532,0.0,50,0.03554011858653642,0,0,False,0,1216744.3420793808
2026-02-10,1197866.5501670702,0.002065975119546426,60615.7740269341,1137250.7761401362,1196237.0929186866,0.0,0.0,0.0,21347.452144898532,0.0,50,0.03541710184669943,0,0,False,0,1219214.0023119687
2026-02-11,1199505.39712275,0.0013681381748669175,60615.7740269341,1138889.623095816,1197277.3986676824,0.0,0.0,0.0,21347.452144898532,0.0,50,0.03536871256084904,0,0,False,0,1220852.8492676485
2026-02-12,1195208.0591336496,-0.003582591624354925,60615.7740269341,1134592.2851067155,1199488.6598066809,0.0,0.0,0.0,21347.452144898532,0.0,50,0.034897634637301334,0,0,False,0,1216555.511278548
2026-02-13,1185139.7534264268,-0.008423893756640877,60615.7740269341,1124523.9793994927,1193431.1944031604,0.0,0.0,0.0,21347.452144898532,0.0,50,0.035093551458809186,0,0,False,0,1206487.2055713253
2026-02-24,1205194.5005787085,0.016921841575476826,60615.7740269341,1144578.7265517744,1194912.6735024878,0.0,0.0,0.0,21347.452144898532,0.0,50,0.03554783972801504,0,0,False,0,1226541.952723607
2026-02-25,1218882.6621998232,0.011357636974398622,60615.7740269341,1158266.8881728891,1207335.550639818,0.0,0.0,0.0,21347.452144898532,0.0,50,0.03500197796720668,0,0,False,0,1240230.1143447217
2026-02-26,1215079.675411793,-0.003120059794079477,60615.7740269341,1154463.9013848589,1219623.6336881341,0.0,0.0,0.0,21347.452144898532,0.0,50,0.03486633579928593,0,0,False,0,1236427.1275566914
2026-02-27,1219926.3721720167,0.003988789260738201,60615.7740269341,1159310.5981450826,1212516.3365017297,0.0,0.0,0.0,21347.452144898532,0.0,50,0.034776657488341814,0,0,False,0,1241273.8243169151
2026-03-02,1208144.2097944655,-0.009658093018002134,60615.7740269341,1147528.4357675314,1213385.2816976837,0.0,0.0,0.0,21347.452144898532,0.0,50,0.03450070919539459,0,0,False,0,1229491.661939364
2026-03-03,1181333.3080362524,-0.022191805862955882,60615.7740269341,1120717.5340093183,1210183.7148412317,0.0,0.0,0.0,21347.452144898532,0.0,50,0.03507543221477198,0,0,False,0,1202680.7601811509
2026-03-04,1172030.5743513005,-0.007874774732641643,60615.7740269341,1111414.8003243664,1175058.4942989617,0.0,0.0,0.0,21347.452144898532,0.0,50,0.0349619483751511,0,0,False,0,1193378.026496199
2026-03-05,1186075.4016766709,0.01198332844955341,340803.23225681955,845272.1694198514,1184278.6627158448,543266.474631526,825235.0519139138,1781.119052502396,23128.57119740093,1.1555570235531614,50,0.036143009010517514,0,0,True,0,1209203.972874072
2026-03-06,1194225.4289194995,0.006871424220844302,340803.23225681955,853422.19666268,1184794.005361961,0.0,0.0,0.0,23128.57119740093,0.0,50,0.03610077108918479,0,0,False,0,1217354.0001169005
2026-03-09,1188517.8490115919,-0.004779315336696288,340803.23225681955,847714.6167547724,1184934.9065898869,0.0,0.0,0.0,23128.57119740093,0.0,50,0.036602781126106,0,0,False,0,1211646.420208993
2026-03-10,1199513.7807363784,0.00925180192618158,340803.23225681955,858710.5484795589,1193189.777320655,0.0,0.0,0.0,23128.57119740093,0.0,50,0.03618583581592852,0,0,False,0,1222642.3519337794
2026-03-11,1206348.766346363,0.005698130125515011,340803.23225681955,865545.5340895433,1200104.8115487339,0.0,0.0,0.0,23128.57119740093,0.0,50,0.03666885949682785,0,0,False,0,1229477.337543764
2026-03-12,1208564.2712779,0.0018365376525788513,340803.23225681955,867761.0390210805,1205165.853288935,0.0,0.0,0.0,23128.57119740093,0.0,50,0.03700563081115116,0,0,False,0,1231692.8424753011
2026-03-13,1206844.4095045754,-0.0014230619042759907,340803.23225681955,866041.1772477558,1205348.2422463605,0.0,0.0,0.0,23128.57119740093,0.0,50,0.03738202102333398,0,0,False,0,1229972.9807019765
2026-03-16,1201492.3182557682,-0.0044347814901876115,340803.23225681955,860689.0859989485,1205686.8256062116,0.0,0.0,0.0,23128.57119740093,0.0,50,0.03681707551950386,0,0,False,0,1224620.8894531692
2026-03-17,1190227.0726298983,-0.009376044652723015,340803.23225681955,849423.8403730788,1202456.199040391,0.0,0.0,0.0,23128.57119740093,0.0,50,0.03667328246918174,0,0,False,0,1213355.6438272994
2026-03-18,1187600.986002651,-0.002206374470582917,340803.23225681955,846797.7537458315,1191192.4888665888,0.0,0.0,0.0,23128.57119740093,0.0,50,0.03646659044199995,0,0,False,0,1210729.557200052
2026-03-19,1171930.2996931535,-0.013195245283724066,340803.23225681955,831127.067436334,1178596.4099220845,0.0,0.0,0.0,23128.57119740093,0.0,50,0.03687088627473525,0,0,False,0,1195058.8708905545
2026-03-20,1160379.8269473296,-0.009855938317191892,340803.23225681955,819576.5946905101,1173816.3406720909,0.0,0.0,0.0,23128.57119740093,0.0,50,0.0372799774512556,0,0,False,0,1183508.3981447306
2026-03-23,1127721.3430407548,-0.028144649836330804,340803.23225681955,786918.1107839352,1149341.5454506616,0.0,0.0,0.0,23128.57119740093,0.0,50,0.03913890938265231,0,0,False,0,1150849.9142381558
2026-03-24,1147380.0479271393,0.017432236259160794,340803.23225681955,806576.8156703197,1138804.3168427716,0.0,0.0,0.0,23128.57119740093,0.0,50,0.038893855049582884,0,0,False,0,1170508.6191245404
2026-03-25,1161045.1988378118,0.011909873224098755,340803.23225681955,820241.9665809923,1149203.7174904298,0.0,0.0,0.0,23128.57119740093,0.0,50,0.039235085738877844,0,0,False,0,1184173.7700352129
2026-03-26,1152122.6088061712,-0.007684963548854062,340803.23225681955,811319.3765493517,1159697.011454598,0.0,0.0,0.0,23128.57119740093,0.0,50,0.03919991476981497,0,0,False,0,1175251.1800035723
2026-03-27,1157666.6198181398,0.004811997412075275,340803.23225681955,816863.3875613203,1144139.3331808783,0.0,0.0,0.0,23128.57119740093,0.0,50,0.03863261017362981,0,0,False,0,1180795.1910155409
2026-03-30,1156360.8152439496,-0.0011279625341493738,340803.23225681955,815557.5829871302,1147989.7582446705,0.0,0.0,0.0,23128.57119740093,0.0,50,0.038634012553445556,0,0,False,0,1179489.3864413507
2026-03-31,1149624.6672525038,-0.005825299424405683,340803.23225681955,808821.4349956843,1154583.7091386267,0.0,0.0,0.0,23128.57119740093,0.0,50,0.03843568226605873,0,0,False,0,1172753.2384499048
2026-04-01,1154835.2198396362,0.004532394559334962,340803.23225681955,814031.9875828166,1160457.5024201735,0.0,0.0,0.0,23128.57119740093,0.0,50,0.03783947516311227,0,0,False,0,1177963.7910370373
2026-04-02,1140948.8653019257,-0.012024533283318872,455322.66196395515,685626.2033379705,1152466.4487448619,534395.1126931581,650424.5743745491,1510.0319742549814,24638.60317165591,1.0280730413957653,50,0.01967304060331455,0,0,True,0,1165587.4684735816
2026-04-03,1130706.7344432417,-0.008976853538456897,455322.66196395515,675384.0724792865,1141907.986430828,0.0,0.0,0.0,24638.60317165591,0.0,50,0.019413842043938825,0,0,False,0,1155345.3376148976
2026-04-07,1132826.1148265847,0.0018743855668168496,455322.66196395515,677503.4528626296,1131594.591325141,0.0,0.0,0.0,24638.60317165591,0.0,50,0.019327471798236663,0,0,False,0,1157464.7179982406
2026-04-08,1158167.441465831,0.022370005694232642,455322.66196395515,702844.7795018756,1145068.823298059,0.0,0.0,0.0,24638.60317165591,0.0,50,0.019260234049361,0,0,False,0,1182806.0446374868
2026-04-09,1149638.0039604818,-0.007364597898343428,455322.66196395515,694315.3419965268,1152714.6411760666,0.0,0.0,0.0,24638.60317165591,0.0,50,0.01921020144956238,0,0,False,0,1174276.6071321378
2026-04-10,1156572.3798571057,0.006031790766080292,455322.66196395515,701249.7178931506,1154611.9302095985,0.0,0.0,0.0,24638.60317165591,0.0,50,0.01914981629374529,0,0,False,0,1181210.9830287616
2026-04-13,1152974.3098780895,-0.003110976919110553,455322.66196395515,697651.6479141344,1152238.9852346377,0.0,0.0,0.0,24638.60317165591,0.0,50,0.019044687772307885,0,0,False,0,1177612.9130497454
2026-04-14,1158947.458000884,0.005180642857017359,455322.66196395515,703624.7960369289,1157671.6011120365,0.0,0.0,0.0,24638.60317165591,0.0,50,0.019028552175225647,0,0,False,0,1183586.0611725398
2026-04-15,1158150.378043254,-0.00068776194479514,455322.66196395515,702827.7160792989,1163177.4502827108,0.0,0.0,0.0,24638.60317165591,0.0,50,0.019220688269557206,0,0,False,0,1182788.9812149098
2026-04-16,1163481.3966791136,0.004603045284038876,455322.66196395515,708158.7347151586,1159291.9527357602,0.0,0.0,0.0,24638.60317165591,0.0,50,0.019081463215735693,0,0,False,0,1188119.9998507695
2026-04-17,1166171.3627552358,0.002311997496307283,455322.66196395515,710848.7007912807,1162074.77295001,0.0,0.0,0.0,24638.60317165591,0.0,50,0.018945578956481055,0,0,False,0,1190809.9659268917
2026-04-20,1170599.291130384,0.0037969791718146517,455322.66196395515,715276.6291664287,1166062.868394928,0.0,0.0,0.0,24638.60317165591,0.0,50,0.018863745958667823,0,0,False,0,1195237.8943020399
2026-04-21,1167231.7472966947,-0.0028767690696596127,455322.66196395515,711909.0853327394,1169956.332192015,0.0,0.0,0.0,24638.60317165591,0.0,50,0.019122138641409252,0,0,False,0,1191870.3504683506
2026-04-22,1174475.5215684087,0.006205943497073818,455322.66196395515,719152.8596044537,1165629.4672039899,0.0,0.0,0.0,24638.60317165591,0.0,50,0.019429893724411854,0,0,False,0,1199114.1247400646
2026-04-23,1166492.8833117401,-0.006796768523543606,455322.66196395515,711170.2213477849,1174872.5177706983,0.0,0.0,0.0,24638.60317165591,0.0,50,0.019501628339132472,0,0,False,0,1191131.486483396
2026-04-24,1158040.0902595427,-0.007246330580431337,455322.66196395515,702717.4282955875,1161613.7058985564,0.0,0.0,0.0,24638.60317165591,0.0,50,0.019633695654618106,0,0,False,0,1182678.6934311986
2026-04-27,1162484.1333209544,0.003837555451483343,455322.66196395515,707161.4713569992,1156387.2581113903,0.0,0.0,0.0,24638.60317165591,0.0,50,0.019558638295603226,0,0,False,0,1187122.7364926103
2026-04-28,1153903.5465696128,-0.007381250638517356,455322.66196395515,698580.8846056575,1158787.928187686,0.0,0.0,0.0,24638.60317165591,0.0,50,0.019539018693619143,0,0,False,0,1178542.1497412687
2026-04-29,1164620.027229734,0.00928715462568741,455322.66196395515,709297.3652657788,1151507.9396838269,0.0,0.0,0.0,24638.60317165591,0.0,50,0.01922634908411514,0,0,False,0,1189258.63040139
2026-04-30,1158912.832268441,-0.0049004781197765634,455322.66196395515,703590.1703044858,1160807.7354771888,0.0,0.0,0.0,24638.60317165591,0.0,50,0.01914641280389186,0,0,False,0,1183551.435440097
2026-05-06,1167398.3914272431,0.00732199948307799,233343.54786587835,934054.8435613648,1162096.0328838127,716870.5893417704,496352.8751457537,1461.3999020604006,26100.00307371631,1.0439958748304436,50,0.039542492262596186,0,0,True,0,1193498.3945009594
2026-05-07,1173312.2314285843,0.005065828465046218,233343.54786587835,939968.683562706,1169952.190058613,0.0,0.0,0.0,26100.00307371631,0.0,50,0.039577372062372586,0,0,False,0,1199412.2345023006
2026-05-08,1178592.0507894685,0.004499926975495283,233343.54786587835,945248.5029235901,1171141.4074464843,0.0,0.0,0.0,26100.00307371631,0.0,50,0.039341790469836005,0,0,False,0,1204692.0538631848
2026-05-11,1186698.2903256074,0.006877901077568804,233343.54786587835,953354.7424597291,1181322.946403895,0.0,0.0,0.0,26100.00307371631,0.0,50,0.03924670789736487,0,0,False,0,1212798.2933993237
2026-05-12,1176517.950728176,-0.008578709247687666,233343.54786587835,943174.4028622976,1189685.8277796526,0.0,0.0,0.0,26100.00307371631,0.0,50,0.0394695335501179,0,0,False,0,1202617.9538018922
2026-05-13,1183365.1574728093,0.005819891435056679,233343.54786587835,950021.609606931,1175592.7379097408,0.0,0.0,0.0,26100.00307371631,0.0,50,0.039183105247577815,0,0,False,0,1209465.1605465256
2026-05-14,1166380.4465125557,-0.014352890866354495,233343.54786587835,933036.8986466774,1184826.6472423058,0.0,0.0,0.0,26100.00307371631,0.0,50,0.03922363641712002,0,0,False,0,1192480.449586272
2026-05-15,1156404.2021134433,-0.00855316498912606,233343.54786587835,923060.654247565,1166594.4848976363,0.0,0.0,0.0,26100.00307371631,0.0,50,0.03914619988060644,0,0,False,0,1182504.2051871596
2026-05-18,1151511.754526034,-0.004230741792937032,233343.54786587835,918168.2066601557,1152310.1900381295,0.0,0.0,0.0,26100.00307371631,0.0,50,0.038775627699569076,0,0,False,0,1177611.7575997503
2026-05-19,1162364.3598662307,0.009424658756230997,233343.54786587835,929020.8120003524,1150804.6132974043,0.0,0.0,0.0,26100.00307371631,0.0,50,0.0389454732110986,0,0,False,0,1188464.362939947
2026-05-20,1149810.5325718194,-0.010800251390928883,233343.54786587835,916466.984705941,1158312.4228408649,0.0,0.0,0.0,26100.00307371631,0.0,50,0.038773255771449924,0,0,False,0,1175910.5356455357
2026-05-21,1131971.5119307525,-0.015514747983013999,233343.54786587835,898627.9640648741,1157251.5140940102,0.0,0.0,0.0,26100.00307371631,0.0,50,0.03895950108634141,0,0,False,0,1158071.5150044688
2026-05-22,1145260.9390856265,0.01174007209086625,233343.54786587835,911917.3912197481,1136335.3130103885,0.0,0.0,0.0,26100.00307371631,0.0,50,0.038207519151436414,0,0,False,0,1171360.9421593428
2026-05-25,1147879.652153661,0.0022865645536862544,233343.54786587835,914536.1042877827,1146904.38442995,0.0,0.0,0.0,26100.00307371631,0.0,50,0.03800066735875652,0,0,False,0,1173979.6552273773
2026-05-26,1151493.8924638582,0.0031486230315314057,233343.54786587835,918150.3445979799,1145686.8608614889,0.0,0.0,0.0,26100.00307371631,0.0,50,0.03782173739465013,0,0,False,0,1177593.8955375745
2026-05-27,1134924.1956112215,-0.014389739243151789,233343.54786587835,901580.647745343,1148312.6559284695,0.0,0.0,0.0,26100.00307371631,0.0,50,0.03788971461018782,0,0,False,0,1161024.1986849378
2026-05-28,1135741.1381773732,0.0007198212614647481,233343.54786587835,902397.5903114949,1130340.648460639,0.0,0.0,0.0,26100.00307371631,0.0,50,0.037681010915383416,0,0,False,0,1161841.1412510895
2026-05-29,1113676.8064364616,-0.019427254150818363,233343.54786587835,880333.2585705833,1137721.500608129,0.0,0.0,0.0,26100.00307371631,0.0,50,0.039476137655518474,0,0,False,0,1139776.809510178
2026-06-01,1123638.5899341062,0.008944950132812934,233343.54786587835,890295.0420682279,1112155.5608613358,0.0,0.0,0.0,26100.00307371631,0.0,50,0.039676367710660985,0,0,False,0,1149738.5930078225
2026-06-02,1120979.6957091147,-0.002366325123407731,233343.54786587835,887636.1478432362,1123404.6519601545,0.0,0.0,0.0,26100.00307371631,0.0,50,0.03946407945851517,0,0,False,0,1147079.698782831
2026-06-03,1116090.5849726647,-0.004361462348662082,57154.388611816976,1058936.1963608477,1121688.0170726874,739712.2161509495,565110.4347651867,1587.377868298729,27687.38094201504,1.1632669967549287,50,0.03553256008591549,0,0,True,0,1143777.9659146797
2026-06-04,1102543.8176542115,-0.012137695184289199,57154.388611816976,1045389.4290423945,1110717.3561519494,0.0,0.0,0.0,27687.38094201504,0.0,50,0.03577882965083947,0,0,False,0,1130231.1985962265
2026-06-05,1108773.966561731,0.00565070413326052,57154.388611816976,1051619.577949914,1101705.3101972311,0.0,0.0,0.0,27687.38094201504,0.0,50,0.035703952461531116,0,0,False,0,1136461.347503746
2026-06-08,1078540.5788926173,-0.027267403980331895,57154.388611816976,1021386.1902808002,1093200.1461921025,0.0,0.0,0.0,27687.38094201504,0.0,50,0.036121151807262115,0,0,False,0,1106227.9598346322
2026-06-09,1086877.9144839167,0.0077302011203508325,57154.388611816976,1029723.5258720997,1083975.558506499,0.0,0.0,0.0,27687.38094201504,0.0,50,0.03610147798029193,0,0,False,0,1114565.2954259317
2026-06-10,1078737.3695768046,-0.007489842970061167,57154.388611816976,1021582.9809649877,1079723.6947443879,0.0,0.0,0.0,27687.38094201504,0.0,50,0.03663326341335882,0,0,False,0,1106424.7505188196
2026-06-11,1065624.5587636535,-0.012155702753020692,57154.388611816976,1008470.1701518366,1074955.1019773236,0.0,0.0,0.0,27687.38094201504,0.0,50,0.03747785893254518,0,0,False,0,1093311.9397056685
2026-06-12,1086017.4809479702,0.01913706100014889,57154.388611816976,1028863.0923361531,1074036.6814910192,0.0,0.0,0.0,27687.38094201504,0.0,50,0.03709612551441666,0,0,False,0,1113704.8618899852
2026-06-15,1100313.1105881496,0.0131633513188949,57154.388611816976,1043158.7219763326,1090901.5331514042,0.0,0.0,0.0,27687.38094201504,0.0,50,0.0366141604570738,0,0,False,0,1128000.4915301646
2026-06-16,1095124.411526001,-0.004715656854597516,57154.388611816976,1037970.0229141841,1099976.0900931745,0.0,0.0,0.0,27687.38094201504,0.0,50,0.03653216862531101,0,0,False,0,1122811.792468016
2026-06-17,1093378.9776283856,-0.0015938224728122563,57154.388611816976,1036224.5890165687,1091350.8546360729,0.0,0.0,0.0,27687.38094201504,0.0,50,0.03665445674984279,0,0,False,0,1121066.3585704006
2026-06-18,1078967.5609333322,-0.013180623544009284,57154.388611816976,1021813.1723215153,1090252.011915467,0.0,0.0,0.0,27687.38094201504,0.0,50,0.03630132891480361,0,0,False,0,1106654.9418753472
2026-06-22,1094446.9504440404,0.014346482759238999,57154.388611816976,1037292.5618322234,1077330.3397528552,0.0,0.0,0.0,27687.38094201504,0.0,50,0.036235247177376535,0,0,False,0,1122134.3313860553
2026-06-23,1078637.7050069745,-0.014444962755528423,57154.388611816976,1021483.3163951576,1092060.9920423005,0.0,0.0,0.0,27687.38094201504,0.0,50,0.03521008851831477,0,0,False,0,1106325.0859489895
2026-06-24,1068775.1526549226,-0.009143526418806336,57154.388611816976,1011620.7640431056,1077247.9054212729,0.0,0.0,0.0,27687.38094201504,0.0,50,0.034422489834032524,0,0,False,0,1096462.5335969375
2026-06-25,1062367.3324963716,-0.005995480099470374,57154.388611816976,1005212.9438845547,1066405.0390117234,0.0,0.0,0.0,27687.38094201504,0.0,50,0.03495929758641564,0,0,False,0,1090054.7134383866
2026-06-26,1035920.7381165577,-0.0248940207128443,57154.388611816976,978766.3495047408,1059877.6163552718,0.0,0.0,0.0,27687.38094201504,0.0,50,0.035244135354387036,0,0,False,0,1063608.1190585727
2026-06-29,1038815.4563636254,0.002794343370642993,57154.388611816976,981661.0677518084,1033932.185024342,0.0,0.0,0.0,27687.38094201504,0.0,50,0.03554990172621273,0,0,False,0,1066502.8373056403
2026-06-30,1046838.1387684618,0.007722913974460788,57154.388611816976,989683.7501566447,1036656.8969873653,0.0,0.0,0.0,27687.38094201504,0.0,50,0.034742950037258566,0,0,False,0,1074525.5197104767
2026-07-01,1064663.632659705,0.01702793701442107,57154.388611816976,1007509.244047888,1048488.8982797558,0.0,0.0,0.0,27687.38094201504,0.0,50,0.03488389626876458,0,0,False,0,1092351.0136017199
2026-07-02,1066153.6947944765,0.0013995614098785136,53865.55811618231,1012288.1366782943,1058295.2285472567,623594.0747673231,621861.6307926446,1556.3865209562905,29243.76746297133,1.1768509126414846,50,0.03690546829788364,0,0,True,0,1095397.462257448
2026-07-03,1086860.2263083744,0.019421713412426378,53865.55811618231,1032994.6681921921,1074136.5010037315,0.0,0.0,0.0,29243.76746297133,0.0,50,0.03652850386084725,0,0,False,0,1116103.9937713458
2026-07-06,1087640.2577315774,0.0007176924910137217,53865.55811618231,1033774.699615395,1085871.8050305566,0.0,0.0,0.0,29243.76746297133,0.0,50,0.036909698242489304,0,0,False,0,1116884.0251945488
2026-07-07,1062383.9998791248,-0.023221150258935785,53865.55811618231,1008518.4417629425,1085471.8726358926,0.0,0.0,0.0,29243.76746297133,0.0,50,0.03737008273602002,0,0,False,0,1091627.7673420962
2026-07-08,1061085.889069516,-0.0012218847514237074,53865.55811618231,1007220.3309533338,1060795.2232947838,0.0,0.0,0.0,29243.76746297133,0.0,50,0.03816745723926999,0,0,False,0,1090329.6565324874
2026-07-09,1058027.5733213576,-0.002882250890020144,53865.55811618231,1004162.0152051754,1059322.1799704977,0.0,0.0,0.0,29243.76746297133,0.0,50,0.03819402458877518,0,0,False,0,1087271.340784329
2026-07-10,1074548.5996707496,0.015614929861921478,53865.55811618231,1020683.0415545673,1057982.9887338153,0.0,0.0,0.0,29243.76746297133,0.0,50,0.03785421022863352,0,0,False,0,1103792.367133721
2026-07-13,1053726.544603122,-0.019377490300585554,53865.55811618231,999860.9864869397,1068545.7441573064,0.0,0.0,0.0,29243.76746297133,0.0,50,0.03902272799304747,0,0,False,0,1082970.3120660933
2026-07-14,1073592.6288581465,0.01885316864870945,53865.55811618231,1019727.0707419643,1051497.3902612368,0.0,0.0,0.0,29243.76746297133,0.0,50,0.03871336198497145,0,0,False,0,1102836.3963211179
2026-07-15,1089286.73813215,0.014618309451970957,53865.55811618231,1035421.1800159676,1071837.3970464836,0.0,0.0,0.0,29243.76746297133,0.0,50,0.03839965735641801,0,0,False,0,1118530.5055951213
2026-07-16,1098109.0536263532,0.008099167267317853,53865.55811618231,1044243.4955101709,1085779.4257742327,0.0,0.0,0.0,29243.76746297133,0.0,50,0.038262790752009876,0,0,False,0,1127352.8210893245
2026-07-17,1078680.6089820198,-0.01769263679246935,53865.55811618231,1024815.0508658375,1094354.7764830133,0.0,0.0,0.0,29243.76746297133,0.0,50,0.03947479853161955,0,0,False,0,1107924.3764449912
2026-07-20,1098978.4535130358,0.018817288789655384,53865.55811618231,1045112.8953968536,1080183.335808757,0.0,0.0,0.0,29243.76746297133,0.0,50,0.03977208573587908,0,0,False,0,1128222.2209760072
2026-07-21,1098073.098047392,-0.000823815483142254,53865.55811618231,1044207.5399312098,1097449.0259493862,0.0,0.0,0.0,29243.76746297133,0.0,50,0.03963367383573357,0,0,False,0,1127316.8655103634
2026-07-22,1102724.157097586,0.004235655220462542,53865.55811618231,1048858.5989814037,1096482.2513846508,0.0,0.0,0.0,29243.76746297133,0.0,50,0.04006319317376264,0,0,False,0,1131967.9245605574
2026-07-23,1121066.2248870148,0.016633414323402373,53865.55811618231,1067200.6667708326,1100154.007793385,0.0,0.0,0.0,29243.76746297133,0.0,50,0.03940770843187935,0,0,False,0,1150309.9923499862
2026-07-24,1091810.3487134818,-0.026096474520478474,53865.55811618231,1037944.7905972995,1110071.143170437,0.0,0.0,0.0,29243.76746297133,0.0,50,0.04046366749979281,0,0,False,0,1121054.1161764532
2026-07-27,1105075.3380013807,0.012149536138331696,53865.55811618231,1051209.7798851985,1092165.570633713,0.0,0.0,0.0,29243.76746297133,0.0,50,0.039382537569352075,0,0,False,0,1134319.105464352
2026-07-28,1109555.3879714988,0.004054067461337629,53865.55811618231,1055689.8298553166,1096501.0395670757,0.0,0.0,0.0,29243.76746297133,0.0,50,0.03930823879389637,0,0,False,0,1138799.1554344702
2026-07-29,1134937.4129707613,0.022875852142601127,53865.55811618231,1081071.854854579,1109895.530343271,0.0,0.0,0.0,29243.76746297133,0.0,50,0.038429139481157996,0,0,False,0,1164181.1804337327
2026-07-30,1136384.2286182833,0.0012747977386127207,325981.6696205483,810402.558997735,1134311.592831262,694788.1961504685,969052.6748632801,2148.3672084453897,31392.13467141672,1.4668287633918757,50,0.027841829998914366,0,0,True,0,1167776.3632897001
2026-07-31,1148493.5244820272,0.01065598726098771,325981.6696205483,822511.8548614789,1139993.447158329,0.0,0.0,0.0,31392.13467141672,0.0,50,0.027712645109618184,0,0,False,0,1179885.659153444
2026-08-03,1158624.0659442907,0.008820721446237467,325981.6696205483,832642.3963237423,1148658.3539981805,0.0,0.0,0.0,31392.13467141672,0.0,50,0.027388870914491607,0,0,False,0,1190016.2006157076
2026-08-04,1161036.3826012968,0.0020820529522145304,325981.6696205483,835054.7129807485,1160859.5117302188,0.0,0.0,0.0,31392.13467141672,0.0,50,0.027039296050042353,0,0,False,0,1192428.5172727136
2026-08-05,1164208.6641052978,0.0027322843207493452,325981.6696205483,838226.9944847495,1160667.647102672,0.0,0.0,0.0,31392.13467141672,0.0,50,0.02668996256449979,0,0,False,0,1195600.7987767146
2026-08-06,1164115.1533726286,-8.032128221702184e-05,325981.6696205483,838133.4837520802,1160346.708618528,0.0,0.0,0.0,31392.13467141672,0.0,50,0.02664345746892313,0,0,False,0,1195507.2880440454
2026-08-07,1166884.4839953573,0.002378914675842392,325981.6696205483,840902.814374809,1163444.9563785605,0.0,0.0,0.0,31392.13467141672,0.0,50,0.027017027623580363,0,0,False,0,1198276.6186667741
2026-08-10,1176123.4523991083,0.007917637547220746,325981.6696205483,850141.78277856,1167801.6910885028,0.0,0.0,0.0,31392.13467141672,0.0,50,0.026836898510028455,0,0,False,0,1207515.5870705252
2026-08-11,1168332.8840195609,-0.006623937617820541,325981.6696205483,842351.2143990125,1173508.1603414775,0.0,0.0,0.0,31392.13467141672,0.0,50,0.026967376399162874,0,0,False,0,1199725.0186909777
2026-08-12,1175720.3905515024,0.006323117865625116,325981.6696205483,849738.720930954,1168853.579371937,0.0,0.0,0.0,31392.13467141672,0.0,50,0.02658919830045647,0,0,False,0,1207112.5252229192
2026-08-13,1167479.4326862327,-0.0070092837816685405,325981.6696205483,841497.7630656844,1179542.033931941,0.0,0.0,0.0,31392.13467141672,0.0,50,0.02713261665198069,0,0,False,0,1198871.5673576496
2026-08-14,1168903.5454502613,0.0012198182890057474,325981.6696205483,842921.875829713,1169666.1258676974,0.0,0.0,0.0,31392.13467141672,0.0,50,0.026792711696861572,0,0,False,0,1200295.6801216782
2026-08-17,1175353.4396298395,0.005517901117404689,325981.6696205483,849371.7700092912,1168580.610967604,0.0,0.0,0.0,31392.13467141672,0.0,50,0.026452947946264932,0,0,False,0,1206745.5743012563
2026-08-18,1169722.4270044581,-0.004790910066298615,325981.6696205483,843740.7573839098,1173095.8865381584,0.0,0.0,0.0,31392.13467141672,0.0,50,0.026515737290975568,0,0,False,0,1201114.561675875
2026-08-19,1147032.564541502,-0.019397646774254595,325981.6696205483,821050.8949209535,1163156.8702372564,0.0,0.0,0.0,31392.13467141672,0.0,50,0.026941507472507887,0,0,False,0,1178424.6992129188
2026-08-20,1159534.767532172,0.010899605972100268,325981.6696205483,833553.0979116235,1153034.4852666021,0.0,0.0,0.0,31392.13467141672,0.0,50,0.02712315356044574,0,0,False,0,1190926.9022035887
2026-08-21,1155406.3553374792,-0.003560403974327775,325981.6696205483,829424.6857169308,1154938.9563885753,0.0,0.0,0.0,31392.13467141672,0.0,50,0.02645215491594974,0,0,False,0,1186798.490008896
2026-08-24,1145794.6781595012,-0.008318871653748672,325981.6696205483,819813.0085389528,1154192.3805297501,0.0,0.0,0.0,31392.13467141672,0.0,50,0.026674052938833192,0,0,False,0,1177186.812830918
2026-08-25,1158559.7559561352,0.01114080737147316,325981.6696205483,832578.0863355868,1142703.4077937913,0.0,0.0,0.0,31392.13467141672,0.0,50,0.026673450592370467,0,0,False,0,1189951.890627552
2026-08-26,1165707.3992383727,0.0061694213401524145,325981.6696205483,839725.7296178243,1157626.887635441,0.0,0.0,0.0,31392.13467141672,0.0,50,0.026590870833581824,0,0,False,0,1197099.5339097895
2026-08-27,1166065.644194113,0.00030731979223475037,335070.0810940346,830995.5631000784,1164358.5089949926,694228.5470552419,705068.7902611754,1751.8317324470047,33143.96640386373,1.201775335093493,50,0.02924257766756271,0,0,True,0,1199209.6105979767
2026-08-28,1172104.7072491813,0.0051790077901163745,335070.0810940346,837034.6261551466,1166396.3697042093,0.0,0.0,0.0,33143.96640386373,0.0,50,0.02915460851963438,0,0,False,0,1205248.673653045
2026-08-31,1170376.892296454,-0.0014741131419755416,335070.0810940346,835306.8112024195,1168116.5076995813,0.0,0.0,0.0,33143.96640386373,0.0,50,0.028946486584564585,0,0,False,0,1203520.8587003176
2026-09-01,1176698.5201197462,0.0054013607624192606,335070.0810940346,841628.4390257115,1169632.9233106049,0.0,0.0,0.0,33143.96640386373,0.0,50,0.028978336067213586,0,0,False,0,1209842.4865236098
2026-09-02,1167596.1908220248,-0.007735481214674378,335070.0810940346,832526.1097279901,1173692.8974689203,0.0,0.0,0.0,33143.96640386373,0.0,50,0.02901542440618301,0,0,False,0,1200740.1572258885
2026-09-03,1168999.8654164113,0.001202191824039911,335070.0810940346,833929.7843223766,1168930.5230001193,0.0,0.0,0.0,33143.96640386373,0.0,50,0.028980584184820114,0,0,False,0,1202143.831820275
2026-09-04,1169869.9357271614,0.0007442860657986827,335070.0810940346,834799.8546331266,1171542.6183021502,0.0,0.0,0.0,33143.96640386373,0.0,50,0.029084666088650266,0,0,False,0,1203013.902131025
2026-09-07,1169332.1055585938,-0.0004597350116817278,335070.0810940346,834262.024464559,1170604.6479668543,0.0,0.0,0.0,33143.96640386373,0.0,50,0.029098043478008543,0,0,False,0,1202476.0719624574
2026-09-08,1177545.609686945,0.007024098704984771,335070.0810940346,842475.5285929106,1169915.3602656634,0.0,0.0,0.0,33143.96640386373,0.0,50,0.02908230672357784,0,0,False,0,1210689.5760908087
2026-09-09,1179556.5096930964,0.001707704559049672,335070.0810940346,844486.4285990618,1177122.5379096242,0.0,0.0,0.0,33143.96640386373,0.0,50,0.02915733138287562,0,0,False,0,1212700.47609696
2026-09-10,1171348.0320308048,-0.00695895244936362,335070.0810940346,836277.9509367702,1177528.9009663798,0.0,0.0,0.0,33143.96640386373,0.0,50,0.029298919178104316,0,0,False,0,1204491.9984346684
2026-09-11,1160756.3649093471,-0.009042288740686688,335070.0810940346,825686.2838153124,1166939.0800586622,0.0,0.0,0.0,33143.96640386373,0.0,50,0.029123088458219325,0,0,False,0,1193900.3313132108
2026-09-14,1162550.5874429399,0.0015457356839330139,335070.0810940346,827480.5063489053,1157487.5742827943,0.0,0.0,0.0,33143.96640386373,0.0,50,0.02895171463608802,0,0,False,0,1195694.5538468035
2026-09-15,1154628.2903104117,-0.006814582709861683,335070.0810940346,819558.209216377,1161095.6773383608,0.0,0.0,0.0,33143.96640386373,0.0,50,0.02883212679514387,0,0,False,0,1187772.2567142753
2026-09-16,1155370.6693967488,0.0006429593771146713,335070.0810940346,820300.5883027142,1153225.5371301684,0.0,0.0,0.0,33143.96640386373,0.0,50,0.02881360082030801,0,0,False,0,1188514.6358006124
2026-09-17,1151273.8225325877,-0.0035459155859479674,335070.0810940346,816203.7414385531,1152252.7930069566,0.0,0.0,0.0,33143.96640386373,0.0,50,0.02955446026986523,0,0,False,0,1184417.7889364513
2026-09-18,1156332.3896590408,0.004393887038380839,335070.0810940346,821262.3085650062,1154408.947825647,0.0,0.0,0.0,33143.96640386373,0.0,50,0.02929806283618254,0,0,False,0,1189476.3560629045
