date,nav,return,cash,market_value,opening_nav,buy_notional,sell_notional,cost,commission,stamp_tax,slippage_cost,cumulative_cost,turnover,holdings_count,max_weight,stale_holdings,blocked_orders,rebalance,written_down_holdings,gross_attribution_nav
2025-01-02,984671.3380000803,-0.015328661999919668,368055.3379999999,616616.0000000804,1000000.0,631154.0,0.0,790.6620000000003,475.085,0.0,315.577,790.6620000000003,0.631154,95,0.016756860246898903,0,1,True,0,985462.0000000803
2025-01-03,970885.3380001053,-0.01400061062808533,368055.3379999999,602830.0000001055,986302.3379999878,0.0,0.0,0.0,0.0,0.0,0.0,790.6620000000003,0.0,95,0.01720079534252577,0,0,False,0,971676.0000001054
2025-01-06,973136.3380002005,0.0023185024142313715,368055.3379999999,605081.0000002006,970016.3380001123,0.0,0.0,0.0,0.0,0.0,0.0,790.6620000000003,0.0,95,0.017006866719211606,0,0,False,0,973927.0000002005
2025-01-07,977921.0333249469,0.00491677798670942,368055.3379999999,609865.695324947,973903.9002742314,0.0,0.0,0.0,0.0,0.0,0.0,790.6620000000003,0.0,95,0.016770270237710824,0,0,False,0,978711.6953249469
2025-01-08,974715.0190699421,-0.003278397892828133,368055.3379999999,606659.6810699422,976753.7390047332,0.0,0.0,0.0,0.0,0.0,0.0,790.6620000000003,0.0,95,0.016876727739040965,0,0,False,0,975505.6810699421
2025-01-09,972946.9331191548,-0.0018139516845389059,368055.3379999999,604891.5951191549,972296.6161710272,0.0,0.0,0.0,0.0,0.0,0.0,790.6620000000003,0.0,95,0.016470579694027744,0,0,False,0,973737.5951191548
2025-01-10,959301.8752263075,-0.014024462618020483,368055.3379999999,591246.5372263077,972736.5265910736,0.0,0.0,0.0,0.0,0.0,0.0,790.6620000000003,0.0,95,0.016527644122782466,0,0,False,0,960092.5372263076
2025-01-13,960389.9863716381,0.0011342739688420256,368055.3379999999,592334.6483716383,954495.4473475137,0.0,0.0,0.0,0.0,0.0,0.0,790.6620000000003,0.0,95,0.01625902000398208,0,0,False,0,961180.6483716381
2025-01-14,978747.5639704658,0.01911471158522038,368055.3379999999,610692.2259704659,962545.2084420456,0.0,0.0,0.0,0.0,0.0,0.0,790.6620000000003,0.0,95,0.016066451226922733,0,0,False,0,979538.2259704658
2025-01-15,976961.7427325113,-0.001824598398702526,368055.3379999999,608906.4047325114,979606.5270706207,0.0,0.0,0.0,0.0,0.0,0.0,790.6620000000003,0.0,95,0.016274946402220068,0,0,False,0,977752.4047325113
2025-01-16,981431.1320155336,0.004574784341628169,368055.3379999999,613375.7940155338,979723.1984597162,0.0,0.0,0.0,0.0,0.0,0.0,790.6620000000003,0.0,95,0.01620083109381074,0,0,False,0,982221.7940155336
2025-01-17,983290.6567879113,0.001894707342897206,368055.3379999999,615235.3187879114,980095.0947352223,0.0,0.0,0.0,0.0,0.0,0.0,790.6620000000003,0.0,95,0.01614476847756252,0,0,False,0,984081.3187879113
2025-01-20,987798.2454848225,0.004584187458503974,368055.3379999999,619742.9074848227,986641.0072401359,0.0,0.0,0.0,0.0,0.0,0.0,790.6620000000003,0.0,95,0.01604578675093939,0,0,False,0,988588.9074848226
2025-01-21,984371.3685561895,-0.0034692073450192096,368055.3379999999,616316.0305561896,990667.5224059778,0.0,0.0,0.0,0.0,0.0,0.0,790.6620000000003,0.0,95,0.015969582722719027,0,0,False,0,985162.0305561895
2025-01-22,978504.5058052129,-0.0059600095435340394,368055.3379999999,610449.167805213,982161.6754937758,0.0,0.0,0.0,0.0,0.0,0.0,790.6620000000003,0.0,95,0.016019343709720763,0,0,False,0,979295.1678052129
2025-01-23,980107.5422337458,0.0016382514531332326,368055.3379999999,612052.2042337459,983524.7418641312,0.0,0.0,0.0,0.0,0.0,0.0,790.6620000000003,0.0,95,0.016197202159888277,0,0,False,0,980898.2042337458
2025-01-24,985200.0287829401,0.005195844669849237,368055.3379999999,617144.6907829402,979240.198961468,0.0,0.0,0.0,0.0,0.0,0.0,790.6620000000003,0.0,95,0.0163164834859514,0,0,False,0,985990.6907829401
2025-01-27,987538.4171159825,0.002373516306055201,368055.3379999999,619483.0791159826,987277.7013860303,0.0,0.0,0.0,0.0,0.0,0.0,790.6620000000003,0.0,95,0.01683478810732927,0,0,False,0,988329.0791159825
2025-02-05,988163.0468870664,0.0006325118701793198,368055.3379999999,620107.7088870666,991714.8077128909,0.0,0.0,0.0,0.0,0.0,0.0,790.6620000000003,0.0,95,0.01641935513690352,0,0,False,0,988953.7088870665
2025-02-06,995683.9158611462,0.007610959545362617,368055.3379999999,627628.5778611463,987821.2837017624,0.0,0.0,0.0,0.0,0.0,0.0,790.6620000000003,0.0,95,0.016420873873274566,1,0,False,0,996474.5778611462
2025-02-07,1003720.8113434754,0.008071733764402733,120793.72174628839,882927.089597187,996085.6405487042,510163.0,264070.53578207066,1169.15203578207,650.0,132.03526789103532,387.1167678910354,1959.8140357820703,0.777276073727532,98,0.023719743310039988,1,12,True,0,1005680.6253792575
2025-02-10,1010381.5377117913,0.006636034934256907,120793.72174628839,889587.815965503,1004839.8113434183,0.0,0.0,0.0,0.0,0.0,0.0,1959.8140357820703,0.0,98,0.02381674555783063,0,0,False,0,1012341.3517475735
2025-02-11,1009270.1341738902,-0.001099984012394084,120793.72174628839,888476.4124276019,1011554.860542499,0.0,0.0,0.0,0.0,0.0,0.0,1959.8140357820703,0.0,98,0.02381126636593679,0,0,False,0,1011229.9482096724
2025-02-12,1013517.9412501598,0.004208791018815328,120793.72174628839,892724.2195038714,1008441.0534661842,0.0,0.0,0.0,0.0,0.0,0.0,1959.8140357820703,0.0,98,0.023743042940442466,0,0,False,0,1015477.7552859419
2025-02-13,1012100.8920511146,-0.001398149101630386,120793.72174628839,891307.1703048262,1014536.8605424782,0.0,0.0,0.0,0.0,0.0,0.0,1959.8140357820703,0.0,98,0.023554963924284286,0,0,False,0,1014060.7060868967
2025-02-14,1015536.48851295,0.0033945197448377318,120793.72174628839,894742.7667666617,1011252.9727586905,0.0,0.0,0.0,0.0,0.0,0.0,1959.8140357820703,0.0,98,0.02353829751110405,0,0,False,0,1017496.3025487321
2025-02-17,1014654.7798348647,-0.0008682195943313653,120793.72174628839,893861.0580885763,1016226.8113434134,0.0,0.0,0.0,0.0,0.0,0.0,1959.8140357820703,0.0,98,0.02362182732130852,1,0,False,0,1016614.5938706468
2025-02-18,1004386.3270975916,-0.010120144251372087,120793.72174628839,883592.6053513032,1014325.6991274311,0.0,0.0,0.0,0.0,0.0,0.0,1959.8140357820703,0.0,98,0.023512864883631916,1,0,False,0,1006346.1411333737
2025-02-19,1012517.9412502674,0.008096102001083683,120793.72174628839,891724.2195039791,1004181.0042670803,0.0,0.0,0.0,0.0,0.0,0.0,1959.8140357820703,0.0,98,0.02364007493087523,1,0,False,0,1014477.7552860496
2025-02-20,1011861.0219578346,-0.0006487976811765384,120793.72174628839,891067.3002115462,1012310.699127332,0.0,0.0,0.0,0.0,0.0,0.0,1959.8140357820703,0.0,98,0.023718672306967985,1,0,False,0,1013820.8359936167
2025-02-21,1015667.4570043645,0.0037618160635981557,120793.72174628839,894873.7352580761,1013097.425496057,0.0,0.0,0.0,0.0,0.0,0.0,1959.8140357820703,0.0,98,0.02381881966698375,1,0,False,0,1017627.2710401466
2025-02-24,1018491.1833731399,0.0027801682029902075,120793.72174628839,897697.4616268516,1016598.4570042772,0.0,0.0,0.0,0.0,0.0,0.0,1959.8140357820703,0.0,98,0.0241298112357873,1,0,False,0,1020450.9974089221
2025-02-25,1012183.295589097,-0.006193365133659645,120793.72174628839,891389.5738428086,1014199.6184194895,0.0,0.0,0.0,0.0,0.0,0.0,1959.8140357820703,0.0,98,0.024122113165074132,1,0,False,0,1014143.1096248791
2025-02-26,1023684.2640804596,0.011362535364376924,120793.72174628839,902890.5423341712,1013366.2955892173,0.0,0.0,0.0,0.0,0.0,0.0,1959.8140357820703,0.0,98,0.02422621981226701,1,0,False,0,1025644.0781162417
2025-02-27,1027269.2640807583,0.0035020563723513476,120793.72174628839,906475.54233447,1024694.6676189277,0.0,0.0,0.0,0.0,0.0,0.0,1959.8140357820703,0.0,98,0.02414167430791774,1,0,False,0,1029229.0781165404
2025-02-28,1015476.5692206734,-0.01147965316633659,120793.72174628839,894682.847474385,1026073.9412502443,0.0,0.0,0.0,0.0,0.0,0.0,1959.8140357820703,0.0,98,0.02423295696407215,0,0,False,0,1017436.3832564555
2025-03-03,1018935.2955890702,0.0034060129728559208,120793.72174628839,898141.5738427818,1017547.5692208492,0.0,0.0,0.0,0.0,0.0,0.0,1959.8140357820703,0.0,98,0.02430772602255128,0,0,False,0,1020895.1096248523
2025-03-04,1022049.0219580142,0.003055862705338752,120793.72174628839,901255.3002117259,1015844.1341740632,0.0,0.0,0.0,0.0,0.0,0.0,1959.8140357820703,0.0,98,0.024578077431128567,0,0,False,0,1024008.8359937964
2025-03-05,1024798.4570042954,0.0026901205198688327,120793.72174628839,904004.7352580071,1022608.0219579986,0.0,0.0,0.0,0.0,0.0,0.0,1959.8140357820703,0.0,98,0.024199880308629365,0,0,False,0,1026758.2710400776
2025-03-06,1033303.9904492659,0.008299713360063077,120793.72174628839,912510.2687029776,1027475.7798349353,0.0,0.0,0.0,0.0,0.0,0.0,1959.8140357820703,0.0,98,0.024124556016890203,0,0,False,0,1035263.804485048
2025-03-07,1031522.8513807988,-0.001723731917160909,144656.30904649093,886866.5423343079,1032044.9904494329,421429.0,446580.00000020245,1288.4127000002024,631.1182,223.2900000001012,434.00450000010136,3248.226735782273,0.8410573260204516,97,0.025932532628104073,0,14,True,0,1034771.0781165811
2025-03-10,1033508.223410202,0.0019246999974313894,144656.30904649093,888851.914363711,1032025.4163340816,0.0,0.0,0.0,0.0,0.0,0.0,3248.226735782273,0.0,97,0.025132843079185594,0,0,False,0,1036756.4501459842
2025-03-11,1037928.2234099767,0.004276695530482044,144656.30904649093,893271.9143634858,1028346.8198722763,0.0,0.0,0.0,0.0,0.0,0.0,3248.226735782273,0.0,97,0.025266679726404628,0,0,False,0,1041176.4501457589
2025-03-12,1036489.4163340247,-0.0013862298408505724,144656.30904649093,891833.1072875338,1039239.3041180654,0.0,0.0,0.0,0.0,0.0,0.0,3248.226735782273,0.0,97,0.024939955577543943,0,0,False,0,1039737.643069807
2025-03-13,1035144.1742113502,-0.0012978831249744749,144656.30904649093,890487.8651648592,1036718.4163341926,0.0,0.0,0.0,0.0,0.0,0.0,3248.226735782273,0.0,97,0.024899913115683136,0,0,False,0,1038392.4009471324
2025-03-14,1048655.6269482556,0.013052725478747362,144656.30904649093,903999.3179017646,1035824.1742112857,0.0,0.0,0.0,0.0,0.0,0.0,3248.226735782273,0.0,97,0.024865169584780175,0,0,False,0,1051903.853684038
2025-03-17,1051996.9989777822,0.0031863387213688643,144656.30904649093,907340.6899312912,1051981.5147319878,0.0,0.0,0.0,0.0,0.0,0.0,3248.226735782273,0.0,97,0.02488124968550182,0,0,False,0,1055245.2257135645
2025-03-18,1053525.6446389698,0.0014530893744686413,144656.30904649093,908869.3355924789,1053572.9989777827,0.0,0.0,0.0,0.0,0.0,0.0,3248.226735782273,0.0,97,0.025034986223758694,0,0,False,0,1056773.8713747521
2025-03-19,1052374.9182703686,-0.0010922623236148121,144656.30904649093,907718.6092238775,1053308.6938381018,0.0,0.0,0.0,0.0,0.0,0.0,3248.226735782273,0.0,97,0.02515738406566356,0,0,False,0,1055623.145006151
2025-03-20,1053431.7253464404,0.0010042115768102988,144656.30904649093,908775.4162999496,1052830.756854894,0.0,0.0,0.0,0.0,0.0,0.0,3248.226735782273,0.0,97,0.02520334195475682,0,0,False,0,1056679.9520822228
2025-03-21,1049598.2726093396,-0.0036390139435379387,144656.30904649093,904941.9635628487,1052570.1603932718,0.0,0.0,0.0,0.0,0.0,0.0,3248.226735782273,0.0,97,0.025104843145787994,0,0,False,0,1052846.499345122
2025-03-24,1044647.2234102805,-0.004717089698280996,144656.30904649093,899990.9143637896,1050707.2726094136,0.0,0.0,0.0,0.0,0.0,0.0,3248.226735782273,0.0,97,0.02484092181409947,0,0,False,0,1047895.4501460628
2025-03-25,1048266.9812870988,0.003465052886467701,144656.30904649093,903610.6722406079,1043837.1427025795,0.0,0.0,0.0,0.0,0.0,0.0,3248.226735782273,0.0,97,0.024898237248703065,0,0,False,0,1051515.208022881
2025-03-26,1051275.9497786947,0.0028704218918556013,144656.30904649093,906619.6407322036,1046642.1427026083,0.0,0.0,0.0,0.0,0.0,0.0,3248.226735782273,0.0,97,0.025040998993198303,0,0,False,0,1054524.176514477
2025-03-27,1050658.1427027914,-0.0005876735561517465,144656.30904649093,906001.8336563006,1049640.1919017136,0.0,0.0,0.0,0.0,0.0,0.0,3248.226735782273,0.0,97,0.02488916131438241,0,0,False,0,1053906.3694385737
2025-03-28,1041352.1742108121,-0.0088572753722157,144656.30904649093,896695.8651643211,1050412.2234102944,0.0,0.0,0.0,0.0,0.0,0.0,3248.226735782273,0.0,97,0.02609587867862695,0,0,False,0,1044600.4009465943
2025-03-31,1030756.4478426555,-0.010174969266460332,144656.30904649093,886100.1387961645,1038729.8513804979,0.0,0.0,0.0,0.0,0.0,0.0,3248.226735782273,0.0,97,0.025636511957188846,0,0,False,0,1034004.6745784377
2025-04-01,1039942.4163340487,0.008911870995926607,144656.30904649093,895286.1072875578,1031772.3671348343,0.0,0.0,0.0,0.0,0.0,0.0,3248.226735782273,0.0,97,0.026227413721775117,0,0,False,0,1043190.643069831
2025-04-02,1041218.5777492427,0.0012271462295889712,144656.30904649093,896562.2687027517,1039494.4163340023,0.0,0.0,0.0,0.0,0.0,0.0,3248.226735782273,0.0,97,0.025955165012836633,0,0,False,0,1044466.8044850249
2025-04-03,1041875.9812872614,0.0006313789938705572,144656.30904649093,897219.6722407704,1036179.2549187863,0.0,0.0,0.0,0.0,0.0,0.0,3248.226735782273,0.0,97,0.026106754055592242,0,0,False,0,1045124.2080230436
2025-04-07,980318.4405633067,-0.05908336676299897,313509.43554661307,666809.0050166936,1007607.3179359956,377157.0,547466.0000001225,1455.873500000154,719.8290000000309,273.7330000000613,462.311500000061,4704.100235782427,0.9176422040027855,99,0.01466360256544782,0,9,True,0,985022.5407990891
2025-04-08,984226.714194674,0.003986738869383721,313509.43554661307,670717.278648061,976808.4228728061,0.0,0.0,0.0,0.0,0.0,0.0,4704.100235782427,0.0,99,0.015240391043708846,0,0,False,0,988930.8144304565
2025-04-09,989467.2161310039,0.005324486585001731,313509.43554661307,675957.7805843909,977598.3421649951,0.0,0.0,0.0,0.0,0.0,0.0,4704.100235782427,0.0,99,0.01485648009387413,0,0,False,0,994171.3163667864
2025-04-10,998093.0724063294,0.00871767769027687,313509.43554661307,684583.6368597164,997538.4582537995,0.0,0.0,0.0,0.0,0.0,0.0,4704.100235782427,0.0,99,0.01472808539242807,0,0,False,0,1002797.1726421119
2025-04-11,998138.5566519208,4.557114646797089e-05,313509.43554661307,684629.1211053077,995179.6688683046,0.0,0.0,0.0,0.0,0.0,0.0,4704.100235782427,0.0,99,0.014727414247276312,0,0,False,0,1002842.6568877032
2025-04-14,1004705.7987747495,0.006579489469735966,313509.43554661307,691196.3632281364,1003696.6373596867,0.0,0.0,0.0,0.0,0.0,0.0,4704.100235782427,0.0,99,0.014656031664152263,0,0,False,0,1009409.899010532
2025-04-15,1007217.1216054126,0.0024995604023840823,313509.43554661307,693707.6860587995,1004431.6373596555,0.0,0.0,0.0,0.0,0.0,0.0,4704.100235782427,0.0,99,0.014619489367426368,0,0,False,0,1011921.221841195
2025-04-16,1006227.1531140145,-0.0009828749632652123,313509.43554661307,692717.7175674015,1007249.2023131696,0.0,0.0,0.0,0.0,0.0,0.0,4704.100235782427,0.0,99,0.014609027349837052,0,0,False,0,1010931.253349797
2025-04-17,1008363.4129272592,0.0021230393223174993,313509.43554661307,694853.9773806462,1003434.9109911498,0.0,0.0,0.0,0.0,0.0,0.0,4704.100235782427,0.0,99,0.014553284869191012,0,0,False,0,1013067.5131630417
2025-04-18,1010009.4838764733,0.0016324183603959597,313509.43554661307,696500.0483298602,1007439.2880229858,0.0,0.0,0.0,0.0,0.0,0.0,4704.100235782427,0.0,99,0.014653327752119853,0,0,False,0,1014713.5841122557
2025-04-21,1010982.7306857626,0.0009636016540695014,313509.43554661307,697473.2951391495,1008168.1681906132,0.0,0.0,0.0,0.0,0.0,0.0,4704.100235782427,0.0,99,0.014589764545222478,0,0,False,0,1015686.830921545
2025-04-22,1014099.1858812168,0.003082599831690791,313509.43554661307,700589.7503346037,1010383.4078552623,0.0,0.0,0.0,0.0,0.0,0.0,4704.100235782427,0.0,99,0.014544928351534085,0,0,False,0,1018803.2861169992
2025-04-23,1013388.5306174012,-0.0007007749081250347,313509.43554661307,699879.0950707882,1015801.4523678242,0.0,0.0,0.0,0.0,0.0,0.0,4704.100235782427,0.0,99,0.014456449384784187,0,0,False,0,1018092.6308531837
2025-04-24,1014337.7848014339,0.0009367129737045676,313509.43554661307,700828.3492548208,1014251.7407601364,0.0,0.0,0.0,0.0,0.0,0.0,4704.100235782427,0.0,99,0.014492213757835094,0,0,False,0,1019041.8850372164
2025-04-25,1015019.3960240546,0.000671976567208521,313509.43554661307,701509.9604774415,1014621.0512881258,0.0,0.0,0.0,0.0,0.0,0.0,4704.100235782427,0.0,99,0.014531742011796776,0,0,False,0,1019723.4962598371
2025-04-28,1011170.9356707952,-0.003791514101439186,313509.43554661307,697661.5001241821,1013731.806706879,0.0,0.0,0.0,0.0,0.0,0.0,4704.100235782427,0.0,99,0.014488153766279583,0,0,False,0,1015875.0359065776
2025-04-29,1014307.1610459946,0.00310157784857501,313509.43554661307,700797.7254993815,1009759.6691840063,0.0,0.0,0.0,0.0,0.0,0.0,4704.100235782427,0.0,99,0.015034893359389505,0,0,False,0,1019011.261281777
2025-04-30,1013311.5063253513,-0.0009816106588624862,313509.43554661307,699802.0707787382,1013445.2417378873,0.0,0.0,0.0,0.0,0.0,0.0,4704.100235782427,0.0,99,0.015024994688170472,0,0,False,0,1018015.6065611338
2025-05-06,1022668.4234430945,0.009233998685828526,313509.43554661307,709158.9878964814,1016233.5815708423,0.0,0.0,0.0,0.0,0.0,0.0,4704.100235782427,0.0,99,0.014838631615230264,0,0,False,0,1027372.5236788769
2025-05-07,1027868.0292142194,0.005084351537538501,313509.43554661307,714358.5936676064,1029590.9109027316,0.0,0.0,0.0,0.0,0.0,0.0,4704.100235782427,0.0,99,0.014763568443315937,0,0,False,0,1032572.1294500019
2025-05-08,1030055.0888658159,0.002127763087707235,372598.1076125456,657456.9812532703,1026070.834999551,395814.0,456291.8709368694,1389.1988709368688,735.0,228.14593546843474,426.0529354684347,6093.299106719296,0.8304552101778064,99,0.012528456137428878,0,11,True,0,1036148.3879725352
2025-05-09,1027839.1403067994,-0.0021512913075905082,372598.1076125456,655241.0326942538,1031262.2702135707,0.0,0.0,0.0,0.0,0.0,0.0,6093.299106719296,0.0,99,0.012611895666993127,0,0,False,0,1033932.4394135188
2025-05-12,1033974.8393463676,0.005969512931504717,372598.1076125456,661376.731733822,1031137.5442779429,0.0,0.0,0.0,0.0,0.0,0.0,6093.299106719296,0.0,99,0.012452914239319277,0,0,False,0,1040068.138453087
2025-05-13,1034287.0499306534,0.0003019518197204807,372598.1076125456,661688.9423181078,1037558.3185414313,0.0,0.0,0.0,0.0,0.0,0.0,6093.299106719296,0.0,99,0.01247719383207595,0,0,False,0,1040380.3490373727
2025-05-14,1037123.8939690934,0.002742801467571443,372598.1076125456,664525.7863565478,1033722.8078078965,0.0,0.0,0.0,0.0,0.0,0.0,6093.299106719296,0.0,99,0.01238714108767853,0,0,False,0,1043217.1930758128
2025-05-15,1031752.3835166928,-0.005179237006915138,372598.1076125456,659154.2759041472,1036514.891121278,0.0,0.0,0.0,0.0,0.0,0.0,6093.299106719296,0.0,99,0.012564061113013688,0,0,False,0,1037845.6826234121
2025-05-16,1030168.2470707961,-0.0015353843336879391,372598.1076125456,657570.1394582505,1030920.8928403283,0.0,0.0,0.0,0.0,0.0,0.0,6093.299106719296,0.0,99,0.012555230698251615,0,0,False,0,1036261.5461775154
2025-05-19,1034406.8448633562,0.004114471402717257,372598.1076125456,661808.7372508106,1031206.5220664802,0.0,0.0,0.0,0.0,0.0,0.0,6093.299106719296,0.0,99,0.012700031970238243,0,0,False,0,1040500.1439700755
2025-05-20,1036764.2074073211,0.0022789510294436433,372598.1076125456,664166.0997947755,1035045.5603299132,0.0,0.0,0.0,0.0,0.0,0.0,6093.299106719296,0.0,99,0.012755069962395114,0,0,False,0,1042857.5065140404
2025-05-21,1037650.1988227097,0.0008545736909690849,372598.1076125456,665052.0912101641,1037146.2079199791,0.0,0.0,0.0,0.0,0.0,0.0,6093.299106719296,0.0,99,0.012716231360974689,0,0,False,0,1043743.497929429
2025-05-22,1034107.5907923556,-0.0034140677025585875,372598.1076125456,661509.48317981,1036544.1927746569,0.0,0.0,0.0,0.0,0.0,0.0,6093.299106719296,0.0,99,0.01259153314020001,0,0,False,0,1040200.8898990749
2025-05-23,1027834.1841195174,-0.006066493205055479,372598.1076125456,655236.0765069718,1034018.3468028451,0.0,0.0,0.0,0.0,0.0,0.0,6093.299106719296,0.0,99,0.012499097810220182,0,0,False,0,1033927.4832262368
2025-05-26,1029031.8420038536,0.001165224802638809,372598.1076125456,656433.734391308,1027816.3374633903,0.0,0.0,0.0,0.0,0.0,0.0,6093.299106719296,0.0,99,0.012484550502325074,0,0,False,0,1035125.141110573
2025-05-27,1031273.1450314133,0.002178069653505643,372598.1076125456,658675.0374188677,1028709.5351721351,0.0,0.0,0.0,0.0,0.0,0.0,6093.299106719296,0.0,99,0.012626140865519879,0,0,False,0,1037366.4441381326
2025-05-28,1030525.6328616247,-0.000724844017698012,372598.1076125456,657927.5252490791,1031076.2120989298,0.0,0.0,0.0,0.0,0.0,0.0,6093.299106719296,0.0,99,0.012663440465573727,0,0,False,0,1036618.931968344
2025-05-29,1037905.0189483637,0.0071607981901891105,372598.1076125456,665306.9113358181,1030394.4626364044,0.0,0.0,0.0,0.0,0.0,0.0,6093.299106719296,0.0,99,0.012601345750538367,0,0,False,0,1043998.318055083
2025-05-30,1034767.5684791079,-0.003022868578508975,372598.1076125456,662169.4608665623,1037318.194526378,0.0,0.0,0.0,0.0,0.0,0.0,6093.299106719296,0.0,99,0.012499425372402801,0,0,False,0,1040860.8675858272
2025-06-03,1040129.547680544,0.00518181992243627,372598.1076125456,667531.4400679984,1033860.6418292988,0.0,0.0,0.0,0.0,0.0,0.0,6093.299106719296,0.0,99,0.012574395207936516,0,0,False,0,1046222.8467872633
2025-06-04,1044729.2728165003,0.004422261771347191,372598.1076125456,672131.1652039547,1040841.349285956,0.0,0.0,0.0,0.0,0.0,0.0,6093.299106719296,0.0,99,0.012685583092998342,0,0,False,0,1050822.5719232196
2025-06-05,1041569.9354661179,-0.0030240727742461004,372598.1076125456,668971.8278535723,1044846.9088034448,0.0,0.0,0.0,0.0,0.0,0.0,6093.299106719296,0.0,99,0.012529163482575757,0,0,False,0,1047663.2345728372
2025-06-06,1043741.2280825987,0.002084634495050919,150425.33337261135,893315.8947099873,1042319.0975317192,582537.0,361714.6776377036,1350.4518776377038,697.4687,180.85733881885187,472.1258388188518,7443.750984357,0.9059142059986757,96,0.03017031343855668,0,11,True,0,1051184.9790669556
2025-06-09,1047956.4198803294,0.004038541052435285,150425.33337261135,897531.0865077181,1044477.0025700445,0.0,0.0,0.0,0.0,0.0,0.0,7443.750984357,0.0,96,0.029985025525748447,0,0,False,0,1055400.1708646864
2025-06-10,1044342.894244068,-0.003448164034029255,150425.33337261135,893917.5608714566,1048792.0547434362,0.0,0.0,0.0,0.0,0.0,0.0,7443.750984357,0.0,96,0.02996046621513707,0,0,False,0,1051786.645228425
2025-06-11,1050434.615988817,0.005833066685591248,150425.33337261135,900009.2826162057,1045238.6137854888,0.0,0.0,0.0,0.0,0.0,0.0,7443.750984357,0.0,96,0.02991428454631027,0,0,False,0,1057878.366973174
2025-06-12,1050469.7473956726,3.3444639314872404e-05,150425.33337261135,900044.4140230613,1050341.1790468968,0.0,0.0,0.0,0.0,0.0,0.0,7443.750984357,0.0,96,0.02965816014905002,0,0,False,0,1057913.4983800296
2025-06-13,1039552.1642759817,-0.010393048583034248,150425.33337261135,889126.8309033704,1048471.1258843902,0.0,0.0,0.0,0.0,0.0,0.0,7443.750984357,0.0,96,0.029454029390951167,0,0,False,0,1046995.9152603387
2025-06-16,1043231.5236071874,0.0035393696032255395,150425.33337261135,892806.1902345761,1038254.3007292126,0.0,0.0,0.0,0.0,0.0,0.0,7443.750984357,0.0,96,0.029478595406744048,0,0,False,0,1050675.2745915444
2025-06-17,1045065.0183488587,0.0017575147032862226,150425.33337261135,894639.6849762474,1044154.9806548916,0.0,0.0,0.0,0.0,0.0,0.0,7443.750984357,0.0,96,0.029490988080993912,0,0,False,0,1052508.7693332157
2025-06-18,1041645.9089332325,-0.003271671480333471,150425.33337261135,891220.5755606212,1043951.517914806,0.0,0.0,0.0,0.0,0.0,0.0,7443.750984357,0.0,96,0.029394825763170426,0,0,False,0,1049089.6599175895
2025-06-19,1033935.9825375621,-0.007401676836196969,150425.33337261135,883510.6491649508,1040941.4210485013,0.0,0.0,0.0,0.0,0.0,0.0,7443.750984357,0.0,96,0.029549218245617334,0,0,False,0,1041379.7335219191
2025-06-20,1033255.8820861349,-0.0006577781051377851,150425.33337261135,882830.5487135235,1034102.4734177177,0.0,0.0,0.0,0.0,0.0,0.0,7443.750984357,0.0,96,0.029568667867938957,0,0,False,0,1040699.6330704918
2025-06-23,1039653.3824922701,0.006191593502684611,150425.33337261135,889228.0491196588,1030609.4008869847,0.0,0.0,0.0,0.0,0.0,0.0,7443.750984357,0.0,96,0.02932227270487761,0,0,False,0,1047097.1334766271
2025-06-24,1051810.955259709,0.01169387121916965,150425.33337261135,901385.6218870976,1040538.5103699721,0.0,0.0,0.0,0.0,0.0,0.0,7443.750984357,0.0,96,0.029301843497513226,0,0,False,0,1059254.706244066
2025-06-25,1058462.0973946794,0.006323514792949014,150425.33337261135,908036.764022068,1052034.445754499,0.0,0.0,0.0,0.0,0.0,0.0,7443.750984357,0.0,96,0.02930761533774609,0,0,False,0,1065905.8483790364
2025-06-26,1057254.8493357704,-0.0011405680580161004,150425.33337261135,906829.515963159,1057912.116912359,0.0,0.0,0.0,0.0,0.0,0.0,7443.750984357,0.0,96,0.02921433750756248,0,0,False,0,1064698.6003201273
2025-06-27,1055799.045690024,-0.001376965683024256,150425.33337261135,905373.7123174127,1059025.8828369465,0.0,0.0,0.0,0.0,0.0,0.0,7443.750984357,0.0,96,0.02925462011553148,0,0,False,0,1063242.796674381
2025-06-30,1059711.5517238786,0.0037057298449227893,150425.33337261135,909286.2183512673,1056425.296674393,0.0,0.0,0.0,0.0,0.0,0.0,7443.750984357,0.0,96,0.029209835402530575,0,0,False,0,1067155.3027082356
2025-07-01,1062284.1438327027,0.0024276342978795107,150425.33337261135,911858.8104600912,1060229.5621610167,0.0,0.0,0.0,0.0,0.0,0.0,7443.750984357,0.0,96,0.029328311244095465,0,0,False,0,1069727.8948170596
2025-07-02,1069924.8125643476,0.00719267888540398,150425.33337261135,919499.4791917363,1063628.0693888685,0.0,0.0,0.0,0.0,0.0,0.0,7443.750984357,0.0,96,0.03005818691401562,0,0,False,0,1077368.5635487046
2025-07-03,1071948.177602384,0.001891128249644769,150425.33337261135,921522.8442297726,1071385.3838078694,0.0,0.0,0.0,0.0,0.0,0.0,7443.750984357,0.0,96,0.029751438237755255,0,0,False,0,1079391.928586741
2025-07-04,1067207.9044904187,-0.004422110332392926,153968.9711026431,913238.9333877756,1073375.5903205702,532253.0,537257.093523555,1460.4557935235518,657.0721999999967,268.62854676177744,534.7550467617775,8904.206777880552,0.99639874724945,94,0.02143537346730742,0,16,True,0,1076112.1112682994
2025-07-07,1069549.8145058106,0.00219442716413365,153968.9711026431,915580.8434031676,1066601.3992611342,0.0,0.0,0.0,0.0,0.0,0.0,8904.206777880552,0.0,94,0.021493155052930136,0,0,False,0,1078454.0212836913
2025-07-08,1077353.702369625,0.007296422997763896,153968.9711026431,923384.7312669819,1069893.5814741442,0.0,0.0,0.0,0.0,0.0,0.0,8904.206777880552,0.0,94,0.021415436684597066,0,0,False,0,1086257.9091475056
2025-07-09,1078972.3413076645,0.001502421103189544,153968.9711026431,925003.3702050215,1077909.4248782303,0.0,0.0,0.0,0.0,0.0,0.0,8904.206777880552,0.0,94,0.0215909148994144,0,0,False,0,1087876.5480855452
2025-07-10,1084409.1550002391,0.005038881428587327,153968.9711026431,930440.1838975961,1078037.230291326,0.0,0.0,0.0,0.0,0.0,0.0,8904.206777880552,0.0,94,0.021560127828317184,0,0,False,0,1093313.3617781198
2025-07-11,1085435.8695885625,0.0009467963116958078,153968.9711026431,931466.8984859195,1084984.925937485,0.0,0.0,0.0,0.0,0.0,0.0,8904.206777880552,0.0,94,0.021668714531168455,0,0,False,0,1094340.0763664432
2025-07-14,1087804.264046046,0.002181975484540688,153968.9711026431,933835.2929434029,1086296.5058005434,0.0,0.0,0.0,0.0,0.0,0.0,8904.206777880552,0.0,94,0.021518577168422398,0,0,False,0,1096708.4708239266
2025-07-15,1078831.9832741998,-0.00824806545478518,153968.9711026431,924863.0121715567,1086197.3887428073,0.0,0.0,0.0,0.0,0.0,0.0,8904.206777880552,0.0,94,0.02102273602529263,0,0,False,0,1087736.1900520804
2025-07-16,1082280.3952243573,0.0031964309583145667,153968.9711026431,928311.4241217142,1079156.9026759106,0.0,0.0,0.0,0.0,0.0,0.0,8904.206777880552,0.0,94,0.02131795059932699,0,0,False,0,1091184.602002238
2025-07-17,1086335.994094647,0.003747271860587542,153968.9711026431,932367.022992004,1082380.6300718614,0.0,0.0,0.0,0.0,0.0,0.0,8904.206777880552,0.0,94,0.02136723824507021,0,0,False,0,1095240.2008725277
2025-07-18,1090408.1882013641,0.0037485585756651396,153968.9711026431,936439.2170987211,1087664.659123122,0.0,0.0,0.0,0.0,0.0,0.0,8904.206777880552,0.0,94,0.021364476397066137,0,0,False,0,1099312.3949792448
2025-07-21,1108056.64168705,0.01618518062928076,153968.9711026431,954087.6705844069,1095206.2856038108,0.0,0.0,0.0,0.0,0.0,0.0,8904.206777880552,0.0,94,0.02147904638139624,0,0,False,0,1116960.8484649307
2025-07-22,1118529.443074411,0.009451503644629433,153968.9711026431,964560.471971768,1109974.8912561901,0.0,0.0,0.0,0.0,0.0,0.0,8904.206777880552,0.0,94,0.02160336515914861,0,0,False,0,1127433.6498522917
2025-07-23,1112339.3649966638,-0.005534121713178242,153968.9711026431,958370.3938940206,1121889.0326114043,0.0,0.0,0.0,0.0,0.0,0.0,8904.206777880552,0.0,94,0.02142152004129267,0,0,False,0,1121243.5717745444
2025-07-24,1123742.6521679333,0.010251626014605497,153968.9711026431,969773.6810652902,1114480.3127261167,0.0,0.0,0.0,0.0,0.0,0.0,8904.206777880552,0.0,94,0.021552977412837897,0,0,False,0,1132646.858945814
2025-07-25,1123009.839612677,-0.0006521177725545835,153968.9711026431,969040.8685100339,1125730.2554506517,0.0,0.0,0.0,0.0,0.0,0.0,8904.206777880552,0.0,94,0.022040768590731154,0,0,False,0,1131914.0463905577
2025-07-28,1120931.5835375553,-0.001850612525210349,153968.9711026431,966962.6124349122,1123356.2002779888,0.0,0.0,0.0,0.0,0.0,0.0,8904.206777880552,0.0,94,0.021981716245551314,0,0,False,0,1129835.790315436
2025-07-29,1118009.849042917,-0.0026065234823856587,153968.9711026431,964040.8779402738,1119618.6618350416,0.0,0.0,0.0,0.0,0.0,0.0,8904.206777880552,0.0,94,0.021763672315444307,0,0,False,0,1126914.0558207976
2025-07-30,1116899.8495456635,-0.0009928351688526238,153968.9711026431,962930.8784430204,1117052.4360397803,0.0,0.0,0.0,0.0,0.0,0.0,8904.206777880552,0.0,94,0.022161342406918427,0,0,False,0,1125804.0563235441
2025-07-31,1101341.2141833305,-0.013930197384001697,153968.9711026431,947372.2430806875,1114977.2432853384,0.0,0.0,0.0,0.0,0.0,0.0,8904.206777880552,0.0,94,0.022042215153107583,0,0,False,0,1110245.4209612112
2025-08-01,1105086.8176761053,0.003400947358128459,98747.32303893047,1006339.4946371748,1101157.5191723632,575203.0,521505.6109472343,1524.259010947238,715.1519000000035,260.75280547361723,548.3543054736175,10428.46578882779,0.9959597894509473,99,0.02316741055136159,0,5,True,0,1115515.283464933
2025-08-04,1109869.048810138,0.004327470980143522,98747.32303893047,1011121.7257712074,1102042.0535023788,0.0,0.0,0.0,0.0,0.0,0.0,10428.46578882779,0.0,99,0.023220757464702254,0,0,False,0,1120297.5145989656
2025-08-05,1117603.197005488,0.00696852318175889,98747.32303893047,1018855.8739665574,1111863.8078299167,0.0,0.0,0.0,0.0,0.0,0.0,10428.46578882779,0.0,99,0.023242596361213206,0,0,False,0,1128031.6627943157
2025-08-06,1118609.3177300578,0.000900248609940979,98747.32303893047,1019861.9946911272,1117431.79444782,0.0,0.0,0.0,0.0,0.0,0.0,10428.46578882779,0.0,99,0.023358468042285196,0,0,False,0,1129037.7835188855
2025-08-07,1117337.9724959524,-0.001136540894085547,98747.32303893047,1018590.649457022,1119119.1143754474,0.0,0.0,0.0,0.0,0.0,0.0,10428.46578882779,0.0,99,0.023430690305385502,0,0,False,0,1127766.4382847801
2025-08-08,1117611.3589960763,0.0002446766393460198,98747.32303893047,1018864.0359571457,1117215.088511231,0.0,0.0,0.0,0.0,0.0,0.0,10428.46578882779,0.0,99,0.023333692692086853,0,0,False,0,1128039.824784904
2025-08-11,1124165.6355970444,0.005864540073085456,98747.32303893047,1025418.3125581138,1118400.5774908715,0.0,0.0,0.0,0.0,0.0,0.0,10428.46578882779,0.0,99,0.023590829643102575,0,0,False,0,1134594.101385872
2025-08-12,1124247.247965624,7.259817058580254e-05,98747.32303893047,1025499.9249266936,1125204.3233398497,0.0,0.0,0.0,0.0,0.0,0.0,10428.46578882779,0.0,99,0.023710086947720112,0,0,False,0,1134675.7137544518
2025-08-13,1125887.6536580685,0.0014591147057845255,98747.32303893047,1027140.330619138,1125620.854954058,0.0,0.0,0.0,0.0,0.0,0.0,10428.46578882779,0.0,99,0.02352454964218285,0,0,False,0,1136316.1194468962
2025-08-14,1111540.7088183712,-0.012742785475161167,98747.32303893047,1012793.3857794408,1127527.4141228888,0.0,0.0,0.0,0.0,0.0,0.0,10428.46578882779,0.0,99,0.02358348173128713,0,0,False,0,1121969.174607199
2025-08-15,1120915.9235315868,0.008434432170443928,98747.32303893047,1022168.6004926563,1109770.74281856,0.0,0.0,0.0,0.0,0.0,0.0,10428.46578882779,0.0,99,0.023780552528879166,0,0,False,0,1131344.3893204145
2025-08-18,1128458.7082881904,0.006729126242438488,98747.32303893047,1029711.38524926,1124490.9476257504,0.0,0.0,0.0,0.0,0.0,0.0,10428.46578882779,0.0,99,0.023937960513395504,0,0,False,0,1138887.1740770182
2025-08-19,1132925.857699073,0.003958629038061101,98747.32303893047,1034178.5346601424,1128922.7777005718,0.0,0.0,0.0,0.0,0.0,0.0,10428.46578882779,0.0,99,0.023888588839313725,0,0,False,0,1143354.3234879007
2025-08-20,1145578.709988459,0.011168296851378656,98747.32303893047,1046831.3869495286,1132947.8922718547,0.0,0.0,0.0,0.0,0.0,0.0,10428.46578882779,0.0,99,0.024248006494708554,0,0,False,0,1156007.1757772868
2025-08-21,1148078.4486382736,0.0021820749879681856,98747.32303893047,1049331.125599343,1147531.1328993728,0.0,0.0,0.0,0.0,0.0,0.0,10428.46578882779,0.0,99,0.024002715173937053,0,0,False,0,1158506.9144271014
2025-08-22,1151940.0756818766,0.003363556774524712,98747.32303893047,1053192.752642946,1148202.06393346,0.0,0.0,0.0,0.0,0.0,0.0,10428.46578882779,0.0,99,0.023907493611330467,0,0,False,0,1162368.5414707044
2025-08-25,1159219.7175774393,0.006319462313396418,98747.32303893047,1060472.3945385087,1156349.875502341,0.0,0.0,0.0,0.0,0.0,0.0,10428.46578882779,0.0,99,0.023537384316599397,0,0,False,0,1169648.183366267
2025-08-26,1168610.3293874527,0.008100804073310819,98747.32303893047,1069863.0063485221,1159061.3089050646,0.0,0.0,0.0,0.0,0.0,0.0,10428.46578882779,0.0,99,0.02365373581327921,0,0,False,0,1179038.7951762804
2025-08-27,1143719.7080351568,-0.02129933368408843,98747.32303893047,1044972.3849962263,1169531.8990729875,0.0,0.0,0.0,0.0,0.0,0.0,10428.46578882779,0.0,99,0.023588821466011406,0,0,False,0,1154148.1738239846
2025-08-28,1149345.6036567697,0.0049189461212291175,98747.32303893047,1050598.2806178392,1144165.8464487712,0.0,0.0,0.0,0.0,0.0,0.0,10428.46578882779,0.0,99,0.02373959574316878,0,0,False,0,1159774.0694455975
2025-08-29,1144546.232026322,-0.004175742801101778,94832.3154731595,1049713.9165531625,1149934.6014607684,621847.0,619562.9105447737,1630.9181105447742,700.4316999999994,309.7814552723868,620.7049552723868,12059.383899372566,1.0795482708040993,99,0.026055740839048776,0,10,True,0,1156605.6159256946
2025-09-01,1142759.1977140221,-0.001561347425115489,94832.3154731595,1047926.8822408627,1145957.3319994218,0.0,0.0,0.0,0.0,0.0,0.0,12059.383899372566,0.0,99,0.02609648652108303,0,0,False,0,1154818.5816133947
2025-09-02,1137984.3572104184,-0.004178343533051687,94832.3154731595,1043152.0417372589,1143146.2329998352,0.0,0.0,0.0,0.0,0.0,0.0,12059.383899372566,0.0,99,0.026097019534454747,0,0,False,0,1150043.741109791
2025-09-03,1119007.04967958,-0.016676246391785443,94832.3154731595,1024174.7342064204,1138986.9141720913,0.0,0.0,0.0,0.0,0.0,0.0,12059.383899372566,0.0,99,0.026040944074799156,0,0,False,0,1131066.4335789524
2025-09-04,1122200.1731059377,0.002853532895321864,94832.3154731595,1027367.8576327781,1119320.0173612884,0.0,0.0,0.0,0.0,0.0,0.0,12059.383899372566,0.0,99,0.02635358709502712,0,0,False,0,1134259.5570053102
2025-09-05,1133876.9556915038,0.010405258228795455,94832.3154731595,1039044.6402183444,1123611.2186324217,0.0,0.0,0.0,0.0,0.0,0.0,12059.383899372566,0.0,99,0.026464952699996547,0,0,False,0,1145936.3395908764
2025-09-08,1145933.7462611734,0.010633244206216919,94832.3154731595,1051101.4307880139,1135546.2232025734,0.0,0.0,0.0,0.0,0.0,0.0,12059.383899372566,0.0,99,0.026781653040726255,0,0,False,0,1157993.130160546
2025-09-09,1143394.3604068363,-0.002215997096361222,94832.3154731595,1048562.0449336767,1145798.2863206468,0.0,0.0,0.0,0.0,0.0,0.0,12059.383899372566,0.0,99,0.026570010358622255,0,0,False,0,1155453.7443062088
2025-09-10,1143931.2063722904,0.00046951951491447375,94832.3154731595,1049098.8908991308,1142344.7974153606,0.0,0.0,0.0,0.0,0.0,0.0,12059.383899372566,0.0,99,0.026394943884561907,0,0,False,0,1155990.590271663
2025-09-11,1153505.0109895507,0.008369213606490788,94832.3154731595,1058672.6955163912,1143199.2696029865,0.0,0.0,0.0,0.0,0.0,0.0,12059.383899372566,0.0,99,0.02644461854036854,0,0,False,0,1165564.3948889233
2025-09-12,1146935.913271083,-0.005694901761052917,94832.3154731595,1052103.5977979235,1154171.3528712906,0.0,0.0,0.0,0.0,0.0,0.0,12059.383899372566,0.0,99,0.026433909383437725,0,0,False,0,1158995.2971704556
2025-09-15,1144145.9220182004,-0.0024325607216584277,94832.3154731595,1049313.6065450408,1147742.6631599613,0.0,0.0,0.0,0.0,0.0,0.0,12059.383899372566,0.0,99,0.026281612704602258,1,0,False,0,1156205.305917573
2025-09-16,1145847.120104878,0.0014868716078424438,94832.3154731595,1051014.8046317184,1144751.300124692,0.0,0.0,0.0,0.0,0.0,0.0,12059.383899372566,0.0,99,0.02640491865727009,1,0,False,0,1157906.5040042505
2025-09-17,1148059.2079812582,0.0019305261911184424,94832.3154731595,1053226.8925080986,1145719.4992555033,0.0,0.0,0.0,0.0,0.0,0.0,12059.383899372566,0.0,99,0.026192028939785558,1,0,False,0,1160118.5918806307
2025-09-18,1131861.742709619,-0.014108562658646129,94832.3154731595,1037029.4272364596,1148460.706269122,0.0,0.0,0.0,0.0,0.0,0.0,12059.383899372566,0.0,99,0.026073855919336853,1,0,False,0,1143921.1266089915
2025-09-19,1131722.1514866839,-0.0001233288640014596,94832.3154731595,1036889.8360135243,1133361.6305095758,0.0,0.0,0.0,0.0,0.0,0.0,12059.383899372566,0.0,99,0.025857936916399267,1,0,False,0,1143781.5353860564
2025-09-22,1123867.087732846,-0.006940805871405109,94832.3154731595,1029034.7722596865,1131910.0482739785,0.0,0.0,0.0,0.0,0.0,0.0,12059.383899372566,0.0,99,0.02598349957814162,1,0,False,0,1135926.4716322185
2025-09-23,1120546.5789773813,-0.0029545386564909792,94832.3154731595,1025714.2635042218,1123186.3766687412,0.0,0.0,0.0,0.0,0.0,0.0,12059.383899372566,0.0,99,0.025451864773033815,1,0,False,0,1132605.9628767539
2025-09-24,1132886.981513758,0.011012842096790543,94832.3154731595,1038054.6660405985,1117488.07658695,0.0,0.0,0.0,0.0,0.0,0.0,12059.383899372566,0.0,99,0.025010438342361496,1,0,False,0,1144946.3654131305
2025-09-25,1129405.9636977024,-0.003072696458568447,94832.3154731595,1034573.6482245428,1132389.4311905268,0.0,0.0,0.0,0.0,0.0,0.0,12059.383899372566,0.0,99,0.025032628575352083,1,0,False,0,1141465.347597075
2025-09-26,1128552.9391713869,-0.0007552860120577654,71677.11414108856,1056875.8250302984,1127043.9009916156,501627.0,479837.35876005556,1365.5600921265886,634.9092333665334,239.91867938002787,490.732179380028,13424.943991499154,0.87083063747253,97,0.03317522705448321,1,14,True,0,1141977.8831628861
2025-09-29,1132521.1037881556,0.003516152835224773,71677.11414108856,1060843.9896470672,1128241.6777290613,0.0,0.0,0.0,0.0,0.0,0.0,13424.943991499154,0.0,97,0.03314375323730108,0,0,False,0,1145946.0477796549
2025-09-30,1131605.228678272,-0.0008087046738644021,71677.11414108856,1059928.1145371837,1132661.2131128595,0.0,0.0,0.0,0.0,0.0,0.0,13424.943991499154,0.0,97,0.03329783129760156,0,0,False,0,1145030.1726697714
2025-10-09,1141666.7095412207,0.008891334723418076,71677.11414108856,1069989.5954001322,1133558.4278056691,0.0,0.0,0.0,0.0,0.0,0.0,13424.943991499154,0.0,97,0.033845254203419564,0,0,False,0,1155091.65353272
2025-10-10,1150386.4337786338,0.007637714373678328,71677.11414108856,1078709.3196375454,1140436.8889431776,0.0,0.0,0.0,0.0,0.0,0.0,13424.943991499154,0.0,97,0.033964239191915616,0,0,False,0,1163811.377770133
2025-10-13,1146022.8624873632,-0.0037931352136497676,71677.11414108856,1074345.7483462745,1129792.6515606265,0.0,0.0,0.0,0.0,0.0,0.0,13424.943991499154,0.0,97,0.0338422567904178,0,0,False,0,1159447.8064788624
2025-10-14,1151777.0753353261,0.005021027971007452,71677.11414108856,1080099.9611942377,1149078.274724102,0.0,0.0,0.0,0.0,0.0,0.0,13424.943991499154,0.0,97,0.03367318279771762,0,0,False,0,1165202.0193268254
2025-10-15,1160474.7279883479,0.0075515070053722155,71677.11414108856,1088797.6138472592,1153418.213976521,0.0,0.0,0.0,0.0,0.0,0.0,13424.943991499154,0.0,97,0.03337944296914332,0,0,False,0,1173899.6719798471
2025-10-16,1159792.7243147888,-0.0005876936887210249,71677.11414108856,1088115.6101737001,1160630.1633733958,0.0,0.0,0.0,0.0,0.0,0.0,13424.943991499154,0.0,97,0.03327491127588944,0,0,False,0,1173217.668306288
2025-10-17,1148237.9194842358,-0.00996281886263739,71677.11414108856,1076560.8053431471,1159077.8991257544,0.0,0.0,0.0,0.0,0.0,0.0,13424.943991499154,0.0,97,0.033400743303466054,0,0,False,0,1161662.863475735
2025-10-20,1154264.9342442737,0.005248925033537466,71677.11414108856,1082587.8201031853,1153973.4871637756,0.0,0.0,0.0,0.0,0.0,0.0,13424.943991499154,0.0,97,0.033101586010695024,0,0,False,0,1167689.878235773
2025-10-21,1165022.5419911747,0.009319877462919068,71677.11414108856,1093345.427850086,1154587.3232709048,0.0,0.0,0.0,0.0,0.0,0.0,13424.943991499154,0.0,97,0.033249142058499846,0,0,False,0,1178447.485982674
2025-10-22,1166988.7978667892,0.0016877406271074147,71677.11414108856,1095311.6837257007,1162864.795207005,0.0,0.0,0.0,0.0,0.0,0.0,13424.943991499154,0.0,97,0.03319312068018742,0,0,False,0,1180413.7418582884
2025-10-23,1172771.367853954,0.004955120389960044,71677.11414108856,1101094.2537128655,1165062.0045743096,0.0,0.0,0.0,0.0,0.0,0.0,13424.943991499154,0.0,97,0.0331113131377456,0,0,False,0,1186196.3118454532
2025-10-24,1170401.961420652,-0.0020203481243217247,71677.11414108856,1098724.8472795633,1173272.160609574,0.0,0.0,0.0,0.0,0.0,0.0,13424.943991499154,0.0,97,0.03317834494472277,0,0,False,0,1183826.9054121512
2025-10-27,1172255.9453543066,0.0015840574390393325,71677.11414108856,1100578.8312132182,1172210.0807054834,0.0,0.0,0.0,0.0,0.0,0.0,13424.943991499154,0.0,97,0.03341249848655622,0,0,False,0,1185680.8893458059
2025-10-28,1172692.9746520673,0.0003728104766647089,71677.11414108856,1101015.8605109786,1172383.541180532,0.0,0.0,0.0,0.0,0.0,0.0,13424.943991499154,0.0,97,0.032867938013720115,0,0,False,0,1186117.9186435665
2025-10-29,1170574.0780619397,-0.001806863890146726,71677.11414108856,1098896.963920851,1172517.075722944,0.0,0.0,0.0,0.0,0.0,0.0,13424.943991499154,0.0,97,0.03305044996730616,0,0,False,0,1183999.022053439
2025-10-30,1166684.9127714764,-0.0033224426914547633,71677.11414108856,1095007.7986303878,1168684.5434017288,0.0,0.0,0.0,0.0,0.0,0.0,13424.943991499154,0.0,97,0.033119482027254746,0,0,False,0,1180109.8567629757
2025-10-31,1168377.129837446,0.0014504490865057118,71677.11414108856,1096700.0156963575,1166952.004827044,0.0,0.0,0.0,0.0,0.0,0.0,13424.943991499154,0.0,97,0.03266068722632194,0,0,False,0,1181802.0738289452
2025-11-03,1177418.3026502857,0.007738231588029887,93956.18413541738,1083462.1185148682,1170575.482842492,506601.0,530315.7515458745,1435.6815515458902,652.0653000000157,265.15787577293725,518.4583757729373,14860.625543045044,0.8858179303635714,94,0.026465530499959873,0,9,True,0,1192278.9281933308
2025-11-04,1175718.7202123173,-0.0014434822646656187,93956.18413541738,1081762.5360768999,1176391.61356945,0.0,0.0,0.0,0.0,0.0,0.0,14860.625543045044,0.0,94,0.026437445849613425,0,0,False,0,1190579.3457553624
2025-11-05,1182595.731179642,0.005849197473084988,93956.18413541738,1088639.5470442246,1170744.102639725,0.0,0.0,0.0,0.0,0.0,0.0,14860.625543045044,0.0,94,0.02625072895286845,0,0,False,0,1197456.3567226871
2025-11-06,1185001.7456528672,0.002034519836144888,93956.18413541738,1091045.5615174498,1183124.5234837085,0.0,0.0,0.0,0.0,0.0,0.0,14860.625543045044,0.0,94,0.02636198648197216,0,0,False,0,1199862.3711959124
2025-11-07,1188043.7893301004,0.0025671216843290434,93956.18413541738,1094087.605194683,1183463.4884986049,0.0,0.0,0.0,0.0,0.0,0.0,14860.625543045044,0.0,94,0.026327312411318648,0,0,False,0,1202904.4148731455
2025-11-10,1198128.538495677,0.008488533214136007,93956.18413541738,1104172.3543602596,1189742.4955101511,0.0,0.0,0.0,0.0,0.0,0.0,14860.625543045044,0.0,94,0.026235916256097055,0,0,False,0,1212989.1640387222
2025-11-11,1201686.19225033,0.0029693423037229216,93956.18413541738,1107730.0081149125,1197909.9868150502,0.0,0.0,0.0,0.0,0.0,0.0,14860.625543045044,0.0,94,0.02612578908077058,0,0,False,0,1216546.817793375
2025-11-12,1196367.0607155324,-0.004426389825480825,93956.18413541738,1102410.876580115,1201540.2494108735,0.0,0.0,0.0,0.0,0.0,0.0,14860.625543045044,0.0,94,0.02617674878248817,0,0,False,0,1211227.6862585775
2025-11-13,1203546.6551051743,0.006001163543693622,93956.18413541738,1109590.4709697568,1196738.189764956,0.0,0.0,0.0,0.0,0.0,0.0,14860.625543045044,0.0,94,0.02602059493676842,0,0,False,0,1218407.2806482194
2025-11-14,1201295.3157115143,-0.0018705875539682948,93956.18413541738,1107339.1315760969,1200771.633075222,0.0,0.0,0.0,0.0,0.0,0.0,14860.625543045044,0.0,94,0.025874570218880618,0,0,False,0,1216155.9412545594
2025-11-17,1198678.9942645011,-0.0021779169641259477,93956.18413541738,1104722.8101290837,1200955.7328783183,0.0,0.0,0.0,0.0,0.0,0.0,14860.625543045044,0.0,94,0.025735830983629186,0,0,False,0,1213539.6198075463
2025-11-18,1186375.8519486864,-0.010263917508092968,93956.18413541738,1092419.667813269,1197129.1427527657,0.0,0.0,0.0,0.0,0.0,0.0,14860.625543045044,0.0,94,0.025838354640874334,0,0,False,0,1201236.4774917315
2025-11-19,1178947.9965137576,-0.006260963102652561,93956.18413541738,1084991.8123783402,1186044.7898870194,0.0,0.0,0.0,0.0,0.0,0.0,14860.625543045044,0.0,94,0.025934986182955522,0,0,False,0,1193808.6220568027
2025-11-20,1178179.0034413012,-0.0006522705621709868,93956.18413541738,1084222.8193058837,1180189.762085604,0.0,0.0,0.0,0.0,0.0,0.0,14860.625543045044,0.0,94,0.025951913852393437,0,0,False,0,1193039.6289843463
2025-11-21,1145478.8785219877,-0.02775480196455793,93956.18413541738,1051522.6943865702,1171868.9878834365,0.0,0.0,0.0,0.0,0.0,0.0,14860.625543045044,0.0,94,0.026216109753823227,0,0,False,0,1160339.5040650328
2025-11-24,1153802.8124834052,0.007266772105093633,93956.18413541738,1059846.6283479878,1150285.8219112689,0.0,0.0,0.0,0.0,0.0,0.0,14860.625543045044,0.0,94,0.026128381447708102,0,0,False,0,1168663.4380264503
2025-11-25,1161522.7742509423,0.006690884858324253,93956.18413541738,1067566.5901155248,1156160.8532470865,0.0,0.0,0.0,0.0,0.0,0.0,14860.625543045044,0.0,94,0.02602187462015878,0,0,False,0,1176383.3997939874
2025-11-26,1156937.1109725856,-0.003947975347546651,93956.18413541738,1062980.9268371682,1162438.2016978122,0.0,0.0,0.0,0.0,0.0,0.0,14860.625543045044,0.0,94,0.026091305839981996,0,0,False,0,1171797.7365156307
2025-11-27,1157559.7047901892,0.0005381397240167285,93956.18413541738,1063603.5206547717,1155408.6001034332,0.0,0.0,0.0,0.0,0.0,0.0,14860.625543045044,0.0,94,0.026043581056986655,0,0,False,0,1172420.3303332343
2025-11-28,1163019.3337709159,0.004716498819139714,93956.18413541738,1069063.1496354984,1156944.7231636057,0.0,0.0,0.0,0.0,0.0,0.0,14860.625543045044,0.0,94,0.025921323166879527,0,0,False,0,1177879.959313961
2025-12-01,1169758.054646127,0.0057941606640035115,105842.1466676899,1063915.907978437,1165161.1457719712,615607.0,629112.3968291017,1619.4342968291287,682.5184000000265,314.55619841455075,622.3596984145508,16480.05983987417,1.0682808994668456,92,0.020591437609109132,0,6,True,0,1186238.1144860012
2025-12-02,1166744.2978572105,-0.0025763932780340504,105842.1466676899,1060902.1511895205,1168506.1782677006,0.0,0.0,0.0,0.0,0.0,0.0,16480.05983987417,0.0,92,0.020697765606705117,0,0,False,0,1183224.3576970848
2025-12-03,1163960.6166603337,-0.0023858536973261346,105842.1466676899,1058118.4699926437,1167083.9538793652,0.0,0.0,0.0,0.0,0.0,0.0,16480.05983987417,0.0,92,0.02069399913985891,0,0,False,0,1180440.676500208
2025-12-04,1157930.7680273363,-0.005180457608865097,105842.1466676899,1052088.6213596466,1163902.7426556037,0.0,0.0,0.0,0.0,0.0,0.0,16480.05983987417,0.0,92,0.020855305573362373,0,0,False,0,1174410.8278672106
2025-12-05,1170600.8584602657,0.010942010336692398,105842.1466676899,1064758.7117925757,1157589.149915393,0.0,0.0,0.0,0.0,0.0,0.0,16480.05983987417,0.0,92,0.020656058660180693,0,0,False,0,1187080.91830014
2025-12-08,1169613.4772953135,-0.0008434823516624279,105842.1466676899,1063771.3306276237,1172969.7776497738,0.0,0.0,0.0,0.0,0.0,0.0,16480.05983987417,0.0,92,0.02056747845931319,0,0,False,0,1186093.5371351878
2025-12-09,1159602.0255475314,-0.008559624134062749,105842.1466676899,1053759.8788798416,1167673.7996150106,0.0,0.0,0.0,0.0,0.0,0.0,16480.05983987417,0.0,92,0.020531181798138683,0,0,False,0,1176082.0853874057
2025-12-10,1162576.431034348,0.0025650226726812164,105842.1466676899,1056734.2843666582,1159738.9676987398,0.0,0.0,0.0,0.0,0.0,0.0,16480.05983987417,0.0,92,0.020718637809101558,0,0,False,0,1179056.4908742222
2025-12-11,1149303.299838973,-0.01141699663011908,105842.1466676899,1043461.1531712831,1164554.0027043973,0.0,0.0,0.0,0.0,0.0,0.0,16480.05983987417,0.0,92,0.020984887108026724,0,0,False,0,1165783.3596788472
2025-12-12,1148703.2220658334,-0.0005221230751044637,105842.1466676899,1042861.0753981434,1149887.7297579227,0.0,0.0,0.0,0.0,0.0,0.0,16480.05983987417,0.0,92,0.02107681038491107,0,0,False,0,1165183.2819057077
2025-12-15,1150364.6222107445,0.0014463267038837824,105842.1466676899,1044522.4755430546,1145566.8803240224,0.0,0.0,0.0,0.0,0.0,0.0,16480.05983987417,0.0,92,0.020965526524671818,0,0,False,0,1166844.6820506188
2025-12-16,1142359.1015859875,-0.006959115805710514,105842.1466676899,1036516.9549182977,1149110.8102022675,0.0,0.0,0.0,0.0,0.0,0.0,16480.05983987417,0.0,92,0.020976766383474288,0,0,False,0,1158839.1614258618
2025-12-17,1147457.5235316772,0.004463064143850559,105842.1466676899,1041615.3768639874,1141842.1789329187,0.0,0.0,0.0,0.0,0.0,0.0,16480.05983987417,0.0,92,0.02096461045978723,0,0,False,0,1163937.5833715515
2025-12-18,1151857.5099853226,0.003834552794689028,105842.1466676899,1046015.3633176328,1144872.9975271735,0.0,0.0,0.0,0.0,0.0,0.0,16480.05983987417,0.0,92,0.02093835373813794,0,0,False,0,1168337.5698251969
2025-12-19,1161756.101605306,0.008593590382641514,105842.1466676899,1055913.9549376161,1152401.2638458181,0.0,0.0,0.0,0.0,0.0,0.0,16480.05983987417,0.0,92,0.0208133187048481,0,0,False,0,1178236.1614451802
2025-12-22,1159974.8555192463,-0.0015332358346112906,105842.1466676899,1054132.7088515563,1163091.3645531326,0.0,0.0,0.0,0.0,0.0,0.0,16480.05983987417,0.0,92,0.020791829999804053,1,0,False,0,1176454.9153591206
2025-12-23,1156107.328540625,-0.003334147253467812,105842.1466676899,1050265.1818729353,1159736.5349692209,0.0,0.0,0.0,0.0,0.0,0.0,16480.05983987417,0.0,92,0.020888199048519133,1,0,False,0,1172587.3883804993
2025-12-24,1161626.4323660978,0.004773868039085638,105842.1466676899,1055784.285698408,1155951.5715731722,0.0,0.0,0.0,0.0,0.0,0.0,16480.05983987417,0.0,92,0.0208690154808367,1,0,False,0,1178106.492205972
2025-12-25,1166817.2870639414,0.004468609316396588,105842.1466676899,1060975.1403962516,1162030.3155713505,0.0,0.0,0.0,0.0,0.0,0.0,16480.05983987417,0.0,92,0.020749606873703447,1,0,False,0,1183297.3469038156
2025-12-26,1167287.4914654503,0.0004029803181029301,105842.1466676899,1061445.3447977602,1165995.5905660158,0.0,0.0,0.0,0.0,0.0,0.0,16480.05983987417,0.0,92,0.020741248558761385,1,0,False,0,1183767.5513053245
2025-12-29,1165350.5755097072,-0.0016593306875167801,92176.09670651733,1073174.47880319,1169440.9926766627,588993.0,576838.8843867333,1511.93434790603,640.5989635192966,288.4194421933666,582.9159421933667,17991.9941877802,0.9969138175311703,93,0.03667136816858053,0,14,True,0,1183342.5696974874
2025-12-30,1160997.5224577258,-0.0037354021557653994,92176.09670651733,1068821.4257512086,1163823.0211831054,0.0,0.0,0.0,0.0,0.0,0.0,17991.9941877802,0.0,93,0.03647725269074083,0,0,False,0,1178989.516645506
2025-12-31,1160582.2352097123,-0.00035769865135837353,92176.09670651733,1068406.138503195,1161838.3601190082,0.0,0.0,0.0,0.0,0.0,0.0,17991.9941877802,0.0,93,0.03634813520333278,0,0,False,0,1178574.2293974925
2026-01-05,1169554.8693892525,0.0077311489934350774,92176.09670651733,1077378.7726827352,1163857.537685917,0.0,0.0,0.0,0.0,0.0,0.0,17991.9941877802,0.0,93,0.03625738399269952,0,0,False,0,1187546.8635770327
2026-01-06,1181555.6341416845,0.01026096771218521,92176.09670651733,1089379.5374351672,1169922.069591522,0.0,0.0,0.0,0.0,0.0,0.0,17991.9941877802,0.0,93,0.03616841963690316,0,0,False,0,1199547.6283294647
2026-01-07,1179061.7414947296,-0.002110685756042674,92176.09670651733,1086885.6447882124,1181514.4083049293,0.0,0.0,0.0,0.0,0.0,0.0,17991.9941877802,0.0,93,0.03633821579664269,0,0,False,0,1197053.7356825098
2026-01-08,1187409.5236023313,0.007080021184487695,92176.09670651733,1095233.426895814,1178312.4027711551,0.0,0.0,0.0,0.0,0.0,0.0,17991.9941877802,0.0,93,0.03612906848671764,0,0,False,0,1205401.5177901115
2026-01-09,1192585.9566953836,0.004359433700134252,92176.09670651733,1100409.8599888664,1188151.369720257,0.0,0.0,0.0,0.0,0.0,0.0,17991.9941877802,0.0,93,0.03597224984845862,0,0,False,0,1210577.9508831638
2026-01-12,1202919.3773076914,0.008664717670281208,92176.09670651733,1110743.280601174,1193942.69925192,0.0,0.0,0.0,0.0,0.0,0.0,17991.9941877802,0.0,93,0.035708960060280605,0,0,False,0,1220911.3714954716
2026-01-13,1199463.1935637782,-0.0028731632469406465,92176.09670651733,1107287.096857261,1204984.7200865147,0.0,0.0,0.0,0.0,0.0,0.0,17991.9941877802,0.0,93,0.03585770720666484,0,0,False,0,1217455.1877515584
2026-01-14,1198092.005558329,-0.001143168054515531,92176.09670651733,1105915.9088518117,1200043.6466821437,0.0,0.0,0.0,0.0,0.0,0.0,17991.9941877802,0.0,93,0.0352101506430885,0,0,False,0,1216083.9997461091
2026-01-15,1194807.0230165478,-0.0027418449722901306,92176.09670651733,1102630.9263100305,1195557.5529263816,0.0,0.0,0.0,0.0,0.0,0.0,17991.9941877802,0.0,93,0.03530695684520138,0,0,False,0,1212799.017204328
2026-01-16,1183445.6058900242,-0.009508997610207515,92176.09670651733,1091269.509183507,1196532.1520875704,0.0,0.0,0.0,0.0,0.0,0.0,17991.9941877802,0.0,93,0.034995271260362164,0,0,False,0,1201437.6000778044
2026-01-19,1192988.3422031805,0.008063519155981469,92176.09670651733,1100812.2454966633,1180555.368758089,0.0,0.0,0.0,0.0,0.0,0.0,17991.9941877802,0.0,93,0.03462313799622457,0,0,False,0,1210980.3363909607
2026-01-20,1208337.8903320455,0.01286646950842596,92176.09670651733,1116161.7936255282,1193116.7660855474,0.0,0.0,0.0,0.0,0.0,0.0,17991.9941877802,0.0,93,0.03477504126636433,0,0,False,0,1226329.8845198257
2026-01-21,1205159.4408300684,-0.0026304310469844605,92176.09670651733,1112983.3441235512,1206690.8148868114,0.0,0.0,0.0,0.0,0.0,0.0,17991.9941877802,0.0,93,0.034684207403448575,0,0,False,0,1223151.4350178486
2026-01-22,1213694.8951516107,0.007082427463426244,92176.09670651733,1121518.7984450934,1204498.498098051,0.0,0.0,0.0,0.0,0.0,0.0,17991.9941877802,0.0,93,0.03412307340621353,0,0,False,0,1231686.889339391
2026-01-23,1219732.1599085077,0.0049742853669521025,92176.09670651733,1127556.0632019904,1215168.6184811222,0.0,0.0,0.0,0.0,0.0,0.0,17991.9941877802,0.0,93,0.03332288951291132,0,0,False,0,1237724.154096288
2026-01-26,1223785.0368931259,0.003322759797464103,92176.09670651733,1131608.9401866086,1220786.765259557,0.0,0.0,0.0,0.0,0.0,0.0,17991.9941877802,0.0,93,0.03366195758088336,0,0,False,0,1241777.031080906
2026-01-27,1216927.8146246953,-0.005603289843973958,92176.09670651733,1124751.717918178,1219048.55899954,0.0,0.0,0.0,0.0,0.0,0.0,17991.9941877802,0.0,93,0.03312850566444533,0,0,False,0,1234919.8088124755
2026-01-28,1216604.256143093,-0.0002658814086701211,162819.14591956648,1053785.1102235266,1216435.026018465,600478.0,672754.3360916366,1633.286878587176,660.2935424955409,336.3771680458181,636.6161680458182,19625.281066367377,1.0466916102038561,91,0.028929452322027097,0,14,True,0,1236229.5372094605
2026-01-29,1224605.1512025238,0.006576415476956532,162819.14591956648,1061786.0052829573,1215508.71578187,0.0,0.0,0.0,0.0,0.0,0.0,19625.281066367377,0.0,91,0.02857621212224558,0,0,False,0,1244230.4322688913
2026-01-30,1216350.751535112,-0.006740458064631083,162819.14591956648,1053531.6056155455,1219888.5279914807,0.0,0.0,0.0,0.0,0.0,0.0,19625.281066367377,0.0,91,0.029266172845454946,0,0,False,0,1235976.0326014794
2026-02-02,1195485.8714162381,-0.01715367059422712,162819.14591956648,1032666.7254966717,1210629.2650724177,0.0,0.0,0.0,0.0,0.0,0.0,19625.281066367377,0.0,91,0.029146089224256173,0,0,False,0,1215111.1524826055
2026-02-03,1206981.2006083701,0.009615612753761882,162819.14591956648,1044162.0546888036,1202085.6111364476,0.0,0.0,0.0,0.0,0.0,0.0,19625.281066367377,0.0,91,0.02945170293719641,0,0,False,0,1226606.4816747375
2026-02-04,1222088.8420632589,0.012516882157960652,162819.14591956648,1059269.6961436924,1207143.8206772245,0.0,0.0,0.0,0.0,0.0,0.0,19625.281066367377,0.0,91,0.029293328241861493,0,0,False,0,1241714.1231296263
2026-02-05,1220292.3461913865,-0.0014700206810164262,162819.14591956648,1057473.20027182,1219990.2836575308,0.0,0.0,0.0,0.0,0.0,0.0,19625.281066367377,0.0,91,0.029006830362816347,0,0,False,0,1239917.6272577539
2026-02-06,1218630.7258442852,-0.0013616575997442704,162819.14591956648,1055811.5799247187,1217832.7659356866,0.0,0.0,0.0,0.0,0.0,0.0,19625.281066367377,0.0,91,0.02933519504235458,0,0,False,0,1238256.0069106526
2026-02-09,1228852.653129482,0.008388043291879699,162819.14591956648,1066033.5072099154,1223838.6189558932,0.0,0.0,0.0,0.0,0.0,0.0,19625.281066367377,0.0,91,0.02917300871183074,0,0,False,0,1248477.9341958493
2026-02-10,1230638.3295831347,0.0014531249528617618,162819.14591956648,1067819.1836635682,1229764.2616847286,0.0,0.0,0.0,0.0,0.0,0.0,19625.281066367377,0.0,91,0.02908982170529501,0,0,False,0,1250263.6106495021
2026-02-11,1231658.5608592774,0.0008290260847703124,162819.14591956648,1068839.4149397109,1230382.955562289,0.0,0.0,0.0,0.0,0.0,0.0,19625.281066367377,0.0,91,0.029065725460715307,0,0,False,0,1251283.8419256448
2026-02-12,1222418.3403479902,-0.007502258178468502,162819.14591956648,1059599.1944284237,1232486.0019714641,0.0,0.0,0.0,0.0,0.0,0.0,19625.281066367377,0.0,91,0.028791857632672276,0,0,False,0,1242043.6214143576
2026-02-13,1213659.5211585779,-0.007165156886405066,162819.14591956648,1050840.3752390114,1222255.0368391797,0.0,0.0,0.0,0.0,0.0,0.0,19625.281066367377,0.0,91,0.028916788508617352,0,0,False,0,1233284.8022249453
2026-02-24,1228826.4262033233,0.01249683686431835,162819.14591956648,1066007.2802837568,1221478.458419365,0.0,0.0,0.0,0.0,0.0,0.0,19625.281066367377,0.0,91,0.029419131757445947,0,0,False,0,1248451.7072696907
2026-02-25,1235883.9419495934,0.00574329750384317,162819.14591956648,1073064.7960300269,1230660.8615773148,0.0,0.0,0.0,0.0,0.0,0.0,19625.281066367377,0.0,91,0.02912908455675418,0,0,False,0,1255509.2230159608
2026-02-26,1232413.587315979,-0.0028079939513899754,162819.14591956648,1069594.4413964124,1236656.4254531148,0.0,0.0,0.0,0.0,0.0,0.0,19625.281066367377,0.0,91,0.029007120982091704,0,0,False,0,1252038.8683823464
2026-02-27,1237350.8842247115,0.004006201294392664,162819.14591956648,1074531.738305145,1231286.1606420171,0.0,0.0,0.0,0.0,0.0,0.0,19625.281066367377,0.0,91,0.028932011160040613,0,0,False,0,1256976.1652910789
2026-03-02,1228266.6228162865,-0.007341701957175095,162819.14591956648,1065447.47689672,1232085.1918386482,0.0,0.0,0.0,0.0,0.0,0.0,19625.281066367377,0.0,91,0.028491026228913596,0,0,False,0,1247891.903882654
2026-03-03,1216294.0949862853,-0.009747499124049708,162819.14591956648,1053474.9490667188,1230496.8636712786,0.0,0.0,0.0,0.0,0.0,0.0,19625.281066367377,0.0,91,0.028234077905894397,0,0,False,0,1235919.3760526527
2026-03-04,1202056.7988312782,-0.011705471738862272,162819.14591956648,1039237.6529117118,1210515.078895077,0.0,0.0,0.0,0.0,0.0,0.0,19625.281066367377,0.0,91,0.02831751784376004,0,0,False,0,1221682.0798976456
2026-03-05,1211740.2542561782,0.008055738659200395,397451.13843217,814289.1158240082,1211166.3012129872,426455.0,662643.1010136175,1556.1085010136533,680.2379000000358,331.3215505068088,544.5490505068088,21181.38956738103,0.899214335738108,94,0.020796536148310497,0,11,True,0,1232921.6438235592
2026-03-06,1221496.891587383,0.008051756386680431,397451.13843217,824045.7531552131,1210414.703194942,0.0,0.0,0.0,0.0,0.0,0.0,21181.38956738103,0.0,94,0.020830998568440166,0,0,False,0,1242678.2811547641
2026-03-09,1216008.900918894,-0.004492840469988657,397451.13843217,818557.7624867241,1214381.4106019062,0.0,0.0,0.0,0.0,0.0,0.0,21181.38956738103,0.0,94,0.020781097885810586,0,0,False,0,1237190.290486275
2026-03-10,1225231.5239995646,0.007584338464711404,397451.13843217,827780.3855673946,1219144.3035434652,0.0,0.0,0.0,0.0,0.0,0.0,21181.38956738103,0.0,94,0.020796069559850312,0,0,False,0,1246412.9135669456
2026-03-11,1229646.8366629388,0.0036036557800611657,397451.13843217,832195.6982307688,1225876.9638040084,0.0,0.0,0.0,0.0,0.0,0.0,21181.38956738103,0.0,94,0.020977567892591933,0,0,False,0,1250828.2262303198
2026-03-12,1231605.0036387073,0.0015924629067340934,397451.13843217,834153.8652065373,1228971.191950485,0.0,0.0,0.0,0.0,0.0,0.0,21181.38956738103,0.0,94,0.02105788781579902,0,0,False,0,1252786.3932060883
2026-03-13,1232592.19912198,0.0008015520238680018,397451.13843217,835141.06068981,1229956.084439518,0.0,0.0,0.0,0.0,0.0,0.0,21181.38956738103,0.0,94,0.0213249767593217,0,0,False,0,1253773.588689361
2026-03-16,1230089.6980130807,-0.0020302749852562085,397451.13843217,832638.5595809108,1232087.8772829326,0.0,0.0,0.0,0.0,0.0,0.0,21181.38956738103,0.0,94,0.020970015472589868,0,0,False,0,1251271.0875804618
2026-03-17,1225080.8234548396,-0.00407195878994171,397451.13843217,827629.6850226696,1231059.7144196772,0.0,0.0,0.0,0.0,0.0,0.0,21181.38956738103,0.0,94,0.02094147545928057,0,0,False,0,1246262.2130222206
2026-03-18,1223159.1849158714,-0.001568581029249283,397451.13843217,825708.0464837014,1225581.0991501706,0.0,0.0,0.0,0.0,0.0,0.0,21181.38956738103,0.0,94,0.02085991775612413,0,0,False,0,1244340.5744832524
2026-03-19,1210585.7034872987,-0.010279513560974007,397451.13843217,813134.5650551287,1216885.1517326576,0.0,0.0,0.0,0.0,0.0,0.0,21181.38956738103,0.0,94,0.02078745844057469,0,0,False,0,1231767.0930546797
2026-03-20,1198714.0180814469,-0.009806563361564047,397451.13843217,801262.8796492768,1211765.9545196588,0.0,0.0,0.0,0.0,0.0,0.0,21181.38956738103,0.0,94,0.020905736999820346,0,0,False,0,1219895.4076488279
2026-03-23,1163794.3400835071,-0.02913094989397802,397451.13843217,766343.2016513371,1189132.0508133592,0.0,0.0,0.0,0.0,0.0,0.0,21181.38956738103,0.0,94,0.02075108906121529,0,0,False,0,1184975.7296508881
2026-03-24,1184971.7157190563,0.018196836765875357,397451.13843217,787520.5772868863,1173858.1982868738,0.0,0.0,0.0,0.0,0.0,0.0,21181.38956738103,0.0,94,0.020646062412685347,0,0,False,0,1206153.1052864373
2026-03-25,1197145.3817182356,0.010273381075422527,397451.13843217,799694.2432860655,1186372.9115670628,0.0,0.0,0.0,0.0,0.0,0.0,21181.38956738103,0.0,94,0.02061153171270717,0,0,False,0,1218326.7712856166
2026-03-26,1189904.4607447863,-0.006048489251202271,397451.13843217,792453.3223126163,1195755.1331543005,0.0,0.0,0.0,0.0,0.0,0.0,21181.38956738103,0.0,94,0.020472231850250867,0,0,False,0,1211085.8503121673
2026-03-27,1195289.1922702529,0.0045253477931297414,397451.13843217,797838.0538380828,1183930.554137377,0.0,0.0,0.0,0.0,0.0,0.0,21181.38956738103,0.0,94,0.020467850088676267,0,0,False,0,1216470.5818376339
2026-03-30,1197760.490286811,0.0020675314664766464,397451.13843217,800309.351854641,1187880.1146790544,0.0,0.0,0.0,0.0,0.0,0.0,21181.38956738103,0.0,94,0.020571725482530057,0,0,False,0,1218941.879854192
2026-03-31,1193974.258279564,-0.0031610927543120892,397451.13843217,796523.1198473941,1196818.946483494,0.0,0.0,0.0,0.0,0.0,0.0,21181.38956738103,0.0,94,0.020666274694700153,0,0,False,0,1215155.647846945
2026-04-01,1199065.3249754866,0.00426396688255104,397451.13843217,801614.1865433167,1202079.5995131584,0.0,0.0,0.0,0.0,0.0,0.0,21181.38956738103,0.0,94,0.020578528530554238,0,0,False,0,1220246.7145428676
2026-04-02,1189584.183366596,-0.00790711015605794,480842.3907457996,708741.7926207964,1197493.3518085184,390733.0,475456.95997360314,1332.7076599735733,661.8841999999705,237.72847998680163,433.0949799868017,22514.097227354603,0.7233359238825308,99,0.009960623355352395,0,18,True,0,1212098.2805939505
2026-04-03,1178273.565211605,-0.009508043493804075,480842.3907457996,697431.1744658055,1190518.8662445017,0.0,0.0,0.0,0.0,0.0,0.0,22514.097227354603,0.0,99,0.009969671175557287,0,0,False,0,1200787.6624389596
2026-04-07,1180850.9940509857,0.002187462161147291,480842.3907457996,700008.6033051861,1178643.5046395634,0.0,0.0,0.0,0.0,0.0,0.0,22514.097227354603,0.0,99,0.009947910497760953,0,0,False,0,1203365.0912783402
2026-04-08,1200695.8589480727,0.016805562257273365,480842.3907457996,719853.4682022731,1190441.7833677733,0.0,0.0,0.0,0.0,0.0,0.0,22514.097227354603,0.0,99,0.009967553324027309,0,0,False,0,1223209.9561754272
2026-04-09,1190888.1160469106,-0.008168382382658157,480842.3907457996,710045.7253011111,1196478.4118264446,0.0,0.0,0.0,0.0,0.0,0.0,22514.097227354603,0.0,99,0.009949717223924648,0,0,False,0,1213402.2132742652
2026-04-10,1197296.0458792923,0.005380799208621223,480842.3907457996,716453.6551334928,1195089.474627814,0.0,0.0,0.0,0.0,0.0,0.0,22514.097227354603,0.0,99,0.009924863646632675,0,0,False,0,1219810.1431066468
2026-04-13,1195892.2586208638,-0.0011724646241503267,480842.3907457996,715049.8678750641,1194241.6130113963,0.0,0.0,0.0,0.0,0.0,0.0,22514.097227354603,0.0,99,0.009851221893173478,0,0,False,0,1218406.3558482183
2026-04-14,1200912.9007948078,0.004198239546875149,480842.3907457996,720070.5100490083,1199491.416116749,0.0,0.0,0.0,0.0,0.0,0.0,22514.097227354603,0.0,99,0.009852504700532118,0,0,False,0,1223426.9980221624
2026-04-15,1200689.3492194095,-0.00018615136472455163,480842.3907457996,719846.9584736099,1203547.7436779968,0.0,0.0,0.0,0.0,0.0,0.0,22514.097227354603,0.0,99,0.009854339099203894,0,0,False,0,1223203.446446764
2026-04-16,1204272.6205640477,0.0029843450739091004,480842.3907457996,723430.2298182482,1201623.6204021988,0.0,0.0,0.0,0.0,0.0,0.0,22514.097227354603,0.0,99,0.009825017855565566,0,0,False,0,1226786.7177914022
2026-04-17,1204813.1617956236,0.00044885287794937945,480842.3907457996,723970.7710498241,1203605.0096241918,0.0,0.0,0.0,0.0,0.0,0.0,22514.097227354603,0.0,99,0.009778279631710216,0,0,False,0,1227327.2590229781
2026-04-20,1209342.763428125,0.0037595884375554167,480842.3907457996,728500.3726823255,1205609.0004877166,0.0,0.0,0.0,0.0,0.0,0.0,22514.097227354603,0.0,99,0.009699483351401183,1,0,False,0,1231856.8606554796
2026-04-21,1208643.0922942874,-0.0005785548605379276,480842.3907457996,727800.7015484879,1208877.5625028205,0.0,0.0,0.0,0.0,0.0,0.0,22514.097227354603,0.0,99,0.009691032923352026,1,0,False,0,1231157.189521642
2026-04-22,1210232.5693011545,0.0013150921202469412,480842.3907457996,729390.1785553548,1207887.9740381755,0.0,0.0,0.0,0.0,0.0,0.0,22514.097227354603,0.0,99,0.009690699372576862,1,0,False,0,1232746.666528509
2026-04-23,1207053.2119261618,-0.002627063141118935,480842.3907457996,726210.8211803623,1210360.2897370935,0.0,0.0,0.0,0.0,0.0,0.0,22514.097227354603,0.0,99,0.009755990774545024,1,0,False,0,1229567.3091535163
2026-04-24,1201230.5725668103,-0.004823846456661118,480842.3907457996,720388.1818210108,1203677.2721201377,0.0,0.0,0.0,0.0,0.0,0.0,22514.097227354603,0.0,99,0.009869878665015448,1,0,False,0,1223744.6697941648
2026-04-27,1204719.2021682882,0.0029042131303929075,480842.3907457996,723876.8114224887,1201017.3100549197,0.0,0.0,0.0,0.0,0.0,0.0,22514.097227354603,0.0,99,0.00976161082083802,1,0,False,0,1227233.2993956427
2026-04-28,1201386.547918574,-0.0027663328049524205,480842.3907457996,720544.1571727743,1201722.429542719,0.0,0.0,0.0,0.0,0.0,0.0,22514.097227354603,0.0,99,0.009762053703962121,1,0,False,0,1223900.6451459285
2026-04-29,1208671.5528649061,0.006063830961777983,480842.3907457996,727829.1621191066,1199041.6612276386,0.0,0.0,0.0,0.0,0.0,0.0,22514.097227354603,0.0,99,0.009769403418170333,1,0,False,0,1231185.6500922607
2026-04-30,1205678.899375333,-0.00247598570718377,480842.3907457996,724836.5086295333,1206037.0944024837,0.0,0.0,0.0,0.0,0.0,0.0,22514.097227354603,0.0,99,0.009714029171521164,1,0,False,0,1228192.9966026875
2026-05-06,1209475.2055520494,0.0031486875806512327,294444.6650186763,915030.540533373,1207865.1747483267,590438.0,405453.31799086777,1413.0437179908683,712.3714,202.72665899543392,497.94565899543403,23927.140945345473,0.8245053660052528,98,0.019446450735018654,1,10,True,0,1233402.3464973948
2026-05-07,1211239.035105153,0.0014583428788013109,294444.6650186763,916794.3700864768,1212013.0400530354,0.0,0.0,0.0,0.0,0.0,0.0,23927.140945345473,0.0,98,0.01953371656151535,0,0,False,0,1235166.1760504984
2026-05-08,1214279.9031344885,0.0025105432876604272,294444.6650186763,919835.2381158121,1210356.3272423074,0.0,0.0,0.0,0.0,0.0,0.0,23927.140945345473,0.0,98,0.019455975462515953,0,0,False,0,1238207.044079834
2026-05-11,1219575.7244662521,0.004361285497761491,294444.6650186763,925131.0594475758,1215545.627761636,0.0,0.0,0.0,0.0,0.0,0.0,23927.140945345473,0.0,98,0.01945758637528125,0,0,False,0,1243502.8654115975
2026-05-12,1213670.1027071,-0.00484235758442686,294444.6650186763,919225.4376884238,1220897.2835943736,0.0,0.0,0.0,0.0,0.0,0.0,23927.140945345473,0.0,98,0.019494589136877967,0,0,False,0,1237597.2436524455
2026-05-13,1216018.0629843108,0.0019345951358391567,294444.6650186763,921573.3979656345,1212995.2148380545,0.0,0.0,0.0,0.0,0.0,0.0,23927.140945345473,0.0,98,0.01942816535309613,0,0,False,0,1239945.2039296562
2026-05-14,1204873.6277857157,-0.00916469544148446,294444.6650186763,910428.9627670394,1217069.3215893833,0.0,0.0,0.0,0.0,0.0,0.0,23927.140945345473,0.0,98,0.019346427262109764,0,0,False,0,1228800.7687310611
2026-05-15,1195577.4669338097,-0.0077154654542404,294444.6650186763,901132.8019151334,1204828.7634341363,0.0,0.0,0.0,0.0,0.0,0.0,23927.140945345473,0.0,98,0.01929193267514738,0,0,False,0,1219504.607879155
2026-05-18,1189708.830534312,-0.0049086207810092874,294444.6650186763,895264.1655156356,1193128.1884372197,0.0,0.0,0.0,0.0,0.0,0.0,23927.140945345473,0.0,98,0.019122325913789193,0,0,False,0,1213635.9714796573
2026-05-19,1200440.905047794,0.009020757212218289,294444.6650186763,905996.2400291178,1189406.3520842274,0.0,0.0,0.0,0.0,0.0,0.0,23927.140945345473,0.0,98,0.019213773791798602,0,0,False,0,1224368.0459931395
2026-05-20,1191419.2759568775,-0.007515262977945136,294444.6650186763,896974.6109382011,1198471.360058585,0.0,0.0,0.0,0.0,0.0,0.0,23927.140945345473,0.0,98,0.019065496469948675,0,0,False,0,1215346.416902223
2026-05-21,1180849.9024991463,-0.008871245976142639,294444.6650186763,886405.2374804699,1196743.7109785967,0.0,0.0,0.0,0.0,0.0,0.0,23927.140945345473,0.0,98,0.019028667362760383,0,0,False,0,1204777.0434444917
2026-05-22,1185408.3072175481,0.0038602744588913662,294444.6650186763,890963.6421988718,1183031.5314679125,0.0,0.0,0.0,0.0,0.0,0.0,23927.140945345473,0.0,98,0.01880786549601453,0,0,False,0,1209335.4481628935
2026-05-25,1186539.6819818662,0.0009544177794515996,294444.6650186763,892095.0169631899,1186391.2917780853,0.0,0.0,0.0,0.0,0.0,0.0,23927.140945345473,0.0,98,0.018730936973698847,0,0,False,0,1210466.8229272116
2026-05-26,1186962.9705284631,0.0003567420062091653,294444.6650186763,892518.3055097868,1184633.884811537,0.0,0.0,0.0,0.0,0.0,0.0,23927.140945345473,0.0,98,0.018694770225317184,0,0,False,0,1210890.1114738085
2026-05-27,1174267.6391660762,-0.010695642305281639,294444.6650186763,879822.9741473999,1184451.2284365161,0.0,0.0,0.0,0.0,0.0,0.0,23927.140945345473,0.0,98,0.018658438050428983,0,0,False,0,1198194.7801114216
2026-05-28,1170502.8374047033,-0.0032060849126750446,294444.6650186763,876058.172386027,1171478.312179835,0.0,0.0,0.0,0.0,0.0,0.0,23927.140945345473,0.0,98,0.018628745957023466,0,0,False,0,1194429.9783500487
2026-05-29,1163150.4664289923,-0.00628137817419816,294444.6650186763,868705.801410316,1171467.9485518234,0.0,0.0,0.0,0.0,0.0,0.0,23927.140945345473,0.0,98,0.019258041540200718,0,0,False,0,1187077.6073743377
2026-06-01,1174529.6247177836,0.00978304924188067,294444.6650186763,880084.9596991073,1161952.2144785845,0.0,0.0,0.0,0.0,0.0,0.0,23927.140945345473,0.0,98,0.019339656933253277,0,0,False,0,1198456.765663129
2026-06-02,1170654.6450389551,-0.00329917576984029,294444.6650186763,876209.9800202788,1173862.1404808224,0.0,0.0,0.0,0.0,0.0,0.0,23927.140945345473,0.0,98,0.019254184054628882,0,0,False,0,1194581.7859843005
2026-06-03,1161425.1504593692,-0.007884045579709675,236125.5030314253,925299.6474279438,1170338.7189468439,536177.0,479279.45669382194,1421.618681072479,674.2507243786572,239.63972834691097,507.72822834691084,25348.759626417952,0.8676603108607769,100,0.017574959515838453,0,15,True,0,1186773.910085787
2026-06-04,1149206.0436809007,-0.01052078713263227,236125.5030314253,913080.5406494755,1158310.2171269497,0.0,0.0,0.0,0.0,0.0,0.0,25348.759626417952,0.0,100,0.017667850000997295,0,0,False,0,1174554.8033073186
2026-06-05,1157182.0675414652,0.006940464596772555,236125.5030314253,921056.5645100399,1149659.2920550336,0.0,0.0,0.0,0.0,0.0,0.0,25348.759626417952,0.0,100,0.01760829222257011,0,0,False,0,1182530.827167883
2026-06-08,1138185.7207502313,-0.016416039726223297,236125.5030314253,902060.217718806,1146872.2395069706,0.0,0.0,0.0,0.0,0.0,0.0,25348.759626417952,0.0,100,0.017617511478514803,0,0,False,0,1163534.4803766492
2026-06-09,1142385.1401813957,0.003689573111492095,236125.5030314253,906259.6371499705,1140696.0183086025,0.0,0.0,0.0,0.0,0.0,0.0,25348.759626417952,0.0,100,0.01767880138635254,0,0,False,0,1167733.8998078136
2026-06-10,1140726.647218673,-0.0014517809313059349,236125.5030314253,904601.1441872476,1138009.5958680809,0.0,0.0,0.0,0.0,0.0,0.0,25348.759626417952,0.0,100,0.017830739774133516,0,0,False,0,1166075.406845091
2026-06-11,1131797.9951799475,-0.007827161801204019,236125.5030314253,895672.4921485222,1137702.6919289045,0.0,0.0,0.0,0.0,0.0,0.0,25348.759626417952,0.0,100,0.018162251645197785,0,0,False,0,1157146.7548063654
2026-06-12,1149305.9379745699,0.01546914102091046,236125.5030314253,913180.4349431447,1136103.1103279167,0.0,0.0,0.0,0.0,0.0,0.0,25348.759626417952,0.0,100,0.018042193392415893,0,0,False,0,1174654.6976009877
2026-06-15,1155448.357902978,0.0053444602742007685,236125.5030314253,919322.8548715529,1152688.1939026907,0.0,0.0,0.0,0.0,0.0,0.0,25348.759626417952,0.0,100,0.01794628021075981,0,0,False,0,1180797.117529396
2026-06-16,1149023.8208047138,-0.005560211371042345,236125.5030314253,912898.3177732883,1154451.771868408,0.0,0.0,0.0,0.0,0.0,0.0,25348.759626417952,0.0,100,0.017921299478003038,0,0,False,0,1174372.5804311316
2026-06-17,1143231.2142075496,-0.005041328554100222,236125.5030314253,907105.7111761244,1147250.681488299,0.0,0.0,0.0,0.0,0.0,0.0,25348.759626417952,0.0,100,0.018043594107322803,0,0,False,0,1168579.9738339675
2026-06-18,1129590.6840249333,-0.011931558562343403,236125.5030314253,893465.1809935078,1141013.3001064688,0.0,0.0,0.0,0.0,0.0,0.0,25348.759626417952,0.0,100,0.017847172683951064,0,0,False,0,1154939.4436513511
2026-06-22,1141388.8656747416,0.010444652046676994,236125.5030314253,905263.3626433162,1127996.775726946,0.0,0.0,0.0,0.0,0.0,0.0,25348.759626417952,0.0,100,0.01788347566184928,0,0,False,0,1166737.6253011595
2026-06-23,1137535.967059488,-0.00337562309491779,236125.5030314253,901410.4640280628,1139407.0763406307,0.0,0.0,0.0,0.0,0.0,0.0,25348.759626417952,0.0,100,0.01718451158121236,0,0,False,0,1162884.7266859058
2026-06-24,1122867.9639068646,-0.012894540108951302,236125.5030314253,886742.4608754393,1136500.9509974704,0.0,0.0,0.0,0.0,0.0,0.0,25348.759626417952,0.0,100,0.01686395961827796,0,0,False,0,1148216.7235332825
2026-06-25,1118290.5146693075,-0.004076569449564249,236125.5030314253,882165.0116378823,1120699.8018256011,0.0,0.0,0.0,0.0,0.0,0.0,25348.759626417952,0.0,100,0.017093948083460923,0,0,False,0,1143639.2742957254
2026-06-26,1096910.7680867906,-0.01911824011924057,236125.5030314253,860785.2650553652,1116560.920987201,0.0,0.0,0.0,0.0,0.0,0.0,25348.759626417952,0.0,100,0.017131749041694087,0,0,False,0,1122259.5277132085
2026-06-29,1101701.924291552,0.004367863224752577,236125.5030314253,865576.4212601266,1095322.5917690555,0.0,0.0,0.0,0.0,0.0,0.0,25348.759626417952,0.0,100,0.017253305618214938,0,0,False,0,1127050.68391797
2026-06-30,1097781.7362325105,-0.0035583019078072597,236125.5030314253,861656.2332010852,1099027.5446565393,0.0,0.0,0.0,0.0,0.0,0.0,25348.759626417952,0.0,100,0.017052570089429522,0,0,False,0,1123130.4958589284
2026-07-01,1114816.9071767442,0.015517812313672552,236125.5030314253,878691.4041453189,1098144.6045507723,0.0,0.0,0.0,0.0,0.0,0.0,25348.759626417952,0.0,100,0.017147210341826355,0,0,False,0,1140165.666803162
2026-07-02,1118435.01062754,0.003245468764874193,219290.65350500421,899144.3571225358,1112320.987108412,466477.0,450957.48646003904,1315.335986460039,631.14,225.47874323001955,458.71724323001973,26664.09561287799,0.8247929303617658,100,0.01826123092171432,0,19,True,0,1145099.106240418
2026-07-03,1133591.4594638464,0.013551479247598142,219290.65350500421,914300.8059588422,1122936.5553563724,0.0,0.0,0.0,0.0,0.0,0.0,26664.09561287799,0.0,100,0.018179388904113938,0,0,False,0,1160255.5550767244
2026-07-06,1138404.4768732227,0.004245813047720759,219290.65350500421,919113.8233682185,1133190.471622545,0.0,0.0,0.0,0.0,0.0,0.0,26664.09561287799,0.0,100,0.018304566103984746,0,0,False,0,1165068.5724861007
2026-07-07,1119021.739644403,-0.01702623067862208,219290.65350500421,899731.086139399,1137046.3382776421,0.0,0.0,0.0,0.0,0.0,0.0,26664.09561287799,0.0,100,0.018416085469907025,0,0,False,0,1145685.835257281
2026-07-08,1119721.1919867764,0.0006250569739560952,219290.65350500421,900430.5384817722,1117750.2923567095,0.0,0.0,0.0,0.0,0.0,0.0,26664.09561287799,0.0,100,0.018774316455218255,0,0,False,0,1146385.2875996544
2026-07-09,1114550.0735868162,-0.004618219639823784,219290.65350500421,895259.420081812,1117864.6091497282,0.0,0.0,0.0,0.0,0.0,0.0,26664.09561287799,0.0,100,0.018820150388123146,0,0,False,0,1141214.1691996942
2026-07-10,1127721.5308668825,0.011817734879939756,219290.65350500421,908430.8773618783,1114166.6615262541,0.0,0.0,0.0,0.0,0.0,0.0,26664.09561287799,0.0,100,0.018722707177335464,0,0,False,0,1154385.6264797605
2026-07-13,1117699.0490193078,-0.00888737296686215,219290.65350500421,898408.3955143036,1123288.3268337608,0.0,0.0,0.0,0.0,0.0,0.0,26664.09561287799,0.0,100,0.01909637484143181,0,0,False,0,1144363.1446321858
2026-07-14,1133229.0852304068,0.01389464921234862,219290.65350500421,913938.4317254027,1115763.1546012636,0.0,0.0,0.0,0.0,0.0,0.0,26664.09561287799,0.0,100,0.01903763350336672,0,0,False,0,1159893.1808432848
2026-07-15,1148590.4335143885,0.013555377711522931,219290.65350500421,929299.7800093843,1130958.8928306545,0.0,0.0,0.0,0.0,0.0,0.0,26664.09561287799,0.0,100,0.018903169803999198,0,0,False,0,1175254.5291272665
2026-07-16,1153870.58755422,0.0045970729737629945,219290.65350500421,934579.9340492159,1146379.8312282641,0.0,0.0,0.0,0.0,0.0,0.0,26664.09561287799,0.0,100,0.018901456742256968,0,0,False,0,1180534.683167098
2026-07-17,1140190.1406726057,-0.011856136233277192,219290.65350500421,920899.4871676015,1152040.5499557108,0.0,0.0,0.0,0.0,0.0,0.0,26664.09561287799,0.0,100,0.0193849987571566,0,0,False,0,1166854.2362854837
2026-07-20,1151495.8440102907,0.009915629801022119,219290.65350500421,932205.1905052864,1140272.9457486232,0.0,0.0,0.0,0.0,0.0,0.0,26664.09561287799,0.0,100,0.019703139619617935,0,0,False,0,1178159.9396231687
2026-07-21,1144059.4275804681,-0.006458048866180843,219290.65350500421,924768.774075464,1150663.4558038493,0.0,0.0,0.0,0.0,0.0,0.0,26664.09561287799,0.0,100,0.01974591501719156,0,0,False,0,1170723.523193346
2026-07-22,1146017.566952019,0.0017115713785009756,219290.65350500421,926726.9134470149,1142144.8227737963,0.0,0.0,0.0,0.0,0.0,0.0,26664.09561287799,0.0,100,0.020010200483080668,0,0,False,0,1172681.662564897
2026-07-23,1159808.733966868,0.012033992682614958,219290.65350500421,940518.0804618637,1143738.5226351954,0.0,0.0,0.0,0.0,0.0,0.0,26664.09561287799,0.0,100,0.019772261236047323,0,0,False,0,1186472.829579746
2026-07-24,1139840.188794369,-0.017217101913175603,219290.65350500421,920549.535289365,1153810.086699757,0.0,0.0,0.0,0.0,0.0,0.0,26664.09561287799,0.0,100,0.020118646014839925,0,0,False,0,1166504.284407247
2026-07-27,1150494.6602241066,0.009347337929018762,219290.65350500421,931204.0067191024,1139923.6032146085,0.0,0.0,0.0,0.0,0.0,0.0,26664.09561287799,0.0,100,0.019635467258248995,0,0,False,0,1177158.7558369846
2026-07-28,1156955.3509559892,0.0056155764604974845,219290.65350500421,937664.697450985,1146172.6823824013,0.0,0.0,0.0,0.0,0.0,0.0,26664.09561287799,0.0,100,0.019567990925573306,0,0,False,0,1183619.4465688672
2026-07-29,1176440.294301746,0.01684156897641409,219290.65350500421,957149.6407967418,1157968.3946260894,0.0,0.0,0.0,0.0,0.0,0.0,26664.09561287799,0.0,100,0.019243893564728165,0,0,False,0,1203104.389914624
2026-07-30,1183612.8886010107,0.006096862147621174,432272.88807593356,751340.000525077,1175790.4639146272,425333.0,639891.8341430956,1576.5995721663762,724.0412380232806,319.9459170715477,532.6124170715475,28240.695185044366,0.9059648524419742,95,0.013472310206813465,0,12,True,0,1211853.583786055
2026-07-31,1188847.0965543245,0.004422229602028427,432272.88807593356,756574.2084783908,1181976.9877068037,0.0,0.0,0.0,0.0,0.0,0.0,28240.695185044366,0.0,95,0.013441954720708055,0,0,False,0,1217087.7917393688
2026-08-03,1197193.6999059215,0.007020754288577846,432272.88807593356,764920.8118299879,1187974.219365289,0.0,0.0,0.0,0.0,0.0,0.0,28240.695185044366,0.0,95,0.013506586278618827,0,0,False,0,1225434.3950909658
2026-08-04,1192356.7064946028,-0.004040276366053974,432272.88807593356,760083.8184186693,1198010.6262957407,0.0,0.0,0.0,0.0,0.0,0.0,28240.695185044366,0.0,95,0.013460736969540215,0,0,False,0,1220597.4016796472
2026-08-05,1190702.7864942339,-0.001387101688077319,432272.88807593356,758429.8984183003,1192979.4039439708,0.0,0.0,0.0,0.0,0.0,0.0,28240.695185044366,0.0,95,0.013353458294004944,0,0,False,0,1218943.4816792782
2026-08-06,1190516.8285548836,-0.00015617494261332965,432272.88807593356,758243.94047895,1188847.1094248448,0.0,0.0,0.0,0.0,0.0,0.0,28240.695185044366,0.0,95,0.013506738934141485,0,0,False,0,1218757.523739928
2026-08-07,1188767.5330123433,-0.0014693580977461762,432272.88807593356,756494.6449364098,1189835.3885154906,0.0,0.0,0.0,0.0,0.0,0.0,28240.695185044366,0.0,95,0.013450905711959352,0,0,False,0,1217008.2281973877
2026-08-10,1197525.177990078,0.007366995425541978,432272.88807593356,765252.2899141443,1189072.219239038,0.0,0.0,0.0,0.0,0.0,0.0,28240.695185044366,0.0,95,0.013853570935221346,0,0,False,0,1225765.8731751223
2026-08-11,1192375.3921186135,-0.004300357074836558,432272.88807593356,760102.5040426799,1196445.4529478773,0.0,0.0,0.0,0.0,0.0,0.0,28240.695185044366,0.0,95,0.013837923953358823,0,0,False,0,1220616.0873036578
2026-08-12,1197001.842374693,0.0038800282919786433,432272.88807593356,764728.9542987593,1192492.9121801269,0.0,0.0,0.0,0.0,0.0,0.0,28240.695185044366,0.0,95,0.013809502554484153,0,0,False,0,1225242.5375597372
2026-08-13,1191385.3186077052,-0.004692159667728957,432272.88807593356,759112.4305317715,1198043.0388848064,0.0,0.0,0.0,0.0,0.0,0.0,28240.695185044366,0.0,95,0.013597615940854376,0,0,False,0,1219626.0137927495
2026-08-14,1189631.1572360585,-0.001472371149995877,432272.88807593356,757358.2691601249,1191974.4839377254,0.0,0.0,0.0,0.0,0.0,0.0,28240.695185044366,0.0,95,0.013693319900810998,0,0,False,0,1217871.8524211028
2026-08-17,1194677.3760889277,0.004241834809197043,432272.88807593356,762404.4880129942,1189610.6208756994,0.0,0.0,0.0,0.0,0.0,0.0,28240.695185044366,0.0,95,0.013811260119456364,0,0,False,0,1222918.071273972
2026-08-18,1192622.9089613655,-0.0017196836306452301,432272.88807593356,760350.0208854318,1193476.531250172,0.0,0.0,0.0,0.0,0.0,0.0,28240.695185044366,0.0,95,0.01378474275184562,0,0,False,0,1220863.6041464098
2026-08-19,1181528.584670176,-0.00930245780776695,432272.88807593356,749255.6965942425,1189789.7834450328,0.0,0.0,0.0,0.0,0.0,0.0,28240.695185044366,0.0,95,0.013685661277938597,0,0,False,0,1209769.2798552203
2026-08-20,1191413.1973473912,0.008365953058998121,432272.88807593356,759140.3092714576,1183720.9515862316,0.0,0.0,0.0,0.0,0.0,0.0,28240.695185044366,0.0,95,0.013849099570770261,0,0,False,0,1219653.8925324355
2026-08-21,1187417.475017937,-0.0033537670544110387,432272.88807593356,755144.5869420033,1188563.0254872849,0.0,0.0,0.0,0.0,0.0,0.0,28240.695185044366,0.0,95,0.013895702520080003,0,0,False,0,1215658.1702029812
2026-08-24,1186253.2165302155,-0.000980496339506809,432272.88807593356,753980.328454282,1186365.6015951594,0.0,0.0,0.0,0.0,0.0,0.0,28240.695185044366,0.0,95,0.01383347144717349,0,0,False,0,1214493.9117152598
2026-08-25,1194445.2215694222,0.006905781097199748,432272.88807593356,762172.3334934886,1184682.9170396044,0.0,0.0,0.0,0.0,0.0,0.0,28240.695185044366,0.0,95,0.014014874602611534,0,0,False,0,1222685.9167544665
2026-08-26,1202015.8508511754,0.0063381971354081745,432272.88807593356,769742.9627752419,1193155.706986805,0.0,0.0,0.0,0.0,0.0,0.0,28240.695185044366,0.0,95,0.014101311549255991,0,0,False,0,1230256.5460362197
2026-08-27,1198947.7615922862,-0.0025524532448690795,390311.18064698175,808636.5809453044,1200159.3280860016,518381.0,477866.9375085564,1447.6449375085572,710.5875,238.93346875427824,498.1239687542781,29688.340122552923,0.8300963998649743,99,0.015492751723666242,0,12,True,0,1228636.101714839
2026-08-28,1202325.0693462351,0.0028168931642724715,390311.18064698175,812013.8886992534,1198734.5594911212,0.0,0.0,0.0,0.0,0.0,0.0,29688.340122552923,0.0,99,0.015532405067591133,0,0,False,0,1232013.409468788
2026-08-31,1203199.6395580964,0.0007273991320306816,390311.18064698175,812888.4589111146,1199709.406549495,0.0,0.0,0.0,0.0,0.0,0.0,29688.340122552923,0.0,99,0.015521115021995983,0,0,False,0,1232887.9796806492
2026-09-01,1213750.3613650824,0.008768887107430512,390311.18064698175,823439.1807181007,1202022.6669543136,0.0,0.0,0.0,0.0,0.0,0.0,29688.340122552923,0.0,99,0.01635426907520549,0,0,False,0,1243438.7014876353
2026-09-02,1206030.3802900102,-0.006360435655310304,390311.18064698175,815719.1996430284,1211611.1556905545,0.0,0.0,0.0,0.0,0.0,0.0,29688.340122552923,0.0,99,0.016065101109030238,0,0,False,0,1235718.720412563
2026-09-03,1207593.8636278436,0.0012963880208867185,390311.18064698175,817282.6829808617,1206776.4124394504,0.0,0.0,0.0,0.0,0.0,0.0,29688.340122552923,0.0,99,0.01596149217088994,0,0,False,0,1237282.2037503964
2026-09-04,1210189.3766247595,0.0021493260897489375,390311.18064698175,819878.1959777777,1209186.3707139303,0.0,0.0,0.0,0.0,0.0,0.0,29688.340122552923,0.0,99,0.015823969677693152,0,0,False,0,1239877.7167473123
2026-09-07,1207101.709587138,-0.0025513916228823152,390311.18064698175,816790.5289401562,1210759.7942839344,0.0,0.0,0.0,0.0,0.0,0.0,29688.340122552923,0.0,99,0.015905867622827596,0,0,False,0,1236790.0497096907
2026-09-08,1214312.3452699494,0.0059735112837158155,390311.18064698175,824001.1646229676,1208014.2339214678,0.0,0.0,0.0,0.0,0.0,0.0,29688.340122552923,0.0,99,0.015832005723067397,0,0,False,0,1244000.6853925022
2026-09-09,1214318.403566329,4.989075836459023e-06,390311.18064698175,824007.2229193473,1213395.530162704,0.0,0.0,0.0,0.0,0.0,0.0,29688.340122552923,0.0,99,0.015646637606874396,0,0,False,0,1244006.7436888819
2026-09-10,1212701.34259855,-0.0013316614184796238,390311.18064698175,822390.1619515682,1212926.9116895138,0.0,0.0,0.0,0.0,0.0,0.0,29688.340122552923,0.0,99,0.015502580346497413,0,0,False,0,1242389.6827211028
2026-09-11,1201292.0471247828,-0.009408165945722136,390311.18064698175,810980.866477801,1209728.5700341288,0.0,0.0,0.0,0.0,0.0,0.0,29688.340122552923,0.0,99,0.015483329007659665,0,0,False,0,1230980.3872473356
2026-09-14,1203771.6871569012,0.002064144217097885,390311.18064698175,813460.5065099195,1199435.929399761,0.0,0.0,0.0,0.0,0.0,0.0,29688.340122552923,0.0,99,0.015513739190952742,0,0,False,0,1233460.027279454
2026-09-15,1195219.7537674278,-0.007104281883943964,390311.18064698175,804908.5731204461,1202729.256346615,0.0,0.0,0.0,0.0,0.0,0.0,29688.340122552923,0.0,99,0.01543649185996648,0,0,False,0,1224908.0938899806
2026-09-16,1194665.0289077119,-0.00046411955455671894,390311.18064698175,804353.84826073,1193493.412341532,0.0,0.0,0.0,0.0,0.0,0.0,29688.340122552923,0.0,99,0.015506438668357813,0,0,False,0,1224353.3690302647
2026-09-17,1191426.6870650684,-0.002710669320926118,390311.18064698175,801115.5064180866,1191867.2149512756,0.0,0.0,0.0,0.0,0.0,0.0,29688.340122552923,0.0,99,0.015485636002792015,0,0,False,0,1221115.0271876212
2026-09-18,1194947.1460758448,0.002954826385036302,390311.18064698175,804635.965428863,1192995.2049957048,0.0,0.0,0.0,0.0,0.0,0.0,29688.340122552923,0.0,99,0.01546093487118249,0,0,False,0,1224635.4861983976
