date,nav,return,cash,market_value,opening_nav,buy_notional,sell_notional,cost,cumulative_cost,turnover,holdings_count,max_weight,stale_holdings,blocked_orders,rebalance,written_down_holdings,gross_attribution_nav
2025-01-02,978693.53674,-0.0213064632597,51421.446384,927272.090356,1000000,947630.922693,0,947.630922693,947.630922693,0.947630922693,50,0.0334986736151,0,0,True,0,979641.167663
2025-01-03,955349.739057,-0.0238519994329,51421.446384,903928.292673,980858.299835,0,0,0,947.630922693,0,50,0.0338727448204,0,0,False,0,956297.36998
2025-01-06,958182.830162,0.00296550152224,51421.446384,906761.383778,953955.737992,0,0,0,947.630922693,0,50,0.0344489769345,0,0,False,0,959130.461085
2025-01-07,965153.396454,0.00727477687189,51421.446384,913731.95007,959393.999894,0,0,0,947.630922693,0,50,0.0339686266214,0,0,False,0,966101.027377
2025-01-08,959650.786904,-0.00570127978705,51421.446384,908229.34052,963047.234147,0,0,0,947.630922693,0,50,0.0342332655404,0,0,False,0,960598.417826
2025-01-09,954678.704103,-0.00518113762705,51421.446384,903257.257719,956188.67113,0,0,0,947.630922693,0,50,0.0339433721081,0,0,False,0,955626.335026
2025-01-10,932619.298741,-0.0231066276721,51421.446384,881197.852357,954148.453032,0,0,0,947.630922693,0,50,0.0343388708346,0,0,False,0,933566.929663
2025-01-13,933175.906274,0.000596821804908,51421.446384,881754.45989,925959.306775,0,0,0,947.630922693,0,50,0.034222594346,0,0,False,0,934123.537197
2025-01-14,963262.624734,0.0322412079623,51421.446384,911841.178349,935809.565234,0,0,0,947.630922693,0,50,0.0339425005951,0,0,False,0,964210.255656
2025-01-15,961181.218158,-0.0021607882645,51421.446384,909759.771774,964334.33434,0,0,0,947.630922693,0,50,0.0340160019729,0,0,False,0,962128.849081
2025-01-16,969173.376658,0.00831493411338,51421.446384,917751.930274,964780.832641,0,0,0,947.630922693,0,50,0.0337354935666,0,0,False,0,970121.007581
2025-01-17,971649.446893,0.00255482692234,51421.446384,920228.000509,966032.480892,0,0,0,947.630922693,0,50,0.0343855363346,0,0,False,0,972597.077816
2025-01-20,976411.629665,0.0049011325909,51421.446384,924990.183281,975426.822456,0,0,0,947.630922693,0,50,0.0343551592963,0,0,False,0,977359.260587
2025-01-21,970418.271046,-0.0061381475153,51421.446384,918996.824662,980256.24193,0,0,0,947.630922693,0,50,0.0346824864177,0,0,False,0,971365.901969
2025-01-22,962678.671413,-0.00797552958799,51421.446384,911257.225029,967767.953972,0,0,0,947.630922693,0,50,0.0348220333383,0,0,False,0,963626.302335
2025-01-23,963735.218103,0.00109750711424,51421.446384,912313.771719,969083.221372,0,0,0,947.630922693,0,50,0.0350389394308,0,0,False,0,964682.849026
2025-01-24,970590.284269,0.00711301822038,51421.446384,919168.837885,962071.50065,0,0,0,947.630922693,0,50,0.0350907980459,0,0,False,0,971537.915192
2025-01-27,971748.512029,0.0011933230511,51421.446384,920327.065645,973195.864728,0,0,0,947.630922693,0,50,0.0353019514519,0,0,False,0,972696.142951
2025-02-05,969219.400598,-0.00260263987962,51421.446384,917797.954214,977595.780882,0,0,0,947.630922693,0,50,0.03447174844,0,0,False,0,970167.031521
2025-02-06,982489.713806,0.0136917535899,51421.446384,931068.267422,969152.651873,0,0,0,947.630922693,0,50,0.0344155832179,0,0,False,0,983437.344728
2025-02-07,988558.254791,0.00617669671207,50377.4242391,938180.830551,981639.573544,412062.122683,412048.235013,1030.1344752,1977.7653979,0.839524383395,50,0.0309734572012,0,0,True,0,990536.020188
2025-02-10,998133.294013,0.00968586239205,50377.4242391,947755.869774,991363.751941,0,0,0,1977.7653979,0,50,0.0304650609917,0,0,False,0,1000111.05941
2025-02-11,998352.726856,0.000219843225624,50377.4242391,947975.302617,999488.37346,0,0,0,1977.7653979,0,50,0.0303738757034,0,0,False,0,1000330.49225
2025-02-12,1004040.71152,0.00569736978422,50377.4242391,953663.287277,997655.125297,0,0,0,1977.7653979,0,50,0.0303278207286,0,0,False,0,1006018.47691
2025-02-13,998211.90666,-0.00580534712257,50377.4242391,947834.482421,1006687.02893,0,0,0,1977.7653979,0,50,0.0316034271823,0,0,False,0,1000189.67206
2025-02-14,1004322.59129,0.00612163067368,50377.4242391,953945.167048,997595.639037,0,0,0,1977.7653979,0,50,0.0329229058714,0,0,False,0,1006300.35668
2025-02-17,1008308.30813,0.00396856236615,50377.4242391,957930.883887,1006535.24617,0,0,0,1977.7653979,0,50,0.0314961130086,0,0,False,0,1010286.07352
2025-02-18,989793.6,-0.0183621497287,50377.4242391,939416.175761,1007579.72779,0,0,0,1977.7653979,0,50,0.0321704873284,0,0,False,0,991771.365398
2025-02-19,999765.29847,0.0100745230823,50377.4242391,949387.874231,990135.472194,0,0,0,1977.7653979,0,50,0.0317652477725,0,0,False,0,1001743.06387
2025-02-20,1001711.07177,0.00194623008805,50377.4242391,951333.647535,998985.279875,0,0,0,1977.7653979,0,50,0.031535133451,0,0,False,0,1003688.83717
2025-02-21,1012920.35083,0.0111901319383,50377.4242391,962542.926593,1005081.93306,0,0,0,1977.7653979,0,50,0.0314776156521,0,0,False,0,1014898.11623
2025-02-24,1019387.72478,0.00638487906779,50377.4242391,969010.300538,1016502.76997,0,0,0,1977.7653979,0,50,0.0316088931538,0,0,False,0,1021365.49018
2025-02-25,1011117.16195,-0.00811326507367,50377.4242391,960739.737714,1012043.42858,0,0,0,1977.7653979,0,50,0.0314086177302,0,0,False,0,1013094.92735
2025-02-26,1024026.08449,0.0127669898451,50377.4242391,973648.660253,1013124.89109,0,0,0,1977.7653979,0,50,0.0313421631454,0,0,False,0,1026003.84989
2025-02-27,1024017.4891,-8.39372392014e-06,50377.4242391,973640.064861,1024826.61974,0,0,0,1977.7653979,0,50,0.0319602138643,0,0,False,0,1025995.2545
2025-02-28,1005570.11516,-0.0180147059382,50377.4242391,955192.690919,1023888.62444,0,0,0,1977.7653979,0,50,0.0323787644134,0,0,False,0,1007547.88056
2025-03-03,1007398.74763,0.00181850320126,50377.4242391,957021.323392,1008711.0626,0,0,0,1977.7653979,0,50,0.0329898347681,0,0,False,0,1009376.51303
2025-03-04,1016396.66391,0.0089318319036,50377.4242391,966019.239666,1003233.34873,0,0,0,1977.7653979,0,50,0.0321168585704,0,0,False,0,1018374.4293
2025-03-05,1021365.51051,0.00488868842459,50377.4242391,970988.086272,1016050.86194,0,0,0,1977.7653979,0,50,0.0317541491823,0,0,False,0,1023343.27591
2025-03-06,1039752.43735,0.0180022985426,50377.4242391,989375.013113,1027438.63386,0,0,0,1977.7653979,0,50,0.0313142981831,0,0,False,0,1041730.20275
2025-03-07,1038966.35695,-0.000756026506997,61020.3791307,977945.977818,1039165.3724,436738.394186,448490.823707,1109.47462975,3087.24002764,0.851865585022,50,0.0403012888537,0,0,True,0,1042053.59698
2025-03-10,1044078.60367,0.00492051228417,61020.3791307,983058.22454,1040955.71079,0,0,0,3087.24002764,0,50,0.0401474535408,0,0,False,0,1047165.8437
2025-03-11,1047338.54936,0.0031223182613,61020.3791307,986318.170231,1037909.2516,0,0,0,3087.24002764,0,50,0.0401959358339,0,0,False,0,1050425.78939
2025-03-12,1049418.37326,0.00198581814646,61020.3791307,988397.994128,1050223.97117,0,0,0,3087.24002764,0,50,0.0409215032892,0,0,False,0,1052505.61329
2025-03-13,1043211.04563,-0.00591501710775,61020.3791307,982190.666497,1049249.46011,0,0,0,3087.24002764,0,50,0.0410181519127,0,0,False,0,1046298.28566
2025-03-14,1058665.18637,0.0148140118065,61020.3791307,997644.807243,1043162.20659,0,0,0,3087.24002764,0,50,0.0407570108005,0,0,False,0,1061752.4264
2025-03-17,1062187.97677,0.00332757744842,61020.3791307,1001167.59764,1063614.78519,0,0,0,3087.24002764,0,50,0.0410064239402,0,0,False,0,1065275.2168
2025-03-18,1065139.0407,0.00277828782421,61020.3791307,1004118.66157,1064087.81058,0,0,0,3087.24002764,0,50,0.0412283918724,0,0,False,0,1068226.28072
2025-03-19,1061979.39216,-0.00296641885729,61020.3791307,1000959.01303,1064753.78049,0,0,0,3087.24002764,0,50,0.0412548911785,0,0,False,0,1065066.63219
2025-03-20,1066222.12478,0.00399511765839,61020.3791307,1005201.74565,1063419.11343,0,0,0,3087.24002764,0,50,0.0417612069756,0,0,False,0,1069309.36481
2025-03-21,1060422.27414,-0.00543962698668,61020.3791307,999401.895008,1064575.01852,0,0,0,3087.24002764,0,50,0.0419896148175,0,0,False,0,1063509.51417
2025-03-24,1051564.23146,-0.00835331630838,61020.3791307,990543.852332,1061756.79435,0,0,0,3087.24002764,0,50,0.0417120568582,0,0,False,0,1054651.47149
2025-03-25,1054536.02438,0.00282606884501,61020.3791307,993515.645245,1049725.11033,0,0,0,3087.24002764,0,50,0.0417881959614,0,0,False,0,1057623.2644
2025-03-26,1059861.65434,0.0050502115101,61020.3791307,998841.275213,1051585.89407,0,0,0,3087.24002764,0,50,0.041819110665,0,0,False,0,1062948.89437
2025-03-27,1058061.30118,-0.00169866808653,61020.3791307,997040.922045,1058339.95037,0,0,0,3087.24002764,0,50,0.0414076615492,0,0,False,0,1061148.5412
2025-03-28,1051512.29616,-0.0061896272052,61020.3791307,990491.91703,1057051.81219,0,0,0,3087.24002764,0,50,0.0413256270297,0,0,False,0,1054599.53619
2025-03-31,1034951.06934,-0.0157499126581,61020.3791307,973930.690207,1045647.02919,0,0,0,3087.24002764,0,50,0.0416415490128,0,0,False,0,1038038.30937
2025-04-01,1049791.21765,0.0143389854406,61020.3791307,988770.838522,1036246.69673,0,0,0,3087.24002764,0,50,0.0418311460698,0,0,False,0,1052878.45768
2025-04-02,1051367.48304,0.00150150369345,61020.3791307,990347.103913,1049260.26056,0,0,0,3087.24002764,0,50,0.0419141344446,0,0,False,0,1054454.72307
2025-04-03,1055648.7482,0.00407209203558,61020.3791307,994628.369067,1046966.16427,0,0,0,3087.24002764,0,50,0.0422278581457,0,0,False,0,1058735.98823
2025-04-07,968018.527359,-0.0830107751166,51925.9163008,916092.611058,1015228.82387,500984.453613,493130.671243,1240.68046048,4327.92048812,0.979203014614,50,0.0364322577007,0,0,True,0,972346.447847
2025-04-08,973341.195774,0.00549851915495,51925.9163008,921415.279473,963203.002802,0,0,0,4327.92048812,0,50,0.0365811667114,0,0,False,0,977669.116262
2025-04-09,987214.249314,0.0142530220647,51925.9163008,935288.333013,965000.216581,0,0,0,4327.92048812,0,50,0.0356446464488,0,0,False,0,991542.169802
2025-04-10,1003261.39242,0.0162549751656,51925.9163008,951335.476119,998207.720443,0,0,0,4327.92048812,0,50,0.0355941335285,0,0,False,0,1007589.31291
2025-04-11,1000421.73806,-0.00283042324102,51925.9163008,948495.821757,996811.101005,0,0,0,4327.92048812,0,50,0.0357472756871,0,0,False,0,1004749.65855
2025-04-14,1013939.05044,0.0135116140211,51925.9163008,962013.13414,1006576.92817,0,0,0,4327.92048812,0,50,0.0355020790884,0,0,False,0,1018266.97093
2025-04-15,1012567.41445,-0.00135277953084,51925.9163008,960641.498147,1013187.49719,0,0,0,4327.92048812,0,50,0.0354729436135,0,0,False,0,1016895.33494
2025-04-16,1002570.57551,-0.00987276382466,51925.9163008,950644.659207,1010176.63956,0,0,0,4327.92048812,0,50,0.035618659512,0,0,False,0,1006898.496
2025-04-17,1006730.77761,0.00414953540969,51925.9163008,954804.861311,996346.671805,0,0,0,4327.92048812,0,50,0.0355491441442,0,0,False,0,1011058.6981
2025-04-18,1006650.14763,-8.00909059057e-05,51925.9163008,954724.231331,1006019.17795,0,0,0,4327.92048812,0,50,0.0357591407941,0,0,False,0,1010978.06812
2025-04-21,1010583.5199,0.00390738756763,51925.9163008,958657.603603,1004072.23692,0,0,0,4327.92048812,0,50,0.0357231313044,0,0,False,0,1014911.44039
2025-04-22,1017333.84549,0.00667963157125,51925.9163008,965407.929188,1010003.28993,0,0,0,4327.92048812,0,50,0.0358704232119,0,0,False,0,1021661.76598
2025-04-23,1015576.9307,-0.00172697959571,51925.9163008,963651.014395,1019016.86852,0,0,0,4327.92048812,0,50,0.0361634723685,0,0,False,0,1019904.85118
2025-04-24,1014150.76826,-0.00140428794041,51925.9163008,962224.851958,1017807.44682,0,0,0,4327.92048812,0,50,0.0358544976285,0,0,False,0,1018478.68875
2025-04-25,1015966.64049,0.00179053478788,51925.9163008,964040.724189,1014080.37207,0,0,0,4327.92048812,0,50,0.0359443509109,0,0,False,0,1020294.56098
2025-04-28,1003348.79806,-0.0124195440386,51925.9163008,951422.881756,1015223.07289,0,0,0,4327.92048812,0,50,0.0354871173601,0,0,False,0,1007676.71854
2025-04-29,1016697.74814,0.0133043963508,51925.9163008,964771.831843,1003682.25172,0,0,0,4327.92048812,0,50,0.0348673551118,0,0,False,0,1021025.66863
2025-04-30,1018284.61558,0.00156080549851,51925.9163008,966358.699279,1015473.34988,0,0,0,4327.92048812,0,50,0.0346594319131,0,0,False,0,1022612.53607
2025-05-06,1037126.857,0.0185039046355,51925.9163008,985200.940697,1023743.1668,0,0,0,4327.92048812,0,50,0.03443187275,0,0,False,0,1041454.77749
2025-05-07,1043211.49312,0.00586681954988,51925.9163008,991285.576818,1045120.34595,0,0,0,4327.92048812,0,50,0.0345308793578,0,0,False,0,1047539.41361
2025-05-08,1046102.903,0.00277164304762,62668.3709249,983434.532076,1039631.73591,501502.764583,513516.997467,1271.77826078,5599.6987489,0.976326257649,49,0.0359675382554,0,1,True,0,1051702.60175
2025-05-09,1043326.72453,-0.00265382923392,62668.3709249,980658.35361,1047721.08626,0,0,0,5599.6987489,0,49,0.0358703366129,0,0,False,0,1048926.42328
2025-05-12,1050787.36657,0.00715082041045,62668.3709249,988118.995647,1048142.22286,0,0,0,5599.6987489,0,49,0.0357140126449,0,0,False,0,1056387.06532
2025-05-13,1050038.14633,-0.000713008416819,62668.3709249,987369.77541,1057632.74166,0,0,0,5599.6987489,0,49,0.0358586441245,0,0,False,0,1055637.84508
2025-05-14,1049975.53719,-5.96255891218e-05,62668.3709249,987307.166267,1049483.40235,0,0,0,5599.6987489,0,49,0.0361249978749,0,0,False,0,1055575.23594
2025-05-15,1043368.84723,-0.00629223227073,62668.3709249,980700.476308,1050161.87533,0,0,0,5599.6987489,0,49,0.035910596472,0,0,False,0,1048968.54598
2025-05-16,1043031.02512,-0.000323780139336,62668.3709249,980362.654197,1041802.48332,0,0,0,5599.6987489,0,49,0.0356249615569,0,0,False,0,1048630.72387
2025-05-19,1049577.34085,0.00627624257748,62668.3709249,986908.969927,1044241.4674,0,0,0,5599.6987489,0,49,0.0350969881471,0,0,False,0,1055177.0396
2025-05-20,1054564.76703,0.00475184246188,62668.3709249,991896.396102,1049750.72013,0,0,0,5599.6987489,0,49,0.0351270112853,0,0,False,0,1060164.46578
2025-05-21,1052548.93158,-0.00191153309177,62668.3709249,989880.560653,1054327.98177,0,0,0,5599.6987489,0,49,0.0352097904192,0,0,False,0,1058148.63033
2025-05-22,1043010.93911,-0.00906180433077,62668.3709249,980342.568186,1050839.67063,0,0,0,5599.6987489,0,49,0.0353335913591,0,0,False,0,1048610.63786
2025-05-23,1037900.0434,-0.00490013625104,62668.3709249,975231.672473,1043121.37498,0,0,0,5599.6987489,0,49,0.0352874625436,0,0,False,0,1043499.74215
2025-05-26,1039033.14002,0.00109172037609,62668.3709249,976364.769099,1036658.51781,0,0,0,5599.6987489,0,49,0.0349191593678,0,0,False,0,1044632.83877
2025-05-27,1042983.13437,0.00380160573371,62668.3709249,980314.763442,1038429.10236,0,0,0,5599.6987489,0,49,0.0346200195023,0,0,False,0,1048582.83312
2025-05-28,1042053.37072,-0.000891446482906,62668.3709249,979384.999795,1042897.04037,0,0,0,5599.6987489,0,49,0.0342750629791,0,0,False,0,1047653.06947
2025-05-29,1052759.83218,0.0102743887778,62668.3709249,990091.461253,1041616.75755,0,0,0,5599.6987489,0,49,0.0341176678551,0,0,False,0,1058359.53093
2025-05-30,1042149.85152,-0.0100782536849,62668.3709249,979481.480595,1052007.41239,0,0,0,5599.6987489,0,49,0.0342927682387,0,0,False,0,1047749.55027
2025-06-03,1046447.62528,0.00412394988467,62668.3709249,983779.254355,1039213.48899,0,0,0,5599.6987489,0,49,0.034323466763,0,0,False,0,1052047.32403
2025-06-04,1053882.07676,0.00710446591197,62668.3709249,991213.705837,1046737.53968,0,0,0,5599.6987489,0,49,0.0343187657351,0,0,False,0,1059481.77551
2025-06-05,1053871.04409,-1.04686047805e-05,62668.3709249,991202.673162,1054016.29198,0,0,0,5599.6987489,0,49,0.0344017097581,0,0,False,0,1059470.74284
2025-06-06,1055686.86955,0.00172300536529,54182.5237109,1001504.34584,1054263.36835,415784.99374,408327.422654,1028.27612772,6627.97487662,0.781695012022,50,0.0338298705717,0,0,True,0,1062314.84443
2025-06-09,1063141.42515,0.00706133212062,54182.5237109,1008958.90144,1057435.34976,0,0,0,6627.97487662,0,50,0.0336836986546,0,0,False,0,1069769.40003
2025-06-10,1055687.9656,-0.00701078838129,54182.5237109,1001505.44189,1064024.56765,0,0,0,6627.97487662,0,50,0.0337381556776,0,0,False,0,1062315.94048
2025-06-11,1064231.55481,0.0080929114327,54182.5237109,1010049.0311,1056867.17684,0,0,0,6627.97487662,0,50,0.0336037233768,0,0,False,0,1070859.52968
2025-06-12,1067051.44733,0.00264969827967,54182.5237109,1012868.92362,1064621.50698,0,0,0,6627.97487662,0,50,0.0333788638023,0,0,False,0,1073679.4222
2025-06-13,1047992.73426,-0.0178611004304,54182.5237109,993810.210551,1063282.1346,0,0,0,6627.97487662,0,50,0.0339397127024,0,0,False,0,1054620.70914
2025-06-16,1051987.55204,0.00381187544841,54182.5237109,997805.028325,1045690.45754,0,0,0,6627.97487662,0,50,0.0337188277709,0,0,False,0,1058615.52691
2025-06-17,1053924.30128,0.00184103817352,54182.5237109,999741.777566,1053977.10039,0,0,0,6627.97487662,0,50,0.0337946139844,0,0,False,0,1060552.27615
2025-06-18,1046858.92482,-0.00670387469366,54182.5237109,992676.401114,1051118.40913,0,0,0,6627.97487662,0,50,0.033837791921,0,0,False,0,1053486.8997
2025-06-19,1038265.67531,-0.00820860319715,54182.5237109,984083.151596,1045828.01009,0,0,0,6627.97487662,0,50,0.0336051518694,0,0,False,0,1044893.65018
2025-06-20,1035999.35842,-0.00218279091537,54182.5237109,981816.834712,1039269.75151,0,0,0,6627.97487662,0,50,0.0335385322112,0,0,False,0,1042627.3333
2025-06-23,1043845.92453,0.00757391020269,54182.5237109,989663.400823,1030989.22647,0,0,0,6627.97487662,0,50,0.0334255035915,0,0,False,0,1050473.89941
2025-06-24,1060968.08913,0.0164029615791,54182.5237109,1006785.56542,1046392.95403,0,0,0,6627.97487662,0,50,0.0332509686051,0,0,False,0,1067596.06401
2025-06-25,1066005.49695,0.00474793527724,54182.5237109,1011822.97324,1061649.39282,0,0,0,6627.97487662,0,50,0.0333662184828,0,0,False,0,1072633.47182
2025-06-26,1061747.91088,-0.00399396258279,54182.5237109,1007565.38717,1065740.86709,0,0,0,6627.97487662,0,50,0.0335911728013,0,0,False,0,1068375.88576
2025-06-27,1065829.17876,0.00384391420866,54182.5237109,1011646.65505,1064777.21065,0,0,0,6627.97487662,0,50,0.0335533530975,0,0,False,0,1072457.15364
2025-06-30,1075184.34509,0.00877735993189,54182.5237109,1021001.82138,1067087.76035,0,0,0,6627.97487662,0,50,0.0332163970991,0,0,False,0,1081812.31996
2025-07-01,1076506.22174,0.00122944187424,54182.5237109,1022323.69803,1075570.58502,0,0,0,6627.97487662,0,50,0.0331306562149,0,0,False,0,1083134.19662
2025-07-02,1085009.06282,0.00789855265756,54182.5237109,1030826.53911,1078154.23085,0,0,0,6627.97487662,0,50,0.0330940282926,0,0,False,0,1091637.0377
2025-07-03,1092492.23439,0.00689687471308,54182.5237109,1038309.71068,1087514.06609,0,0,0,6627.97487662,0,50,0.0328230507078,0,0,False,0,1099120.20927
2025-07-04,1085713.43017,-0.00620489922725,58617.6109586,1027095.81921,1094382.38829,430369.793772,435889.084441,1084.20342043,7712.17829706,0.791550455747,50,0.0400762158444,0,0,True,0,1093425.60847
2025-07-07,1092436.52763,0.00619233148871,58617.6109586,1033818.91667,1085094.44513,0,0,0,7712.17829706,0,50,0.0399146232571,0,0,False,0,1100148.70593
2025-07-08,1105583.51508,0.0120345549741,58617.6109586,1046965.90412,1093166.03496,0,0,0,7712.17829706,0,50,0.0395520260415,0,0,False,0,1113295.69338
2025-07-09,1111046.82674,0.00494156397014,58617.6109586,1052429.21579,1107690.9315,0,0,0,7712.17829706,0,50,0.0393575382486,0,0,False,0,1118759.00504
2025-07-10,1115372.78276,0.00389358568085,58617.6109586,1056755.1718,1108867.92112,0,0,0,7712.17829706,0,50,0.0393714836673,0,0,False,0,1123084.96106
2025-07-11,1117212.40404,0.00164933312875,58617.6109586,1058594.79308,1116056.15843,0,0,0,7712.17829706,0,50,0.0394175330375,0,0,False,0,1124924.58234
2025-07-14,1123024.2854,0.00520212748748,58617.6109586,1064406.67444,1118221.71852,0,0,0,7712.17829706,0,50,0.039296268193,0,0,False,0,1130736.46369
2025-07-15,1108924.79331,-0.0125549307046,58617.6109586,1050307.18236,1119671.36828,0,0,0,7712.17829706,0,50,0.0394887065533,0,0,False,0,1116636.97161
2025-07-16,1113555.39066,0.00417575418125,58617.6109586,1054937.7797,1108916.04313,0,0,0,7712.17829706,0,50,0.0396304161217,0,0,False,0,1121267.56895
2025-07-17,1117216.94238,0.0032881630843,58617.6109586,1058599.33143,1114247.49764,0,0,0,7712.17829706,0,50,0.0393896532446,0,0,False,0,1124929.12068
2025-07-18,1119917.88441,0.00241756271621,58617.6109586,1061300.27345,1118535.54559,0,0,0,7712.17829706,0,50,0.0398753651505,0,0,False,0,1127630.06271
2025-07-21,1149414.93695,0.0263385851337,58617.6109586,1090797.32599,1131358.20848,0,0,0,7712.17829706,0,50,0.0393820938834,0,0,False,0,1157127.11525
2025-07-22,1167055.4248,0.015347362633,58617.6109586,1108437.81385,1158920.71713,0,0,0,7712.17829706,0,50,0.0426795705538,0,0,False,0,1174767.6031
2025-07-23,1158144.82503,-0.00763511277067,58617.6109586,1099527.21407,1175718.86465,0,0,0,7712.17829706,0,50,0.047308735137,0,0,False,0,1165857.00332
2025-07-24,1175248.1236,0.0147678409476,58617.6109586,1116630.51264,1166541.63065,0,0,0,7712.17829706,0,50,0.0512776227268,0,0,False,0,1182960.30189
2025-07-25,1168942.5144,-0.00536534292078,58617.6109586,1110324.90344,1179388.04169,0,0,0,7712.17829706,0,50,0.048978858647,0,0,False,0,1176654.69269
2025-07-28,1167397.63026,-0.00132160830247,58617.6109586,1108780.01931,1169138.03689,0,0,0,7712.17829706,0,50,0.0452927248748,0,0,False,0,1175109.80856
2025-07-29,1162563.11658,-0.0041412741962,58617.6109586,1103945.50562,1166846.17717,0,0,0,7712.17829706,0,50,0.0453869107599,0,0,False,0,1170275.29488
2025-07-30,1158724.32092,-0.0033020105415,58617.6109586,1100106.70996,1160352.168,0,0,0,7712.17829706,0,50,0.0439311888492,0,0,False,0,1166436.49921
2025-07-31,1138463.02845,-0.0174858610481,58617.6109586,1079845.41749,1155543.45177,0,0,0,7712.17829706,0,50,0.0436553070578,0,0,False,0,1146175.20674
2025-08-01,1145305.82463,0.0060105563463,58364.5318992,1086941.29273,1139534.23087,524094.485157,525153.230429,1311.8243308,9024.00262786,0.920768930993,50,0.0383357185342,0,0,True,0,1154329.82726
2025-08-04,1151830.21849,0.00569663903436,58364.5318992,1093465.6866,1141265.66516,0,0,0,9024.00262786,0,50,0.0379222279,0,0,False,0,1160854.22112
2025-08-05,1160625.89794,0.00763626383591,58364.5318992,1102261.36604,1154240.474,0,0,0,9024.00262786,0,50,0.0374956562505,0,0,False,0,1169649.90057
2025-08-06,1159877.25599,-0.000645032949976,58364.5318992,1101512.72409,1160917.45749,0,0,0,9024.00262786,0,50,0.0371995323573,0,0,False,0,1168901.25862
2025-08-07,1158440.4653,-0.0012387437426,58364.5318992,1100075.9334,1161009.70064,0,0,0,9024.00262786,0,50,0.0372317257316,0,0,False,0,1167464.46793
2025-08-08,1161887.41584,0.00297550943789,58364.5318992,1103522.88394,1157697.22029,0,0,0,9024.00262786,0,50,0.0370934648438,0,0,False,0,1170911.41846
2025-08-11,1169888.39964,0.00688619542246,58364.5318992,1111523.86774,1164474.24575,0,0,0,9024.00262786,0,50,0.0369364350184,0,0,False,0,1178912.40227
2025-08-12,1169420.88671,-0.000399621817726,58364.5318992,1111056.35481,1171822.52913,0,0,0,9024.00262786,0,50,0.0370340827244,0,0,False,0,1178444.88934
2025-08-13,1170917.91465,0.00128014468988,58364.5318992,1112553.38275,1171525.44408,0,0,0,9024.00262786,0,50,0.0369453467352,0,0,False,0,1179941.91728
2025-08-14,1154367.23928,-0.0141347870465,58364.5318992,1096002.70738,1173133.86319,0,0,0,9024.00262786,0,50,0.0373770928754,0,0,False,0,1163391.2419
2025-08-15,1163784.99681,0.00815837214587,58364.5318992,1105420.46491,1153932.90263,0,0,0,9024.00262786,0,50,0.0372134285774,0,0,False,0,1172808.99944
2025-08-18,1171627.0654,0.00673841698464,58364.5318992,1113262.5335,1167321.22783,0,0,0,9024.00262786,0,50,0.0378191737761,0,0,False,0,1180651.06802
2025-08-19,1178979.61456,0.00627550300376,58364.5318992,1120615.08267,1172068.98083,0,0,0,9024.00262786,0,50,0.0372133780075,0,0,False,0,1188003.61719
2025-08-20,1191632.28201,0.010731879746,58364.5318992,1133267.75011,1177954.17455,0,0,0,9024.00262786,0,50,0.0370758140571,0,0,False,0,1200656.28464
2025-08-21,1194234.46378,0.00218371204869,58364.5318992,1135869.93188,1193879.25802,0,0,0,9024.00262786,0,50,0.0371843988259,0,0,False,0,1203258.46641
2025-08-22,1200334.68924,0.00510806348913,58364.5318992,1141970.15735,1196953.56668,0,0,0,9024.00262786,0,50,0.0369281349765,0,0,False,0,1209358.69187
2025-08-25,1203329.40436,0.00249490008609,58364.5318992,1144964.87247,1205489.13368,0,0,0,9024.00262786,0,50,0.0370375965009,1,0,False,0,1212353.40699
2025-08-26,1212970.6418,0.00801213482934,58364.5318992,1154606.1099,1200864.01418,0,0,0,9024.00262786,0,50,0.0366499819239,0,0,False,0,1221994.64442
2025-08-27,1184421.38058,-0.0235366465052,58364.5318992,1126056.84868,1213247.57258,0,0,0,9024.00262786,0,50,0.0367696312202,0,0,False,0,1193445.38321
2025-08-28,1189182.38023,0.00401968397823,58364.5318992,1130817.84833,1184511.20524,0,0,0,9024.00262786,0,50,0.0364594128555,0,0,False,0,1198206.38285
2025-08-29,1181990.60403,-0.00604766461248,50025.7601761,1131964.84385,1189277.38679,539124.551237,532123.088698,1337.30918428,10361.3118121,0.900755073487,51,0.034647012584,0,0,True,0,1192351.91584
2025-09-01,1181046.23274,-0.000798966831812,50025.7601761,1131020.47256,1183583.38364,0,0,0,10361.3118121,0,51,0.0344355805564,0,0,False,0,1191407.54455
2025-09-02,1172657.93993,-0.00710242544089,50025.7601761,1122632.17975,1181563.96091,0,0,0,10361.3118121,0,51,0.0348264141519,0,0,False,0,1183019.25174
2025-09-03,1152154.04171,-0.0174849779476,50025.7601761,1102128.28153,1173845.35118,0,0,0,10361.3118121,0,51,0.0349395823998,0,0,False,0,1162515.35352
2025-09-04,1154554.62521,0.00208356123774,50025.7601761,1104528.86503,1152763.35859,0,0,0,10361.3118121,0,51,0.0347364693928,0,0,False,0,1164915.93702
2025-09-05,1170340.50352,0.0136726993777,50025.7601761,1120314.74334,1156067.65762,0,0,0,10361.3118121,0,51,0.0344770812462,0,0,False,0,1180701.81533
2025-09-08,1185063.92459,0.0125804592996,50025.7601761,1135038.16441,1172610.38075,0,0,0,10361.3118121,0,51,0.0353515771948,0,0,False,0,1195425.2364
2025-09-09,1175521.57497,-0.00805218133949,50025.7601761,1125495.81479,1184417.94928,0,0,0,10361.3118121,0,51,0.0355904932525,0,0,False,0,1185882.88678
2025-09-10,1176540.41178,0.000866710435496,50025.7601761,1126514.65161,1176260.69064,0,0,0,10361.3118121,0,51,0.0355436698592,0,0,False,0,1186901.7236
2025-09-11,1189380.75458,0.0109136436497,50025.7601761,1139354.9944,1176387.47041,0,0,0,10361.3118121,0,51,0.035476560388,0,0,False,0,1199742.06639
2025-09-12,1181664.21173,-0.00648786590818,50025.7601761,1131638.45155,1191130.9383,0,0,0,10361.3118121,0,51,0.0354373515637,0,0,False,0,1192025.52354
2025-09-15,1177450.20911,-0.00356615912693,50025.7601761,1127424.44894,1183082.54138,0,0,0,10361.3118121,0,51,0.0358840008399,0,0,False,0,1187811.52093
2025-09-16,1180914.25053,0.00294198547878,50025.7601761,1130888.49036,1177306.74405,0,0,0,10361.3118121,0,51,0.0353482474408,0,0,False,0,1191275.56234
2025-09-17,1182507.95836,0.00134955423186,50025.7601761,1132482.19818,1180587.31756,0,0,0,10361.3118121,0,51,0.0356986746477,0,0,False,0,1192869.27017
2025-09-18,1165485.21246,-0.0143954599016,50025.7601761,1115459.45228,1182454.10655,0,0,0,10361.3118121,0,51,0.0360100610463,0,0,False,0,1175846.52427
2025-09-19,1163989.08519,-0.00128369476976,50025.7601761,1113963.32501,1167351.59224,0,0,0,10361.3118121,0,51,0.0360725224085,0,0,False,0,1174350.397
2025-09-22,1156166.65456,-0.00672036424118,50025.7601761,1106140.89439,1164568.66174,0,0,0,10361.3118121,0,51,0.0363491540013,0,0,False,0,1166527.96637
2025-09-23,1149638.76455,-0.00564614970221,50025.7601761,1099613.00437,1155092.70402,0,0,0,10361.3118121,0,51,0.036555552121,0,0,False,0,1160000.07636
2025-09-24,1163308.80492,0.0118907267143,50025.7601761,1113283.04474,1145372.56225,0,0,0,10361.3118121,0,51,0.0359803185661,0,0,False,0,1173670.11673
2025-09-25,1154745.78716,-0.00736091545383,50025.7601761,1104720.02698,1162202.81133,0,0,0,10361.3118121,0,51,0.0368504341988,0,0,False,0,1165107.09897
2025-09-26,1150834.86631,-0.00338682408664,59168.5641279,1091666.30218,1152209.21117,462439.026392,472753.399469,1171.56912559,11532.8809377,0.811651579237,50,0.0384433172896,0,0,True,0,1162367.74725
2025-09-29,1155441.83506,0.00400315361029,59168.5641279,1096273.27093,1150078.25593,0,0,0,11532.8809377,0,50,0.0382900363922,0,0,False,0,1166974.716
2025-09-30,1156804.93886,0.00117972515267,59168.5641279,1097636.37473,1155613.16821,0,0,0,11532.8809377,0,50,0.0384644009301,0,0,False,0,1168337.8198
2025-10-09,1169738.22427,0.0111801782467,59168.5641279,1110569.66014,1159428.51543,0,0,0,11532.8809377,0,50,0.0384732294265,0,0,False,0,1181271.10521
2025-10-10,1173691.5348,0.00337965405576,59168.5641279,1114522.97068,1167603.04267,0,0,0,11532.8809377,0,50,0.0383977224834,0,0,False,0,1185224.41574
2025-10-13,1165394.58229,-0.00706910825275,59168.5641279,1106226.01816,1149818.15501,0,0,0,11532.8809377,0,50,0.0380719630193,0,0,False,0,1176927.46323
2025-10-14,1165144.49118,-0.000214597800004,59168.5641279,1105975.92705,1168251.77415,0,0,0,11532.8809377,0,50,0.038243568988,0,0,False,0,1176677.37211
2025-10-15,1176688.34339,0.00990765720952,59168.5641279,1117519.77927,1166032.43788,0,0,0,11532.8809377,0,50,0.0385157048096,0,0,False,0,1188221.22433
2025-10-16,1172986.4507,-0.00314602648245,59168.5641279,1113817.88658,1176294.43393,0,0,0,11532.8809377,0,50,0.0383748935893,0,0,False,0,1184519.33164
2025-10-17,1152019.62377,-0.0178747392384,59168.5641279,1092851.05964,1171605.9642,0,0,0,11532.8809377,0,50,0.0386358290519,0,0,False,0,1163552.50471
2025-10-20,1156857.12387,0.00419914730389,59168.5641279,1097688.55974,1158480.17072,0,0,0,11532.8809377,0,50,0.0383925835769,0,0,False,0,1168390.0048
2025-10-21,1170327.62184,0.0116440463518,59168.5641279,1111159.05771,1158773.1632,0,0,0,11532.8809377,0,50,0.0381284331497,0,0,False,0,1181860.50278
2025-10-22,1171685.38637,0.00116015764418,59168.5641279,1112516.82225,1168853.24295,0,0,0,11532.8809377,0,50,0.0380842494166,0,0,False,0,1183218.26731
2025-10-23,1177695.38151,0.00512935912687,59168.5641279,1118526.81738,1169692.10532,0,0,0,11532.8809377,0,50,0.0380609723569,0,0,False,0,1189228.26244
2025-10-24,1176379.15249,-0.00111763112326,59168.5641279,1117210.58837,1179150.01149,0,0,0,11532.8809377,0,50,0.0381035580793,0,0,False,0,1187912.03343
2025-10-27,1177595.70134,0.00103414689492,59168.5641279,1118427.13721,1178856.24295,0,0,0,11532.8809377,0,50,0.0379839463373,0,0,False,0,1189128.58228
2025-10-28,1177321.58225,-0.000232778613145,59168.5641279,1118153.01812,1177686.07632,0,0,0,11532.8809377,0,50,0.0381265676767,0,0,False,0,1188854.46318
2025-10-29,1178977.01294,0.00140609899633,59168.5641279,1119808.44881,1176870.90135,0,0,0,11532.8809377,0,50,0.0379928794687,0,0,False,0,1190509.89388
2025-10-30,1171424.54525,-0.00640594991208,59168.5641279,1112255.98112,1177529.29539,0,0,0,11532.8809377,0,50,0.038417845395,0,0,False,0,1182957.42619
2025-10-31,1172744.82718,0.00112707381238,59168.5641279,1113576.26305,1170560.97559,0,0,0,11532.8809377,0,50,0.0397257951677,0,0,False,0,1184277.70812
2025-11-03,1182049.66216,0.00793423664302,62669.2997596,1119380.3624,1175446.43112,386447.6416,390921.206683,972.829451624,12505.7103894,0.661339239033,50,0.0315171797199,1,1,True,0,1194555.37255
2025-11-04,1178032.46576,-0.00339850052592,62669.2997596,1115363.166,1180402.8279,0,0,0,12505.7103894,0,50,0.0316246561304,1,0,False,0,1190538.17615
2025-11-05,1183787.11381,0.00488496558543,62669.2997596,1121117.81405,1172991.24869,0,0,0,12505.7103894,0,50,0.0315288792594,1,0,False,0,1196292.8242
2025-11-06,1187144.33448,0.00283600034589,62669.2997596,1124475.03472,1184371.70703,0,0,0,12505.7103894,0,50,0.0316130970012,1,0,False,0,1199650.04487
2025-11-07,1191556.28666,0.00371644125397,62669.2997596,1128886.9869,1185381.10405,0,0,0,12505.7103894,0,50,0.0317263622238,1,0,False,0,1204061.99705
2025-11-10,1201613.77354,0.00844063095783,62669.2997596,1138944.47378,1194789.57529,0,0,0,12505.7103894,0,50,0.0315750084395,0,0,False,0,1214119.48393
2025-11-11,1204975.93096,0.00279803502149,62669.2997596,1142306.6312,1202834.60529,0,0,0,12505.7103894,0,50,0.0313160919242,0,0,False,0,1217481.64135
2025-11-12,1201928.51887,-0.00252902319932,62669.2997596,1139259.21912,1206550.23753,0,0,0,12505.7103894,0,50,0.0312813264266,0,0,False,0,1214434.22926
2025-11-13,1209593.62934,0.00637734303045,62669.2997596,1146924.32958,1201405.99006,0,0,0,12505.7103894,0,50,0.030912935893,0,0,False,0,1222099.33973
2025-11-14,1211885.27592,0.00189455906922,62669.2997596,1149215.97616,1211201.48062,0,0,0,12505.7103894,0,50,0.0333341873381,0,0,False,0,1224390.98631
2025-11-17,1207171.71534,-0.0038894445496,62669.2997596,1144502.41558,1213597.98414,0,0,0,12505.7103894,0,50,0.0318145005964,0,0,False,0,1219677.42573
2025-11-18,1196898.7378,-0.00850995546315,62669.2997596,1134229.43804,1205150.1081,0,0,0,12505.7103894,0,50,0.0327254329482,0,0,False,0,1209404.44819
2025-11-19,1186963.48566,-0.00830082932616,62669.2997596,1124294.1859,1196271.09851,0,0,0,12505.7103894,0,50,0.0326975492411,0,0,False,0,1199469.19605
2025-11-20,1185467.06173,-0.00126071606263,62669.2997596,1122797.76197,1189048.66939,0,0,0,12505.7103894,0,50,0.0327388236018,0,0,False,0,1197972.77212
2025-11-21,1153924.46732,-0.0266077358219,62669.2997596,1091255.16756,1177445.13916,0,0,0,12505.7103894,0,50,0.0331889976185,0,0,False,0,1166430.17771
2025-11-24,1165674.00678,0.0101822431103,62669.2997596,1103004.70702,1158515.02159,0,0,0,12505.7103894,0,50,0.0321390415928,0,0,False,0,1178179.71717
2025-11-25,1171835.75925,0.00528599971623,62669.2997596,1109166.45949,1168384.7948,0,0,0,12505.7103894,0,50,0.0318504369624,0,0,False,0,1184341.46964
2025-11-26,1165559.0543,-0.00535630091147,62669.2997596,1102889.75455,1173994.19704,0,0,0,12505.7103894,0,50,0.0320808200856,0,0,False,0,1178064.76469
2025-11-27,1166062.78148,0.000432176450873,62669.2997596,1103393.48172,1163050.84116,0,0,0,12505.7103894,0,50,0.0319632834067,0,0,False,0,1178568.49187
2025-11-28,1173959.0531,0.00677173797219,62669.2997596,1111289.75334,1165288.64023,0,0,0,12505.7103894,0,50,0.0315843596278,0,0,False,0,1186464.76348
2025-12-01,1179801.26407,0.00497650319244,51650.6125553,1128150.65152,1175496.42486,549156.199143,539495.912005,1358.40006715,13864.1104565,0.926121158794,51,0.0399603782438,0,0,True,0,1193665.37453
2025-12-02,1177968.20398,-0.00155370243235,51650.6125553,1126317.59142,1179516.19249,0,0,0,13864.1104565,0,51,0.0401255795708,0,0,False,0,1191832.31443
2025-12-03,1175891.92021,-0.00176259745953,51650.6125553,1124241.30766,1178087.47166,0,0,0,13864.1104565,0,51,0.0400932296194,0,0,False,0,1189756.03067
2025-12-04,1167478.03031,-0.00715532589258,51650.6125553,1115827.41775,1175032.02896,0,0,0,13864.1104565,0,51,0.0404861210862,0,0,False,0,1181342.14077
2025-12-05,1179369.97545,0.0101860119294,51650.6125553,1127719.3629,1166597.10766,0,0,0,13864.1104565,0,51,0.0401293351141,0,0,False,0,1193234.08591
2025-12-08,1173349.82235,-0.00510455008178,51650.6125553,1121699.20979,1180496.5005,0,0,0,13864.1104565,0,51,0.0401283809824,0,0,False,0,1187213.93281
2025-12-09,1160575.38146,-0.0108871545815,51650.6125553,1108924.7689,1171832.06103,0,0,0,13864.1104565,0,51,0.0401518254636,0,0,False,0,1174439.49191
2025-12-10,1166049.14087,0.00471641868314,51650.6125553,1114398.52831,1159462.26969,0,0,0,13864.1104565,0,51,0.0404316620221,0,0,False,0,1179913.25132
2025-12-11,1151025.01224,-0.0128846444811,51650.6125553,1099374.39968,1166347.5339,0,0,0,13864.1104565,0,51,0.0410121242637,0,0,False,0,1164889.1227
2025-12-12,1150343.66711,-0.000591946412287,51650.6125553,1098693.05456,1152483.87745,0,0,0,13864.1104565,0,51,0.0411946537293,0,0,False,0,1164207.77757
2025-12-15,1151523.12432,0.00102530856018,51650.6125553,1099872.51177,1147589.23153,0,0,0,13864.1104565,0,51,0.0409943837302,0,0,False,0,1165387.23478
2025-12-16,1144900.98018,-0.00575076956729,51650.6125553,1093250.36763,1151483.59868,0,0,0,13864.1104565,0,51,0.0409665126547,0,0,False,0,1158765.09064
2025-12-17,1148395.04924,0.00305185261721,51650.6125553,1096744.43668,1143309.23086,0,0,0,13864.1104565,0,51,0.0410003758969,0,0,False,0,1162259.15969
2025-12-18,1150770.97738,0.00206891186464,51650.6125553,1099120.36482,1144969.54081,0,0,0,13864.1104565,0,51,0.0410211777674,0,0,False,0,1164635.08784
2025-12-19,1161669.12711,0.00947030290258,51650.6125553,1110018.51455,1151919.08423,0,0,0,13864.1104565,0,51,0.0407408029224,0,0,False,0,1175533.23756
2025-12-22,1159690.41908,-0.00170333184992,51650.6125553,1108039.80653,1163234.26368,0,0,0,13864.1104565,0,51,0.0407056745972,0,0,False,0,1173554.52954
2025-12-23,1155311.44772,-0.00377598304816,51650.6125553,1103660.83516,1159088.19259,0,0,0,13864.1104565,0,51,0.0409124803479,0,0,False,0,1169175.55818
2025-12-24,1162561.38618,0.00627531084825,51650.6125553,1110910.77362,1155357.22953,0,0,0,13864.1104565,0,51,0.0408139180161,0,0,False,0,1176425.49664
2025-12-25,1166687.62451,0.00354926490818,51650.6125553,1115037.01196,1162773.8318,0,0,0,13864.1104565,0,51,0.0406175638113,0,0,False,0,1180551.73497
2025-12-26,1164780.2404,-0.00163487129875,51650.6125553,1113129.62784,1166528.23562,0,0,0,13864.1104565,0,51,0.0406840770411,0,0,False,0,1178644.35086
2025-12-29,1164493.58468,-0.000246102837492,59961.2247746,1104532.3599,1164336.60529,400008.794928,409333.416066,1014.00891903,14878.1193755,0.695110166007,50,0.0390894477484,0,0,True,0,1179371.70405
2025-12-30,1163786.19418,-0.000607466199767,59961.2247746,1103824.96941,1163437.09337,0,0,0,14878.1193755,0,50,0.0387608364595,0,0,False,0,1178664.31356
2025-12-31,1165894.54051,0.00181162685609,59961.2247746,1105933.31573,1166077.92491,0,0,0,14878.1193755,0,50,0.0385400001143,0,0,False,0,1180772.65988
2026-01-05,1174557.98438,0.00743072685243,59961.2247746,1114596.7596,1168374.96865,0,0,0,14878.1193755,0,50,0.0384552405995,0,0,False,0,1189436.10375
2026-01-06,1193769.13991,0.016356072489,59961.2247746,1133807.91514,1175143.58642,0,0,0,14878.1193755,0,50,0.0381308325117,0,0,False,0,1208647.25929
2026-01-07,1193214.72387,-0.000464424844962,59961.2247746,1133253.49909,1194221.2248,0,0,0,14878.1193755,0,50,0.0382467441109,0,0,False,0,1208092.84324
2026-01-08,1207053.124,0.0115975774124,59961.2247746,1147091.89922,1191287.4629,0,0,0,14878.1193755,0,50,0.0378567942416,0,0,False,0,1221931.24337
2026-01-09,1216542.94919,0.00786197807381,59961.2247746,1156581.72442,1207537.9727,0,0,0,14878.1193755,0,50,0.0375614866571,0,0,False,0,1231421.06857
2026-01-12,1232996.19596,0.0135245917769,59961.2247746,1173034.97118,1220361.17743,0,0,0,14878.1193755,0,50,0.0371077749019,0,0,False,0,1247874.31533
2026-01-13,1222244.91846,-0.00871963557893,59961.2247746,1162283.69368,1233232.7737,0,0,0,14878.1193755,0,50,0.0374821184718,0,0,False,0,1237123.03783
2026-01-14,1223473.1247,0.00100487735521,59961.2247746,1163511.89992,1224092.6343,0,0,0,14878.1193755,0,50,0.0367262466313,0,0,False,0,1238351.24407
2026-01-15,1223962.49273,0.000399982653953,59961.2247746,1164001.26795,1220551.56113,0,0,0,14878.1193755,0,50,0.0371863812309,0,0,False,0,1238840.6121
2026-01-16,1216262.47829,-0.0062910542486,59961.2247746,1156301.25351,1229786.06948,0,0,0,14878.1193755,0,50,0.0362696432243,0,0,False,0,1231140.59766
2026-01-19,1230386.69647,0.0116128043342,59961.2247746,1170425.47169,1214547.15863,0,0,0,14878.1193755,0,50,0.0375782357839,0,0,False,0,1245264.81584
2026-01-20,1242472.31627,0.00982261905418,59961.2247746,1182511.0915,1229026.03608,0,0,0,14878.1193755,0,50,0.0395702398444,0,0,False,0,1257350.43565
2026-01-21,1244767.19279,0.00184702426667,59961.2247746,1184805.96802,1242124.58437,0,0,0,14878.1193755,0,50,0.0390266506077,0,0,False,0,1259645.31217
2026-01-22,1252098.77859,0.00588992531218,59961.2247746,1192137.55382,1245243.45947,0,0,0,14878.1193755,0,50,0.0387261508119,0,0,False,0,1266976.89797
2026-01-23,1260030.62632,0.00633484183905,59961.2247746,1200069.40154,1253331.98007,0,0,0,14878.1193755,0,50,0.039805649637,0,0,False,0,1274908.74569
2026-01-26,1264566.63605,0.00359992022097,59961.2247746,1204605.41128,1261100.4397,0,0,0,14878.1193755,0,50,0.0391639625012,0,0,False,0,1279444.75543
2026-01-27,1263379.2096,-0.000938998718879,59961.2247746,1203417.98482,1259505.71737,0,0,0,14878.1193755,0,50,0.0387370685765,0,0,False,0,1278257.32897
2026-01-28,1262373.67339,-0.000795910050279,64541.3694548,1197832.30393,1264413.62701,666169.240181,672424.190387,1674.80552576,16552.9249013,1.05866735535,50,0.0342183591309,0,0,True,0,1278926.59829
2026-01-29,1265443.62752,0.00243189017552,64541.3694548,1200902.25807,1260800.06458,0,0,0,16552.9249013,0,50,0.0343966462082,0,0,False,0,1281996.55242
2026-01-30,1260565.49842,-0.00385487665919,64541.3694548,1196024.12896,1259188.59678,0,0,0,16552.9249013,0,50,0.0343151355138,0,0,False,0,1277118.42332
2026-02-02,1233211.13206,-0.0217000753944,64541.3694548,1168669.76261,1252992.73606,0,0,0,16552.9249013,0,50,0.034491282579,1,0,False,0,1249764.05697
2026-02-03,1247382.37383,0.0114913346141,64541.3694548,1182841.00438,1241072.92021,0,0,0,16552.9249013,0,50,0.0342681243487,1,0,False,0,1263935.29873
2026-02-04,1263189.15571,0.0126719618728,64541.3694548,1198647.78626,1246540.32596,0,0,0,16552.9249013,0,50,0.0346722083579,1,0,False,0,1279742.08062
2026-02-05,1258889.15889,-0.00340407990441,64541.3694548,1194347.78944,1260757.56056,0,0,0,16552.9249013,0,50,0.0348383950098,1,0,False,0,1275442.0838
2026-02-06,1255679.37761,-0.00254969332775,64541.3694548,1191138.00815,1254093.38469,0,0,0,16552.9249013,0,50,0.0346880562216,1,0,False,0,1272232.30251
2026-02-09,1270517.6656,0.0118169401054,64541.3694548,1205976.29615,1263968.1856,0,0,0,16552.9249013,0,50,0.0343302562542,0,0,False,0,1287070.5905
2026-02-10,1276787.91838,0.00493519527609,64541.3694548,1212246.54893,1273715.68674,0,0,0,16552.9249013,0,50,0.0340439441332,0,0,False,0,1293340.84328
2026-02-11,1276158.50012,-0.000492970095238,64541.3694548,1211617.13067,1277644.57277,0,0,0,16552.9249013,0,50,0.0342962864751,0,0,False,0,1292711.42502
2026-02-12,1265808.59756,-0.00811020148153,64541.3694548,1201267.22811,1275246.65693,0,0,0,16552.9249013,0,50,0.0345054673421,0,0,False,0,1282361.52246
2026-02-13,1252924.71238,-0.0101783833734,64541.3694548,1188383.34293,1265684.39821,0,0,0,16552.9249013,0,50,0.0343324660466,0,0,False,0,1269477.63728
2026-02-24,1272578.27874,0.0156861511046,64541.3694548,1208036.90929,1263562.27475,0,0,0,16552.9249013,0,50,0.0350305523853,0,0,False,0,1289131.20364
2026-02-25,1280309.4014,0.00607516471803,64541.3694548,1215768.03195,1274934.23681,0,0,0,16552.9249013,0,50,0.0347485847763,0,0,False,0,1296862.3263
2026-02-26,1276840.90865,-0.0027091051191,64541.3694548,1212299.53919,1279783.58589,0,0,0,16552.9249013,0,50,0.0354786269907,0,0,False,0,1293393.83355
2026-02-27,1279291.12288,0.00191896595654,64541.3694548,1214749.75343,1274481.35117,0,0,0,16552.9249013,0,50,0.0352696903392,0,0,False,0,1295844.04778
2026-03-02,1264484.3092,-0.0115742331198,64541.3694548,1199942.93974,1272742.41719,0,0,0,16552.9249013,0,50,0.0367049124146,0,0,False,0,1281037.2341
2026-03-03,1250805.9415,-0.0108173486981,64541.3694548,1186264.57205,1265674.22979,0,0,0,16552.9249013,0,50,0.0407832890585,0,0,False,0,1267358.8664
2026-03-04,1235564.89834,-0.0121849782236,64541.3694548,1171023.52889,1241152.20302,0,0,0,16552.9249013,0,50,0.0385615112203,0,0,False,0,1252117.82325
2026-03-05,1245268.40918,0.00785350154505,44865.917276,1200402.49191,1246865.33642,553888.909749,535570.702534,1357.24496355,17910.1698649,0.873758841843,51,0.0351631568869,0,0,True,0,1263178.57905
2026-03-06,1262530.48002,0.0138621286108,44865.917276,1217664.56275,1244020.20671,0,0,0,17910.1698649,0,51,0.0351214027369,0,0,False,0,1280440.64989
2026-03-09,1255987.58831,-0.00518236336746,44865.917276,1211121.67104,1253208.1678,0,0,0,17910.1698649,0,51,0.0353822400439,0,0,False,0,1273897.75818
2026-03-10,1269571.51466,0.0108153348588,44865.917276,1224705.59738,1260207.46065,0,0,0,17910.1698649,0,51,0.0351320703897,0,0,False,0,1287481.68453
2026-03-11,1272345.48162,0.00218496313893,44865.917276,1227479.56435,1270675.67672,0,0,0,17910.1698649,0,51,0.0343635910838,0,0,False,0,1290255.65149
2026-03-12,1268837.48083,-0.0027571134132,44865.917276,1223971.56355,1271689.9341,0,0,0,17910.1698649,0,51,0.0331994837953,0,0,False,0,1286747.65069
2026-03-13,1270235.5918,0.00110188341132,44865.917276,1225369.67452,1267048.73396,0,0,0,17910.1698649,0,51,0.0325725801272,0,0,False,0,1288145.76167
2026-03-16,1267494.45912,-0.00215797187291,44865.917276,1222628.54185,1270500.87133,0,0,0,17910.1698649,0,51,0.0322828949405,0,0,False,0,1285404.62899
2026-03-17,1256847.59398,-0.00839993032649,44865.917276,1211981.6767,1268958.71074,0,0,0,17910.1698649,0,51,0.0327898380965,0,0,False,0,1274757.76384
2026-03-18,1255176.64593,-0.00132947546852,44865.917276,1210310.72866,1257473.33884,0,0,0,17910.1698649,0,51,0.0327295859677,0,0,False,0,1273086.8158
2026-03-19,1230301.00041,-0.0198184419707,44865.917276,1185435.08314,1246164.40007,0,0,0,17910.1698649,0,51,0.0326758215705,0,0,False,0,1248211.17028
2026-03-20,1207773.74339,-0.0183103622715,44865.917276,1162907.82612,1232358.06414,0,0,0,17910.1698649,0,51,0.0334742548056,0,0,False,0,1225683.91326
2026-03-23,1149325.5613,-0.0483933206987,44865.917276,1104459.64402,1191779.83618,0,0,0,17910.1698649,0,51,0.0337297875246,0,0,False,0,1167235.73116
2026-03-24,1180492.72679,0.0271177867621,44865.917276,1135626.80951,1165792.51306,0,0,0,17910.1698649,0,51,0.0333640247789,0,0,False,0,1198402.89665
2026-03-25,1197135.55649,0.0140982060538,44865.917276,1152269.63922,1182873.35934,0,0,0,17910.1698649,0,51,0.0330363673932,0,0,False,0,1215045.72636
2026-03-26,1182299.55197,-0.0123929194493,44865.917276,1137433.6347,1195449.36358,0,0,0,17910.1698649,0,51,0.0331199977672,0,0,False,0,1200209.72184
2026-03-27,1191621.7541,0.00788480559516,44865.917276,1146755.83682,1171626.45366,0,0,0,17910.1698649,0,51,0.0339006245899,0,0,False,0,1209531.92396
2026-03-30,1197160.92852,0.0046484334498,44865.917276,1152295.01124,1179341.58102,0,0,0,17910.1698649,0,51,0.0341795238108,0,0,False,0,1215071.09838
2026-03-31,1193061.45453,-0.0034243299226,44865.917276,1148195.53725,1195647.87685,0,0,0,17910.1698649,0,51,0.034078341854,0,0,False,0,1210971.62439
2026-04-01,1202579.41158,0.0079777592467,44865.917276,1157713.4943,1207026.04153,0,0,0,17910.1698649,0,51,0.0344322000617,0,0,False,0,1220489.58144
2026-04-02,1188435.51122,-0.0117613025996,87585.986259,1100849.52496,1199043.59492,436818.200819,480696.132201,1157.86239912,19068.032264,0.765205149258,50,0.0404210198995,0,0,True,0,1207503.54348
2026-04-03,1171057.49434,-0.0146225998043,87585.986259,1083471.50809,1190586.18385,0,0,0,19068.032264,0,50,0.0405500456199,0,0,False,0,1190125.52661
2026-04-07,1181034.49404,0.00851964975466,87585.986259,1093448.50778,1171046.00027,0,0,0,19068.032264,0,50,0.0398761941859,0,0,False,0,1200102.5263
2026-04-08,1208405.89453,0.0231757841369,87585.986259,1120819.90827,1194684.68741,0,0,0,19068.032264,0,50,0.0391201440296,0,0,False,0,1227473.92679
2026-04-09,1197406.93328,-0.00910204203906,87585.986259,1109820.94702,1202310.35143,0,0,0,19068.032264,0,50,0.0391972794594,0,0,False,0,1216474.96554
2026-04-10,1207268.47954,0.00823575176606,87585.986259,1119682.49329,1202604.56138,0,0,0,19068.032264,0,50,0.0388918290898,0,0,False,0,1226336.51181
2026-04-13,1203671.77548,-0.00297920812754,87585.986259,1116085.78922,1201935.32489,0,0,0,19068.032264,0,50,0.039037593713,0,0,False,0,1222739.80774
2026-04-14,1208253.06347,0.00380609406085,87585.986259,1120667.07721,1208898.94137,0,0,0,19068.032264,0,50,0.0388895763275,0,0,False,0,1227321.09574
2026-04-15,1205390.9515,-0.00236880175293,87585.986259,1117804.96524,1211283.88116,0,0,0,19068.032264,0,50,0.0391737278572,0,0,False,0,1224458.98376
2026-04-16,1212670.19101,0.00603890339442,87585.986259,1125084.20475,1205936.39873,0,0,0,19068.032264,0,50,0.038938581525,0,0,False,0,1231738.22327
2026-04-17,1210244.95196,-0.00199991643717,87585.986259,1122658.9657,1211637.90536,0,0,0,19068.032264,0,50,0.03876678761,0,0,False,0,1229312.98422
2026-04-20,1220034.39419,0.00808881063179,87585.986259,1132448.40794,1212936.29216,0,0,0,19068.032264,0,50,0.0391262964295,0,0,False,0,1239102.42646
2026-04-21,1219203.83868,-0.00068076401959,87585.986259,1131617.85242,1217614.44016,0,0,0,19068.032264,0,50,0.0395759889335,0,0,False,0,1238271.87094
2026-04-22,1222055.94988,0.00233932269358,87585.986259,1134469.96362,1218421.7295,0,0,0,19068.032264,0,50,0.03909067971,0,0,False,0,1241123.98215
2026-04-23,1213589.08964,-0.00692837364876,87585.986259,1126003.10338,1218981.59633,0,0,0,19068.032264,0,50,0.0394952993297,0,0,False,0,1232657.12191
2026-04-24,1203616.56131,-0.00821738463122,87585.986259,1116030.57505,1207847.2114,0,0,0,19068.032264,0,50,0.0396156661094,0,0,False,0,1222684.59357
2026-04-27,1207297.75228,0.00305844160702,87585.986259,1119711.76602,1200408.09594,0,0,0,19068.032264,0,50,0.0392739024017,0,0,False,0,1226365.78454
2026-04-28,1203821.71999,-0.00287918393317,87585.986259,1116235.73373,1202583.37265,0,0,0,19068.032264,0,50,0.0394907232314,0,0,False,0,1222889.75225
2026-04-29,1218687.97344,0.0123492151701,87585.986259,1131101.98718,1201276.5473,0,0,0,19068.032264,0,50,0.0390673676348,0,0,False,0,1237756.0057
2026-04-30,1222240.84265,0.00291532310907,87585.986259,1134654.85639,1216170.67108,0,0,0,19068.032264,0,50,0.0397541256861,0,0,False,0,1241308.87491
2026-05-06,1229840.55418,0.00621785107504,66437.9739637,1163402.58022,1227484.61575,580318.045969,560591.238578,1421.20490384,20489.2371678,0.929469314654,50,0.0396468199144,0,0,True,0,1250329.79135
2026-05-07,1229738.94012,-8.2623774259e-05,66437.9739637,1163300.96615,1231571.16329,0,0,0,20489.2371678,0,50,0.0398861084309,0,0,False,0,1250228.17728
2026-05-08,1231553.82997,0.0014758334467,66437.9739637,1165115.85601,1228902.3153,0,0,0,20489.2371678,0,50,0.0397684137568,0,0,False,0,1252043.06714
2026-05-11,1237300.82865,0.00466646161844,66437.9739637,1170862.85469,1232985.44694,0,0,0,20489.2371678,0,50,0.039759625496,0,0,False,0,1257790.06582
2026-05-12,1228245.23113,-0.00731883250207,66437.9739637,1161807.25717,1238058.58633,0,0,0,20489.2371678,0,50,0.0399346152249,0,0,False,0,1248734.4683
2026-05-13,1234009.14551,0.00469280419791,66437.9739637,1167571.17155,1228202.48724,0,0,0,20489.2371678,0,50,0.039689286301,0,0,False,0,1254498.38268
2026-05-14,1217665.25687,-0.013244544173,66437.9739637,1151227.28291,1235481.1637,0,0,0,20489.2371678,0,50,0.0396857150226,0,0,False,0,1238154.49404
2026-05-15,1209746.55532,-0.00650318427388,66437.9739637,1143308.58136,1216623.83122,0,0,0,20489.2371678,0,50,0.0396476500032,0,0,False,0,1230235.79249
2026-05-18,1205777.12522,-0.00328120802317,66437.9739637,1139339.15126,1208313.00734,0,0,0,20489.2371678,0,50,0.0394554266788,0,0,False,0,1226266.36239
2026-05-19,1216898.60692,0.00922349700341,66437.9739637,1150460.63296,1205713.41125,0,0,0,20489.2371678,0,50,0.039293337238,0,0,False,0,1237387.84409
2026-05-20,1203881.78141,-0.0106967215133,66437.9739637,1137443.80745,1215568.38811,0,0,0,20489.2371678,0,50,0.0391154877025,0,0,False,0,1224371.01858
2026-05-21,1187228.25685,-0.0138331892888,66437.9739637,1120790.28289,1211327.68079,0,0,0,20489.2371678,0,50,0.0393343464442,0,0,False,0,1207717.49402
2026-05-22,1192090.09463,0.00409511629638,66437.9739637,1125652.12067,1188338.58537,0,0,0,20489.2371678,0,50,0.0390106999808,0,0,False,0,1212579.3318
2026-05-25,1189095.54674,-0.00251201473841,66437.9739637,1122657.57278,1192874.11322,0,0,0,20489.2371678,0,50,0.0390271243493,0,0,False,0,1209584.78391
2026-05-26,1189880.52912,0.000660150802481,66437.9739637,1123442.55516,1188054.37584,0,0,0,20489.2371678,0,50,0.0389196136643,0,0,False,0,1210369.76629
2026-05-27,1173857.40055,-0.0134661658687,66437.9739637,1107419.42659,1186723.10615,0,0,0,20489.2371678,0,50,0.0392022256547,0,0,False,0,1194346.63772
2026-05-28,1171370.41616,-0.00211864268887,66437.9739637,1104932.44219,1170969.12093,0,0,0,20489.2371678,0,50,0.039285457502,0,0,False,0,1191859.65332
2026-05-29,1160614.84078,-0.00918204457641,66437.9739637,1094176.86681,1173314.15372,0,0,0,20489.2371678,0,50,0.0404877774344,0,0,False,0,1181104.07795
2026-06-01,1181990.86529,0.0184178452293,66437.9739637,1115552.89132,1158507.63211,0,0,0,20489.2371678,0,50,0.0399201848997,0,0,False,0,1202480.10245
2026-06-02,1172820.53524,-0.00775837640686,66437.9739637,1106382.56128,1181169.05514,0,0,0,20489.2371678,0,50,0.0403152756427,0,0,False,0,1193309.77241
2026-06-03,1162734.33057,-0.00859995572679,61574.4446666,1101159.8859,1172402.53949,502040.687541,498426.839191,1249.68094633,21738.9181141,0.853348140282,50,0.039787027964,0,0,True,0,1184473.24868
2026-06-04,1146650.17053,-0.0138330482002,61574.4446666,1085075.72586,1158204.26708,0,0,0,21738.9181141,0,50,0.0400992053614,0,0,False,0,1168389.08864
2026-06-05,1156141.28065,0.00827724999697,61574.4446666,1094566.83598,1146143.35605,0,0,0,21738.9181141,0,50,0.0396122014364,0,0,False,0,1177880.19876
2026-06-08,1133224.66734,-0.0198216374527,61574.4446666,1071650.22267,1142684.9329,0,0,0,21738.9181141,0,50,0.0402668865766,0,0,False,0,1154963.58545
2026-06-09,1136679.45066,0.00304863053377,61574.4446666,1075105.00599,1136732.80433,0,0,0,21738.9181141,0,50,0.040319613152,0,0,False,0,1158418.36878
2026-06-10,1132438.67909,-0.00373084212026,61574.4446666,1070864.23442,1131067.26122,0,0,0,21738.9181141,0,50,0.0405584866255,0,0,False,0,1154177.5972
2026-06-11,1121191.32839,-0.00993197328103,61574.4446666,1059616.88372,1126490.43628,0,0,0,21738.9181141,0,50,0.041261238964,0,0,False,0,1142930.2465
2026-06-12,1135238.04273,0.0125283829729,61574.4446666,1073663.59807,1126147.26849,0,0,0,21738.9181141,0,50,0.0413205362697,0,0,False,0,1156976.96085
2026-06-15,1139598.0347,0.00384059712358,61574.4446666,1078023.59003,1139123.49932,0,0,0,21738.9181141,0,50,0.0401290200972,0,0,False,0,1161336.95281
2026-06-16,1133031.51713,-0.00576213485956,61574.4446666,1071457.07247,1138232.1097,0,0,0,21738.9181141,0,50,0.0400124374033,0,0,False,0,1154770.43525
2026-06-17,1126466.55874,-0.0057941533827,61574.4446666,1064892.11407,1131053.48564,0,0,0,21738.9181141,0,50,0.0404165211186,0,0,False,0,1148205.47685
2026-06-18,1116674.88542,-0.008692378159,61574.4446666,1055100.44076,1122504.99503,0,0,0,21738.9181141,0,50,0.0397365600389,0,0,False,0,1138413.80354
2026-06-22,1123550.31347,0.00615705442219,61574.4446666,1061975.8688,1115476.58152,0,0,0,21738.9181141,0,50,0.0398360729402,0,0,False,0,1145289.23158
2026-06-23,1118590.22649,-0.00441465497206,61574.4446666,1057015.78182,1119639.8869,0,0,0,21738.9181141,0,50,0.0398446601037,0,0,False,0,1140329.1446
2026-06-24,1101918.46263,-0.0149042638327,61574.4446666,1040344.01797,1117390.41777,0,0,0,21738.9181141,0,50,0.0400410684223,0,0,False,0,1123657.38075
2026-06-25,1090349.76704,-0.0104986856859,61574.4446666,1028775.32237,1100457.06776,0,0,0,21738.9181141,0,50,0.0398878228741,0,0,False,0,1112088.68516
2026-06-26,1071276.57533,-0.0174927278285,61574.4446666,1009702.13066,1089038.56301,0,0,0,21738.9181141,0,50,0.0412637871976,0,0,False,0,1093015.49344
2026-06-29,1077263.09771,0.0055882136532,61574.4446666,1015688.65305,1069434.11242,0,0,0,21738.9181141,0,50,0.0413270312688,0,0,False,0,1099002.01583
2026-06-30,1074656.45923,-0.00241968604307,61574.4446666,1013082.01456,1074421.56144,0,0,0,21738.9181141,0,50,0.0408561809522,0,0,False,0,1096395.37734
2026-07-01,1096808.08701,0.0206127526541,61574.4446666,1035233.64235,1075247.38456,0,0,0,21738.9181141,0,50,0.0402881250989,0,0,False,0,1118547.00513
2026-07-02,1101388.77204,0.00417637787559,56450.3617822,1044938.41026,1094865.3834,357233.661393,352996.30663,886.728121339,22625.6462355,0.648691591491,50,0.0316739989241,0,0,True,0,1124014.41828
2026-07-03,1120803.62903,0.0176276147767,56450.3617822,1064353.26725,1104894.49972,0,0,0,22625.6462355,0,50,0.0312408264236,0,0,False,0,1143429.27527
2026-07-06,1124571.75965,0.00336199001903,56450.3617822,1068121.39787,1120593.58195,0,0,0,22625.6462355,0,50,0.0312972952736,0,0,False,0,1147197.40588
2026-07-07,1105404.31697,-0.0170442148404,56450.3617822,1048953.95519,1124181.48049,0,0,0,22625.6462355,0,50,0.0320976067678,0,0,False,0,1128029.96321
2026-07-08,1107980.26142,0.00233031878201,56450.3617822,1051529.89963,1105053.35641,0,0,0,22625.6462355,0,50,0.0325136671704,0,0,False,0,1130605.90765
2026-07-09,1102547.53884,-0.004903266571,56450.3617822,1046097.17706,1108375.98044,0,0,0,22625.6462355,0,50,0.032603432755,0,0,False,0,1125173.18507
2026-07-10,1117179.61637,0.0132711534109,56450.3617822,1060729.25459,1101393.9345,0,0,0,22625.6462355,0,50,0.0324776702128,0,0,False,0,1139805.2626
2026-07-13,1104974.36262,-0.0109250594743,56450.3617822,1048524.00083,1113322.61223,0,0,0,22625.6462355,0,50,0.033293284717,0,0,False,0,1127600.00885
2026-07-14,1123032.97522,0.0163430150213,56450.3617822,1066582.61344,1103804.68937,0,0,0,22625.6462355,0,50,0.0329077642229,0,0,False,0,1145658.62146
2026-07-15,1141876.54045,0.0167791735758,56450.3617822,1085426.17866,1119041.84863,0,0,0,22625.6462355,0,50,0.0325120810804,0,0,False,0,1164502.18668
2026-07-16,1150128.50869,0.0072266728939,56450.3617822,1093678.14691,1139844.5638,0,0,0,22625.6462355,0,50,0.0319867352933,0,0,False,0,1172754.15492
2026-07-17,1135744.75432,-0.012506214964,56450.3617822,1079294.39254,1148594.5656,0,0,0,22625.6462355,0,50,0.0328266242645,0,0,False,0,1158370.40056
2026-07-20,1147690.72856,0.0105181857003,56450.3617822,1091240.36677,1137375.54553,0,0,0,22625.6462355,0,50,0.0336262902457,0,0,False,0,1170316.37479
2026-07-21,1140343.40885,-0.00640182893132,56450.3617822,1083893.04706,1146686.08138,0,0,0,22625.6462355,0,50,0.0335509961143,0,0,False,0,1162969.05508
2026-07-22,1136418.36884,-0.00344198070249,56450.3617822,1079968.00706,1136428.86268,0,0,0,22625.6462355,0,50,0.0340887381728,0,0,False,0,1159044.01507
2026-07-23,1149991.30454,0.0119436081604,56450.3617822,1093540.94276,1133617.16132,0,0,0,22625.6462355,0,50,0.033636597873,0,0,False,0,1172616.95078
2026-07-24,1127379.54544,-0.0196625478958,56450.3617822,1070929.18366,1144990.62397,0,0,0,22625.6462355,0,50,0.0343112443586,0,0,False,0,1150005.19167
2026-07-27,1139189.877,0.0104759143518,56450.3617822,1082739.51522,1126977.75014,0,0,0,22625.6462355,0,50,0.0334498084967,0,0,False,0,1161815.52323
2026-07-28,1147530.72373,0.00732173529429,56450.3617822,1091080.36194,1134561.11359,0,0,0,22625.6462355,0,50,0.0337354229286,0,0,False,0,1170156.36996
2026-07-29,1167507.29512,0.0174083107131,56450.3617822,1111056.93334,1149725.68814,0,0,0,22625.6462355,0,50,0.0329985061828,0,0,False,0,1190132.94135
2026-07-30,1175989.65423,0.00726535855572,63205.8794696,1112783.77476,1164415.35947,366206.19784,373888.754857,927.039330125,23552.6855656,0.635593602128,50,0.0398826158027,0,0,True,0,1199542.3398
2026-07-31,1182435.12695,0.00548089236579,63205.8794696,1119229.24748,1175345.16337,0,0,0,23552.6855656,0,50,0.0398517285787,0,0,False,0,1205987.81252
2026-08-03,1197972.7823,0.0131403871503,63205.8794696,1134766.90283,1181551.38697,0,0,0,23552.6855656,0,50,0.0393491379387,0,0,False,0,1221525.46787
2026-08-04,1190663.14061,-0.006101675926,63205.8794696,1127457.26114,1200072.15943,0,0,0,23552.6855656,0,50,0.0385926225405,0,0,False,0,1214215.82618
2026-08-05,1187421.43307,-0.00272260678273,63205.8794696,1124215.5536,1190704.37773,0,0,0,23552.6855656,0,50,0.0384461781186,0,0,False,0,1210974.11864
2026-08-06,1192907.74455,0.00462035746181,63205.8794696,1129701.86508,1185446.53541,0,0,0,23552.6855656,0,50,0.0382077346172,0,0,False,0,1216460.43012
2026-08-07,1184234.7824,-0.00727043829272,63205.8794696,1121028.90293,1192129.40401,0,0,0,23552.6855656,0,50,0.0382392492053,0,0,False,0,1207787.46797
2026-08-10,1200377.59883,0.0136314324353,63205.8794696,1137171.71936,1182600.6455,0,0,0,23552.6855656,0,50,0.0377862452593,0,0,False,0,1223930.28439
2026-08-11,1194047.13336,-0.00527372842819,63205.8794696,1130841.25389,1198760.13199,0,0,0,23552.6855656,0,50,0.0376787432759,0,0,False,0,1217599.81893
2026-08-12,1201366.96947,0.00613027401237,63205.8794696,1138161.09,1193054.63548,0,0,0,23552.6855656,0,50,0.0374491696047,0,0,False,0,1224919.65504
2026-08-13,1190334.61895,-0.00918316451059,63205.8794696,1127128.73948,1202518.7248,0,0,0,23552.6855656,0,50,0.0374874659031,0,0,False,0,1213887.30452
2026-08-14,1185721.17603,-0.00387575296445,63205.8794696,1122515.29656,1189996.52451,0,0,0,23552.6855656,0,50,0.0375093255972,0,0,False,0,1209273.86159
2026-08-17,1190670.08359,0.00417375321055,63205.8794696,1127464.20412,1184645.4908,0,0,0,23552.6855656,0,50,0.0372916804409,0,0,False,0,1214222.76916
2026-08-18,1187200.91372,-0.00291362814726,63205.8794696,1123995.03425,1189564.26086,0,0,0,23552.6855656,0,50,0.0372148872054,0,0,False,0,1210753.59929
2026-08-19,1167532.63584,-0.0165669329073,63205.8794696,1104326.75637,1182532.42466,0,0,0,23552.6855656,0,50,0.0375899509637,0,0,False,0,1191085.3214
2026-08-20,1185980.06913,0.0158003577204,63205.8794696,1122774.18966,1171710.60473,0,0,0,23552.6855656,0,50,0.0376251082145,0,0,False,0,1209532.7547
2026-08-21,1178011.60253,-0.00671888744688,63205.8794696,1114805.72306,1183017.15163,0,0,0,23552.6855656,0,50,0.0374427846112,0,0,False,0,1201564.2881
2026-08-24,1173962.20245,-0.00343748743843,63205.8794696,1110756.32298,1174265.17653,0,0,0,23552.6855656,0,50,0.0377597973633,0,0,False,0,1197514.88801
2026-08-25,1191604.9442,0.0150283729069,63205.8794696,1128399.06474,1170244.71221,0,0,0,23552.6855656,0,50,0.0373858091701,0,0,False,0,1215157.62977
2026-08-26,1196842.76708,0.00439560350769,63205.8794696,1133636.88761,1189871.96598,0,0,0,23552.6855656,0,50,0.0375907317442,0,0,False,0,1220395.45264
2026-08-27,1193211.14916,-0.00303433167232,61469.9126554,1131741.23651,1194459.28848,433519.154177,432866.005525,1082.81816247,24635.5037281,0.725336700934,50,0.0337551499932,0,0,True,0,1217846.65289
2026-08-28,1197467.23414,0.00356691687374,61469.9126554,1135997.32149,1192386.8439,0,0,0,24635.5037281,0,50,0.0339434022431,0,0,False,0,1222102.73787
2026-08-31,1201236.50215,0.00314770032798,61469.9126554,1139766.58949,1194064.8037,0,0,0,24635.5037281,0,50,0.0338753012122,0,0,False,0,1225872.00588
2026-09-01,1210313.33359,0.00755624010905,61469.9126554,1148843.42093,1199637.3821,0,0,0,24635.5037281,0,50,0.0338880862923,0,0,False,0,1234948.83732
2026-09-02,1200217.79508,-0.00834126025761,61469.9126554,1138747.88242,1205908.36889,0,0,0,24635.5037281,0,50,0.0343653331407,0,0,False,0,1224853.29881
2026-09-03,1193957.22491,-0.00521619508926,61469.9126554,1132487.31226,1202211.27286,0,0,0,24635.5037281,0,50,0.0343136801709,0,0,False,0,1218592.72864
2026-09-04,1198269.6496,0.00361187536312,61469.9126554,1136799.73694,1197395.79907,0,0,0,24635.5037281,0,50,0.0341516870023,0,0,False,0,1222905.15332
2026-09-07,1202358.46895,0.00341226981093,61469.9126554,1140888.55629,1198574.02186,0,0,0,24635.5037281,0,50,0.0338820624012,0,0,False,0,1226993.97267
2026-09-08,1216231.15507,0.0115378952942,61469.9126554,1154761.24241,1205602.51211,0,0,0,24635.5037281,0,50,0.0340266677142,0,0,False,0,1240866.6588
2026-09-09,1210209.42355,-0.00495114065751,61469.9126554,1148739.51089,1215269.8811,0,0,0,24635.5037281,0,50,0.0342722220156,0,0,False,0,1234844.92727
2026-09-10,1202409.44223,-0.00644515004418,61469.9126554,1140939.52957,1207026.28516,0,0,0,24635.5037281,0,50,0.0347247639604,0,0,False,0,1227044.94595
2026-09-11,1188424.03263,-0.0116311541664,61469.9126554,1126954.11998,1197797.08827,0,0,0,24635.5037281,0,50,0.0345899058186,0,0,False,0,1213059.53636
2026-09-14,1195265.00483,0.00575633949306,61469.9126554,1133795.09217,1187360.50196,0,0,0,24635.5037281,0,50,0.0345077319278,0,0,False,0,1219900.50855
2026-09-15,1175568.14287,-0.0164790752494,61469.9126554,1114098.23021,1192573.01697,0,0,0,24635.5037281,0,50,0.0344972255122,0,0,False,0,1200203.6466
2026-09-16,1179967.55664,0.00374237240055,61469.9126554,1118497.64399,1171233.40606,0,0,0,24635.5037281,0,50,0.0343686053919,0,0,False,0,1204603.06037
2026-09-17,1178994.43399,-0.000824702888431,61469.9126554,1117524.52133,1175286.93395,0,0,0,24635.5037281,0,50,0.0341621810523,0,0,False,0,1203629.93772
2026-09-18,1187821.27069,0.00748675010695,61469.9126554,1126351.35804,1181346.43173,0,0,0,24635.5037281,0,50,0.0338694768061,0,0,False,0,1212456.77442
