date,eligible,industry_unknown,quality_coverage
2019-10-08,0,0,
2019-10-09,0,0,
2019-10-10,0,0,
2019-10-11,0,0,
2019-10-14,0,0,
2019-10-15,0,0,
2019-10-16,0,0,
2019-10-17,0,0,
2019-10-18,0,0,
2019-10-21,0,0,
2019-10-22,0,0,
2019-10-23,0,0,
2019-10-24,0,0,
2019-10-25,0,0,
2019-10-28,0,0,
2019-10-29,0,0,
2019-10-30,0,0,
2019-10-31,0,0,
2019-11-01,0,0,
2019-11-04,0,0,
2019-11-05,874,16,0.9954233409610984
2019-11-06,874,16,0.9954233409610984
2019-11-07,877,16,0.9954389965792474
2019-11-08,878,16,0.9954441913439636
2019-11-11,874,16,0.9954233409610984
2019-11-12,875,16,0.9954285714285714
2019-11-13,871,15,0.9954075774971297
2019-11-14,873,16,0.995418098510882
2019-11-15,870,15,0.9954022988505747
2019-11-18,870,15,0.9954022988505747
2019-11-19,872,15,0.9954128440366973
2019-11-20,872,15,0.9954128440366973
2019-11-21,871,15,0.9954075774971297
2019-11-22,871,15,0.9954075774971297
2019-11-25,872,15,0.9954128440366973
2019-11-26,871,14,0.9954075774971297
2019-11-27,871,14,0.9954075774971297
2019-11-28,871,13,0.9954075774971297
2019-11-29,868,13,0.9953917050691244
2019-12-02,863,12,0.9953650057937428
2019-12-03,862,12,0.9953596287703016
2019-12-04,858,12,0.9953379953379954
2019-12-05,858,12,0.9953379953379954
2019-12-06,857,12,0.9953325554259043
2019-12-09,858,12,0.9953379953379954
2019-12-10,856,12,0.9953271028037384
2019-12-11,855,12,0.9953216374269006
2019-12-12,856,14,0.9953271028037384
2019-12-13,858,14,0.9953379953379954
2019-12-16,862,14,0.9953596287703016
2019-12-17,865,14,0.9953757225433526
2019-12-18,865,14,0.9953757225433526
2019-12-19,870,14,0.9954022988505747
2019-12-20,875,14,0.9954285714285714
2019-12-23,877,15,0.9954389965792474
2019-12-24,878,15,0.9954441913439636
2019-12-25,880,15,0.9954545454545455
2019-12-26,880,15,0.9954545454545455
2019-12-27,886,16,0.9954853273137697
2019-12-30,894,17,0.9955257270693513
2019-12-31,967,17,0.9917269906928645
2020-01-02,970,17,0.9917525773195877
2020-01-03,972,17,0.9917695473251029
2020-01-06,970,17,0.9917525773195877
2020-01-07,970,17,0.9917525773195877
2020-01-08,972,17,0.9917695473251029
2020-01-09,971,17,0.9917610710607621
2020-01-10,971,17,0.9917610710607621
2020-01-13,974,17,0.9917864476386037
2020-01-14,976,17,0.9918032786885246
2020-01-15,978,17,0.9918200408997955
2020-01-16,977,17,0.9918116683725691
2020-01-17,975,17,0.9917948717948718
2020-01-20,978,17,0.9918200408997955
2020-01-21,976,17,0.9918032786885246
2020-01-22,977,17,0.9918116683725691
2020-01-23,975,17,0.9917948717948718
2020-02-03,963,16,0.9916926272066459
2020-02-04,960,16,0.9916666666666667
2020-02-05,965,16,0.9917098445595854
2020-02-06,968,16,0.9917355371900827
2020-02-07,969,16,0.9917440660474717
2020-02-10,971,17,0.9917610710607621
2020-02-11,969,17,0.9917440660474717
2020-02-12,969,17,0.9917440660474717
2020-02-13,969,17,0.9917440660474717
2020-02-14,971,17,0.9917610710607621
2020-02-17,973,17,0.9917780061664954
2020-02-18,974,17,0.9917864476386037
2020-02-19,975,17,0.9917948717948718
2020-02-20,977,17,0.9918116683725691
2020-02-21,978,17,0.9918200408997955
2020-02-24,977,17,0.9918116683725691
2020-02-25,979,17,0.9908069458631257
2020-02-26,979,17,0.9908069458631257
2020-02-27,980,17,0.9908163265306122
2020-02-28,976,17,0.9907786885245902
2020-03-02,978,17,0.99079754601227
2020-03-03,978,17,0.99079754601227
2020-03-04,980,17,0.9908163265306122
2020-03-05,982,17,0.9908350305498982
2020-03-06,979,16,0.9908069458631257
2020-03-09,977,16,0.9907881269191402
2020-03-10,977,16,0.9907881269191402
2020-03-11,975,16,0.9907692307692307
2020-03-12,974,16,0.9907597535934292
2020-03-13,973,15,0.9907502569373073
2020-03-16,968,15,0.9907024793388429
2020-03-17,967,15,0.9906928645294726
2020-03-18,968,15,0.9907024793388429
2020-03-19,967,15,0.9906928645294726
2020-03-20,966,15,0.9906832298136646
2020-03-23,963,15,0.9906542056074766
2020-03-24,965,15,0.9906735751295337
2020-03-25,967,16,0.9906928645294726
2020-03-26,965,15,0.9906735751295337
2020-03-27,966,15,0.9906832298136646
2020-03-30,965,15,0.9906735751295337
2020-03-31,962,15,0.9906444906444907
2020-04-01,962,15,0.9906444906444907
2020-04-02,958,15,0.9906054279749478
2020-04-03,956,15,0.9905857740585774
2020-04-07,958,15,0.9906054279749478
2020-04-08,959,15,0.9906152241918665
2020-04-09,960,15,0.990625
2020-04-10,956,15,0.9905857740585774
2020-04-13,955,15,0.9905759162303664
2020-04-14,955,16,0.9905759162303664
2020-04-15,954,15,0.9905660377358491
2020-04-16,955,15,0.9905759162303664
2020-04-17,957,15,0.9905956112852664
2020-04-20,957,15,0.9905956112852664
2020-04-21,957,15,0.9905956112852664
2020-04-22,954,15,0.9905660377358491
2020-04-23,954,15,0.9905660377358491
2020-04-24,954,15,0.9905660377358491
2020-04-27,952,15,0.990546218487395
2020-04-28,945,15,0.9894179894179894
2020-04-29,943,15,0.9893955461293743
2020-04-30,943,14,0.9925768822905621
2020-05-06,944,14,0.9925847457627118
2020-05-07,945,14,0.9925925925925926
2020-05-08,943,14,0.9925768822905621
2020-05-11,945,14,0.9925925925925926
2020-05-12,942,14,0.9925690021231423
2020-05-13,941,14,0.9925611052072264
2020-05-14,941,14,0.9925611052072264
2020-05-15,941,14,0.9925611052072264
2020-05-18,936,14,0.9925213675213675
2020-05-19,935,14,0.9925133689839573
2020-05-20,935,14,0.9925133689839573
2020-05-21,933,14,0.992497320471597
2020-05-22,930,14,0.9924731182795699
2020-05-25,931,14,0.9924812030075187
2020-05-26,935,14,0.9925133689839573
2020-05-27,936,14,0.9925213675213675
2020-05-28,934,14,0.9925053533190579
2020-05-29,934,15,0.9925053533190579
2020-06-01,936,15,0.9925213675213675
2020-06-02,937,15,0.9925293489861259
2020-06-03,938,15,0.9925373134328358
2020-06-04,940,15,0.9925531914893617
2020-06-05,938,16,0.9936034115138592
2020-06-08,938,15,0.9936034115138592
2020-06-09,940,16,0.9936170212765958
2020-06-10,936,15,0.9935897435897436
2020-06-11,937,15,0.9935965848452508
2020-06-12,936,15,0.9935897435897436
2020-06-15,937,15,0.9935965848452508
2020-06-16,940,15,0.9936170212765958
2020-06-17,941,15,0.9936238044633369
2020-06-18,943,15,0.9936373276776246
2020-06-19,945,15,0.9936507936507937
2020-06-22,944,15,0.9936440677966102
2020-06-23,941,15,0.9936238044633369
2020-06-24,943,15,0.9925768822905621
2020-06-29,941,15,0.9925611052072264
2020-06-30,942,15,0.9925690021231423
2020-07-01,941,15,0.9925611052072264
2020-07-02,945,15,0.9925925925925926
2020-07-03,948,15,0.9926160337552743
2020-07-06,953,15,0.9916054564533053
2020-07-07,952,15,0.9915966386554622
2020-07-08,957,16,0.9905956112852664
2020-07-09,959,15,0.9906152241918665
2020-07-10,960,15,0.990625
2020-07-13,958,15,0.9916492693110647
2020-07-14,960,15,0.9916666666666667
2020-07-15,957,15,0.9916405433646813
2020-07-16,958,15,0.9906054279749478
2020-07-17,958,15,0.9895615866388309
2020-07-20,958,15,0.9895615866388309
2020-07-21,959,16,0.9885297184567258
2020-07-22,958,16,0.988517745302714
2020-07-23,958,17,0.988517745302714
2020-07-24,957,16,0.9885057471264368
2020-07-27,955,16,0.9884816753926702
2020-07-28,957,16,0.9885057471264368
2020-07-29,957,16,0.9885057471264368
2020-07-30,957,16,0.9885057471264368
2020-07-31,957,16,0.9885057471264368
2020-08-03,957,16,0.9885057471264368
2020-08-04,957,16,0.9885057471264368
2020-08-05,957,16,0.9885057471264368
2020-08-06,958,16,0.988517745302714
2020-08-07,958,16,0.988517745302714
2020-08-10,959,16,0.9885297184567258
2020-08-11,957,16,0.9885057471264368
2020-08-12,957,16,0.9885057471264368
2020-08-13,959,16,0.9885297184567258
2020-08-14,959,16,0.9885297184567258
2020-08-17,961,16,0.9885535900104059
2020-08-18,962,16,0.9885654885654885
2020-08-19,961,16,0.9885535900104059
2020-08-20,960,16,0.9885416666666667
2020-08-21,960,16,0.9885416666666667
2020-08-24,960,16,0.9885416666666667
2020-08-25,959,16,0.9885297184567258
2020-08-26,958,15,0.9895615866388309
2020-08-27,959,16,0.9895724713242962
2020-08-28,958,17,0.9895615866388309
2020-08-31,959,16,0.9895724713242962
2020-09-01,960,16,0.9895833333333334
2020-09-02,960,17,0.9895833333333334
2020-09-03,959,15,0.9906152241918665
2020-09-04,958,15,0.9906054279749478
2020-09-07,959,15,0.9906152241918665
2020-09-08,960,15,0.990625
2020-09-09,961,15,0.9906347554630593
2020-09-10,958,15,0.9906054279749478
2020-09-11,957,15,0.9905956112852664
2020-09-14,956,15,0.9905857740585774
2020-09-15,955,15,0.9905759162303664
2020-09-16,952,15,0.990546218487395
2020-09-17,952,16,0.990546218487395
2020-09-18,951,16,0.9905362776025236
2020-09-21,948,16,0.990506329113924
2020-09-22,949,16,0.9905163329820864
2020-09-23,946,15,0.9904862579281184
2020-09-24,945,15,0.9904761904761905
2020-09-25,943,15,0.9904559915164369
2020-09-28,940,15,0.9904255319148936
2020-09-29,941,15,0.9904357066950054
2020-09-30,938,15,0.990405117270789
2020-10-09,938,14,0.990405117270789
2020-10-12,939,14,0.9904153354632588
2020-10-13,937,14,0.9903948772678762
2020-10-14,933,14,0.9903536977491961
2020-10-15,925,13,0.9902702702702703
2020-10-16,922,13,0.9902386117136659
2020-10-19,918,13,0.9901960784313726
2020-10-20,917,13,0.990185387131952
2020-10-21,916,13,0.990174672489083
2020-10-22,918,13,0.9901960784313726
2020-10-23,917,13,0.990185387131952
2020-10-26,917,13,0.990185387131952
2020-10-27,916,13,0.990174672489083
2020-10-28,913,13,0.9901423877327492
2020-10-29,912,13,0.9901315789473685
2020-10-30,913,14,0.9901423877327492
2020-11-02,911,14,0.9901207464324918
2020-11-03,915,14,0.9901639344262295
2020-11-04,915,14,0.9901639344262295
2020-11-05,917,14,0.990185387131952
2020-11-06,920,14,0.9902173913043478
2020-11-09,920,14,0.9902173913043478
2020-11-10,922,14,0.9902386117136659
2020-11-11,924,14,0.9902597402597403
2020-11-12,923,14,0.9902491874322861
2020-11-13,924,15,0.9902597402597403
2020-11-16,925,15,0.9902702702702703
2020-11-17,924,15,0.9902597402597403
2020-11-18,925,15,0.9902702702702703
2020-11-19,927,15,0.9902912621359223
2020-11-20,926,16,0.9892008639308856
2020-11-23,927,16,0.9892125134843581
2020-11-24,926,16,0.9892008639308856
2020-11-25,929,15,0.9903121636167922
2020-11-26,931,15,0.9903329752953813
2020-11-27,930,15,0.9903225806451613
2020-11-30,930,15,0.9903225806451613
2020-12-01,932,15,0.990343347639485
2020-12-02,934,16,0.9892933618843683
2020-12-03,934,16,0.9903640256959315
2020-12-04,934,17,0.9892933618843683
2020-12-07,933,16,0.9903536977491961
2020-12-08,932,16,0.990343347639485
2020-12-09,930,16,0.9903225806451613
2020-12-10,929,16,0.9903121636167922
2020-12-11,929,16,0.9903121636167922
2020-12-14,929,16,0.9903121636167922
2020-12-15,932,16,0.990343347639485
2020-12-16,930,16,0.9903225806451613
2020-12-17,930,16,0.9903225806451613
2020-12-18,932,16,0.990343347639485
2020-12-21,930,17,0.989247311827957
2020-12-22,927,15,0.9902912621359223
2020-12-23,925,15,0.9902702702702703
2020-12-24,923,15,0.9902491874322861
2020-12-25,924,16,0.9891774891774892
2020-12-28,922,16,0.9891540130151844
2020-12-29,921,15,0.990228013029316
2020-12-30,921,15,0.990228013029316
2020-12-31,922,15,0.9902386117136659
2021-01-04,924,15,0.9902597402597403
2021-01-05,921,15,0.990228013029316
2021-01-06,922,15,0.9902386117136659
2021-01-07,920,15,0.9902173913043478
2021-01-08,919,14,0.9902067464635473
2021-01-11,916,14,0.990174672489083
2021-01-12,915,14,0.9901639344262295
2021-01-13,913,14,0.9901423877327492
2021-01-14,914,14,0.9901531728665208
2021-01-15,914,14,0.9901531728665208
2021-01-18,915,15,0.9901639344262295
2021-01-19,917,15,0.990185387131952
2021-01-20,916,15,0.990174672489083
2021-01-21,916,16,0.990174672489083
2021-01-22,913,15,0.9901423877327492
2021-01-25,913,15,0.9901423877327492
2021-01-26,911,14,0.9901207464324918
2021-01-27,911,14,0.9901207464324918
2021-01-28,913,14,0.9901423877327492
2021-01-29,911,14,0.9901207464324918
2021-02-01,911,14,0.9901207464324918
2021-02-02,911,16,0.9901207464324918
2021-02-03,909,14,0.9900990099009901
2021-02-04,903,14,0.9900332225913622
2021-02-05,900,13,0.99
2021-02-08,895,13,0.9899441340782122
2021-02-09,896,13,0.9899553571428571
2021-02-10,897,13,0.9899665551839465
2021-02-18,896,13,0.9899553571428571
2021-02-19,898,14,0.9899777282850779
2021-02-22,904,15,0.9889380530973452
2021-02-23,905,15,0.988950276243094
2021-02-24,904,14,0.9900442477876106
2021-02-25,898,13,0.9899777282850779
2021-02-26,899,13,0.9899888765294772
2021-03-01,900,13,0.99
2021-03-02,899,13,0.9899888765294772
2021-03-03,900,14,0.99
2021-03-04,906,14,0.9900662251655629
2021-03-05,905,14,0.9900552486187846
2021-03-08,906,14,0.9900662251655629
2021-03-09,907,14,0.9900771775082691
2021-03-10,905,13,0.9900552486187846
2021-03-11,904,14,0.9900442477876106
2021-03-12,903,13,0.9900332225913622
2021-03-15,903,13,0.9900332225913622
2021-03-16,906,14,0.9900662251655629
2021-03-17,909,14,0.9900990099009901
2021-03-18,906,13,0.9900662251655629
2021-03-19,911,13,0.9901207464324918
2021-03-22,905,13,0.9900552486187846
2021-03-23,904,13,0.9900442477876106
2021-03-24,903,12,0.9900332225913622
2021-03-25,904,12,0.9900442477876106
2021-03-26,906,12,0.9900662251655629
2021-03-29,909,12,0.9900990099009901
2021-03-30,913,12,0.9901423877327492
2021-03-31,910,12,0.9901098901098901
2021-04-01,910,12,0.9901098901098901
2021-04-02,908,12,0.9900881057268722
2021-04-06,908,12,0.9900881057268722
2021-04-07,903,12,0.9900332225913622
2021-04-08,901,14,0.9900110987791343
2021-04-09,904,14,0.9900442477876106
2021-04-12,907,14,0.9900771775082691
2021-04-13,906,14,0.9900662251655629
2021-04-14,904,14,0.9900442477876106
2021-04-15,905,14,0.988950276243094
2021-04-16,909,14,0.9900990099009901
2021-04-19,911,14,0.9901207464324918
2021-04-20,908,14,0.9911894273127754
2021-04-21,908,14,0.9911894273127754
2021-04-22,910,14,0.9912087912087912
2021-04-23,909,14,0.9911991199119912
2021-04-26,909,14,0.9911991199119912
2021-04-27,909,14,0.9911991199119912
2021-04-28,911,14,0.9901207464324918
2021-04-29,911,14,0.9901207464324918
2021-04-30,914,14,0.9901531728665208
2021-05-06,913,14,0.9901423877327492
2021-05-07,912,14,0.9890350877192983
2021-05-10,911,14,0.9901207464324918
2021-05-11,912,14,0.9901315789473685
2021-05-12,913,14,0.9890470974808324
2021-05-13,913,13,0.9890470974808324
2021-05-14,913,13,0.9890470974808324
2021-05-17,914,14,0.9890590809628009
2021-05-18,916,14,0.9890829694323144
2021-05-19,913,13,0.9890470974808324
2021-05-20,912,13,0.9890350877192983
2021-05-21,910,14,0.989010989010989
2021-05-24,911,14,0.9890230515916575
2021-05-25,912,14,0.9890350877192983
2021-05-26,914,14,0.9890590809628009
2021-05-27,916,14,0.9890829694323144
2021-05-28,917,14,0.9890948745910578
2021-05-31,914,14,0.9890590809628009
2021-06-01,914,14,0.9890590809628009
2021-06-02,911,14,0.9890230515916575
2021-06-03,914,14,0.9890590809628009
2021-06-04,916,14,0.9890829694323144
2021-06-07,918,14,0.9891067538126361
2021-06-08,919,14,0.9891186071817193
2021-06-09,920,15,0.9891304347826086
2021-06-10,924,15,0.9891774891774892
2021-06-11,922,15,0.9891540130151844
2021-06-15,921,15,0.98914223669924
2021-06-16,921,15,0.98914223669924
2021-06-17,923,15,0.9891657638136512
2021-06-18,923,15,0.9891657638136512
2021-06-21,925,15,0.9891891891891892
2021-06-22,924,15,0.9891774891774892
2021-06-23,924,15,0.9891774891774892
2021-06-24,920,15,0.9891304347826086
2021-06-25,918,15,0.9891067538126361
2021-06-28,918,15,0.9891067538126361
2021-06-29,917,15,0.9890948745910578
2021-06-30,917,15,0.9890948745910578
2021-07-01,916,15,0.9890829694323144
2021-07-02,920,15,0.9891304347826086
2021-07-05,920,15,0.9836956521739131
2021-07-06,918,15,0.9836601307189542
2021-07-07,915,15,0.9836065573770492
2021-07-08,914,15,0.9835886214442013
2021-07-09,912,15,0.9835526315789473
2021-07-12,912,15,0.9835526315789473
2021-07-13,909,15,0.9845984598459846
2021-07-14,910,15,0.9846153846153847
2021-07-15,912,15,0.9846491228070176
2021-07-16,911,15,0.9857299670691547
2021-07-19,913,15,0.9857612267250822
2021-07-20,913,15,0.9857612267250822
2021-07-21,913,15,0.9857612267250822
2021-07-22,912,15,0.9857456140350878
2021-07-23,913,15,0.9857612267250822
2021-07-26,910,15,0.9857142857142858
2021-07-27,910,15,0.9857142857142858
2021-07-28,913,16,0.9857612267250822
2021-07-29,910,118,0.9857142857142858
2021-07-30,911,2,0.9857299670691547
2021-08-02,912,2,0.9857456140350878
2021-08-03,912,2,0.9868421052631579
2021-08-04,914,2,0.986870897155361
2021-08-05,916,2,0.9868995633187773
2021-08-06,917,2,0.9869138495092693
2021-08-09,918,2,0.9869281045751634
2021-08-10,916,2,0.9868995633187773
2021-08-11,918,2,0.9869281045751634
2021-08-12,919,2,0.985854189336235
2021-08-13,916,2,0.9858078602620087
2021-08-16,915,2,0.9868852459016394
2021-08-17,916,2,0.9858078602620087
2021-08-18,914,2,0.986870897155361
2021-08-19,914,2,0.986870897155361
2021-08-20,913,2,0.9868565169769989
2021-08-23,913,2,0.9857612267250822
2021-08-24,912,2,0.9857456140350878
2021-08-25,908,2,0.98568281938326
2021-08-26,909,2,0.9856985698569857
2021-08-27,907,2,0.9867695700110254
2021-08-30,909,2,0.9867986798679867
2021-08-31,914,2,0.9857768052516411
2021-09-01,918,2,0.985838779956427
2021-09-02,918,2,0.985838779956427
2021-09-03,920,2,0.9858695652173913
2021-09-06,919,2,0.985854189336235
2021-09-07,921,2,0.9858849077090119
2021-09-08,924,2,0.9859307359307359
2021-09-09,930,2,0.986021505376344
2021-09-10,931,2,0.9860365198711063
2021-09-13,932,2,0.9860515021459227
2021-09-14,928,2,0.9859913793103449
2021-09-15,930,2,0.986021505376344
2021-09-16,931,2,0.9860365198711063
2021-09-17,931,2,0.9860365198711063
2021-09-22,929,2,0.9860064585575888
2021-09-23,930,2,0.986021505376344
2021-09-24,927,2,0.9859762675296656
2021-09-27,929,2,0.9870828848223897
2021-09-28,928,2,0.9870689655172413
2021-09-29,928,2,0.9870689655172413
2021-09-30,928,2,0.9870689655172413
2021-10-08,928,2,0.9870689655172413
2021-10-11,926,2,0.9870410367170627
2021-10-12,924,2,0.987012987012987
2021-10-13,922,2,0.9869848156182213
2021-10-14,920,2,0.9869565217391304
2021-10-15,915,2,0.9868852459016394
2021-10-18,911,2,0.9857299670691547
2021-10-19,908,2,0.98568281938326
2021-10-20,908,2,0.986784140969163
2021-10-21,906,2,0.9867549668874173
2021-10-22,901,2,0.9866814650388457
2021-10-25,899,2,0.9866518353726362
2021-10-26,894,2,0.9865771812080537
2021-10-27,890,2,0.9865168539325843
2021-10-28,889,2,0.9865016872890888
2021-10-29,889,2,0.9876265466816648
2021-11-01,886,2,0.9864559819413092
2021-11-02,887,2,0.9864712514092446
2021-11-03,884,2,0.9864253393665159
2021-11-04,887,2,0.9864712514092446
2021-11-05,886,2,0.9864559819413092
2021-11-08,884,2,0.9875565610859729
2021-11-09,884,2,0.9875565610859729
2021-11-10,884,2,0.9875565610859729
2021-11-11,885,2,0.9875706214689266
2021-11-12,888,2,0.9876126126126126
2021-11-15,888,2,0.9876126126126126
2021-11-16,888,2,0.9876126126126126
2021-11-17,892,2,0.9876681614349776
2021-11-18,895,2,0.9877094972067039
2021-11-19,896,2,0.9877232142857143
2021-11-22,899,2,0.9866518353726362
2021-11-23,903,2,0.9867109634551495
2021-11-24,905,2,0.9867403314917127
2021-11-25,908,2,0.986784140969163
2021-11-26,908,2,0.986784140969163
2021-11-29,910,2,0.9868131868131869
2021-11-30,913,2,0.9868565169769989
2021-12-01,916,2,0.9868995633187773
2021-12-02,917,3,0.9869138495092693
2021-12-03,917,2,0.9869138495092693
2021-12-06,915,2,0.9868852459016394
2021-12-07,916,2,0.9868995633187773
2021-12-08,917,2,0.9858233369683751
2021-12-09,920,2,0.9858695652173913
2021-12-10,923,2,0.9859154929577465
2021-12-13,923,2,0.9859154929577465
2021-12-14,921,2,0.9858849077090119
2021-12-15,921,2,0.9858849077090119
2021-12-16,924,2,0.9859307359307359
2021-12-17,928,2,0.9859913793103449
2021-12-20,929,2,0.9860064585575888
2021-12-21,935,2,0.986096256684492
2021-12-22,935,2,0.986096256684492
2021-12-23,936,2,0.9861111111111112
2021-12-24,938,2,0.9861407249466951
2021-12-27,937,2,0.9861259338313767
2021-12-28,935,2,0.986096256684492
2021-12-29,935,2,0.986096256684492
2021-12-30,938,2,0.9861407249466951
2021-12-31,939,2,0.9861554845580405
2022-01-04,943,2,0.9862142099681867
2022-01-05,943,2,0.9862142099681867
2022-01-06,944,2,0.986228813559322
2022-01-07,945,2,0.9862433862433863
2022-01-10,945,2,0.9862433862433863
2022-01-11,948,2,0.9862869198312236
2022-01-12,948,2,0.9862869198312236
2022-01-13,948,2,0.9862869198312236
2022-01-14,945,2,0.9862433862433863
2022-01-17,944,2,0.9872881355932204
2022-01-18,944,2,0.9872881355932204
2022-01-19,943,2,0.9872746553552492
2022-01-20,945,4,0.9873015873015873
2022-01-21,945,2,0.9873015873015873
2022-01-24,945,2,0.9873015873015873
2022-01-25,943,2,0.9872746553552492
2022-01-26,942,2,0.9872611464968153
2022-01-27,942,2,0.9872611464968153
2022-01-28,943,2,0.9872746553552492
2022-02-07,945,2,0.9873015873015873
2022-02-08,946,2,0.9873150105708245
2022-02-09,945,2,0.9862433862433863
2022-02-10,946,2,0.9862579281183932
2022-02-11,946,2,0.9862579281183932
2022-02-14,946,2,0.9862579281183932
2022-02-15,943,2,0.9862142099681867
2022-02-16,944,2,0.986228813559322
2022-02-17,943,2,0.9862142099681867
2022-02-18,943,2,0.9862142099681867
2022-02-21,942,2,0.9861995753715499
2022-02-22,937,2,0.9861259338313767
2022-02-23,933,2,0.9860664523043944
2022-02-24,931,2,0.9860365198711063
2022-02-25,930,2,0.986021505376344
2022-02-28,930,2,0.986021505376344
2022-03-01,931,2,0.9860365198711063
2022-03-02,933,2,0.9860664523043944
2022-03-03,935,2,0.986096256684492
2022-03-04,935,2,0.986096256684492
2022-03-07,934,2,0.9860813704496788
2022-03-08,933,2,0.9860664523043944
2022-03-09,934,2,0.9860813704496788
2022-03-10,935,2,0.986096256684492
2022-03-11,935,2,0.986096256684492
2022-03-14,932,2,0.9871244635193133
2022-03-15,925,2,0.987027027027027
2022-03-16,930,2,0.9870967741935484
2022-03-17,929,2,0.9870828848223897
2022-03-18,932,2,0.9871244635193133
2022-03-21,931,2,0.9871106337271751
2022-03-22,934,2,0.987152034261242
2022-03-23,933,2,0.9871382636655949
2022-03-24,931,3,0.9871106337271751
2022-03-25,929,2,0.9870828848223897
2022-03-28,931,2,0.9871106337271751
2022-03-29,929,2,0.9870828848223897
2022-03-30,934,2,0.987152034261242
2022-03-31,934,3,0.987152034261242
2022-04-01,933,2,0.9871382636655949
2022-04-06,937,2,0.9871931696905016
2022-04-07,936,2,0.9871794871794872
2022-04-08,933,2,0.9871382636655949
2022-04-11,934,2,0.987152034261242
2022-04-12,932,2,0.9871244635193133
2022-04-13,928,2,0.9870689655172413
2022-04-14,927,2,0.9870550161812298
2022-04-15,921,2,0.9869706840390879
2022-04-18,920,2,0.9869565217391304
2022-04-19,919,2,0.9869423286180631
2022-04-20,917,2,0.9869138495092693
2022-04-21,913,2,0.9868565169769989
2022-04-22,912,2,0.9868421052631579
2022-04-25,903,2,0.9867109634551495
2022-04-26,896,2,0.9866071428571429
2022-04-27,901,2,0.9866814650388457
2022-04-28,897,2,0.9855072463768116
2022-04-29,904,2,0.9856194690265486
2022-05-05,897,2,0.9855072463768116
2022-05-06,895,2,0.9854748603351955
2022-05-09,899,2,0.985539488320356
2022-05-10,898,2,0.9855233853006682
2022-05-11,897,2,0.9855072463768116
2022-05-12,899,2,0.985539488320356
2022-05-13,903,2,0.9856035437430787
2022-05-16,903,2,0.9856035437430787
2022-05-17,903,2,0.9856035437430787
2022-05-18,902,2,0.9855875831485588
2022-05-19,904,2,0.9856194690265486
2022-05-20,905,2,0.9856353591160221
2022-05-23,905,2,0.9856353591160221
2022-05-24,903,2,0.9856035437430787
2022-05-25,906,2,0.9856512141280354
2022-05-26,905,2,0.9856353591160221
2022-05-27,905,2,0.9856353591160221
2022-05-30,904,2,0.9856194690265486
2022-05-31,906,2,0.9856512141280354
2022-06-01,906,2,0.9856512141280354
2022-06-02,905,2,0.9856353591160221
2022-06-06,905,2,0.9856353591160221
2022-06-07,907,2,0.9856670341786108
2022-06-08,906,2,0.9856512141280354
2022-06-09,908,2,0.98568281938326
2022-06-10,910,2,0.9857142857142858
2022-06-13,908,2,0.98568281938326
2022-06-14,914,2,0.9857768052516411
2022-06-15,918,2,0.985838779956427
2022-06-16,917,2,0.9858233369683751
2022-06-17,916,2,0.9858078602620087
2022-06-20,915,2,0.985792349726776
2022-06-21,917,2,0.9858233369683751
2022-06-22,913,2,0.9857612267250822
2022-06-23,919,2,0.985854189336235
2022-06-24,920,2,0.9858695652173913
2022-06-27,920,2,0.9858695652173913
2022-06-28,922,2,0.9859002169197397
2022-06-29,919,2,0.985854189336235
2022-06-30,921,2,0.9858849077090119
2022-07-01,919,2,0.985854189336235
2022-07-04,921,2,0.9858849077090119
2022-07-05,918,2,0.9793028322440087
2022-07-06,916,2,0.9792576419213974
2022-07-07,916,2,0.9792576419213974
2022-07-08,919,2,0.9793253536452666
2022-07-11,918,2,0.9793028322440087
2022-07-12,917,2,0.9792802617230099
2022-07-13,916,2,0.9792576419213974
2022-07-14,914,2,0.9792122538293216
2022-07-15,909,2,0.9790979097909791
2022-07-18,912,2,0.9791666666666666
2022-07-19,913,2,0.9791894852135816
2022-07-20,912,2,0.9791666666666666
2022-07-21,914,2,0.9792122538293216
2022-07-22,913,2,0.9791894852135816
2022-07-25,912,2,0.9791666666666666
2022-07-26,915,2,0.9792349726775956
2022-07-27,912,2,0.9791666666666666
2022-07-28,917,36,0.9792802617230099
2022-07-29,917,2,0.9792802617230099
2022-08-01,912,2,0.9791666666666666
2022-08-02,910,2,0.9791208791208791
2022-08-03,906,2,0.9790286975717439
2022-08-04,908,2,0.9790748898678414
2022-08-05,910,2,0.9791208791208791
2022-08-08,911,2,0.9791437980241493
2022-08-09,909,2,0.9790979097909791
2022-08-10,907,2,0.9790518191841234
2022-08-11,913,3,0.9791894852135816
2022-08-12,913,2,0.9791894852135816
2022-08-15,910,2,0.9791208791208791
2022-08-16,909,2,0.9790979097909791
2022-08-17,908,2,0.9790748898678414
2022-08-18,908,2,0.9790748898678414
2022-08-19,910,2,0.978021978021978
2022-08-22,909,2,0.977997799779978
2022-08-23,909,2,0.977997799779978
2022-08-24,908,2,0.9779735682819384
2022-08-25,910,3,0.978021978021978
2022-08-26,913,2,0.9780941949616648
2022-08-29,910,2,0.9791208791208791
2022-08-30,910,2,0.978021978021978
2022-08-31,909,2,0.977997799779978
2022-09-01,906,2,0.977924944812362
2022-09-02,908,2,0.9779735682819384
2022-09-05,910,2,0.978021978021978
2022-09-06,911,2,0.9780461031833151
2022-09-07,911,2,0.9780461031833151
2022-09-08,913,2,0.9780941949616648
2022-09-09,914,2,0.9781181619256017
2022-09-13,914,2,0.9781181619256017
2022-09-14,913,2,0.9780941949616648
2022-09-15,914,2,0.9781181619256017
2022-09-16,910,2,0.9791208791208791
2022-09-19,910,2,0.9791208791208791
2022-09-20,909,2,0.9790979097909791
2022-09-21,911,2,0.9791437980241493
2022-09-22,906,2,0.9790286975717439
2022-09-23,908,2,0.9790748898678414
2022-09-26,902,2,0.9789356984478935
2022-09-27,905,2,0.9790055248618784
2022-09-28,899,2,0.978865406006674
2022-09-29,895,2,0.9787709497206704
2022-09-30,895,2,0.9787709497206704
2022-10-10,892,2,0.9786995515695067
2022-10-11,894,2,0.9787472035794184
2022-10-12,895,2,0.9787709497206704
2022-10-13,892,2,0.9786995515695067
2022-10-14,895,2,0.9787709497206704
2022-10-17,893,2,0.9787234042553191
2022-10-18,893,2,0.9787234042553191
2022-10-19,892,2,0.9786995515695067
2022-10-20,890,2,0.9786516853932584
2022-10-21,888,2,0.9786036036036037
2022-10-24,886,2,0.9785553047404063
2022-10-25,885,2,0.9785310734463277
2022-10-26,885,2,0.9785310734463277
2022-10-27,885,2,0.9774011299435028
2022-10-28,883,2,0.9784824462061155
2022-10-31,882,2,0.9795918367346939
2022-11-01,885,2,0.9796610169491525
2022-11-02,884,2,0.9796380090497737
2022-11-03,884,2,0.9796380090497737
2022-11-04,892,2,0.9798206278026906
2022-11-07,895,2,0.9798882681564246
2022-11-08,895,2,0.9798882681564246
2022-11-09,895,2,0.9798882681564246
2022-11-10,896,2,0.9799107142857143
2022-11-11,899,2,0.9799777530589544
2022-11-14,901,2,0.9800221975582686
2022-11-15,905,2,0.980110497237569
2022-11-16,908,2,0.9801762114537445
2022-11-17,910,2,0.9791208791208791
2022-11-18,912,2,0.9791666666666666
2022-11-21,910,2,0.9791208791208791
2022-11-22,910,2,0.9791208791208791
2022-11-23,909,2,0.9790979097909791
2022-11-24,909,2,0.9790979097909791
2022-11-25,914,2,0.9792122538293216
2022-11-28,913,2,0.9791894852135816
2022-11-29,921,2,0.9793702497285559
2022-11-30,920,2,0.9793478260869565
2022-12-01,921,2,0.9793702497285559
2022-12-02,919,2,0.9793253536452666
2022-12-05,921,2,0.9793702497285559
2022-12-06,920,2,0.9793478260869565
2022-12-07,920,2,0.9793478260869565
2022-12-08,922,2,0.9793926247288504
2022-12-09,921,2,0.9793702497285559
2022-12-12,920,2,0.9793478260869565
2022-12-13,920,2,0.9793478260869565
2022-12-14,917,2,0.9792802617230099
2022-12-15,917,2,0.9792802617230099
2022-12-16,919,2,0.9793253536452666
2022-12-19,915,2,0.9792349726775956
2022-12-20,915,2,0.9792349726775956
2022-12-21,912,2,0.9791666666666666
2022-12-22,911,2,0.9791437980241493
2022-12-23,911,2,0.9791437980241493
2022-12-26,908,2,0.9790748898678414
2022-12-27,909,2,0.9790979097909791
2022-12-28,909,2,0.9790979097909791
2022-12-29,905,2,0.9790055248618784
2022-12-30,904,2,0.9789823008849557
2023-01-03,904,2,0.9789823008849557
2023-01-04,905,2,0.9790055248618784
2023-01-05,906,2,0.9790286975717439
2023-01-06,906,2,0.9790286975717439
2023-01-09,905,2,0.9790055248618784
2023-01-10,905,2,0.9790055248618784
2023-01-11,903,2,0.9789590254706534
2023-01-12,902,2,0.9789356984478935
2023-01-13,902,2,0.9789356984478935
2023-01-16,905,2,0.9790055248618784
2023-01-17,906,2,0.9790286975717439
2023-01-18,909,2,0.9790979097909791
2023-01-19,907,2,0.9790518191841234
2023-01-20,912,2,0.9791666666666666
2023-01-30,913,2,0.9791894852135816
2023-01-31,914,2,0.9792122538293216
2023-02-01,916,2,0.9792576419213974
2023-02-02,917,2,0.9792802617230099
2023-02-03,919,2,0.9793253536452666
2023-02-06,918,2,0.9793028322440087
2023-02-07,919,2,0.9793253536452666
2023-02-08,919,2,0.9793253536452666
2023-02-09,921,2,0.9793702497285559
2023-02-10,921,2,0.9793702497285559
2023-02-13,920,2,0.9793478260869565
2023-02-14,921,2,0.9793702497285559
2023-02-15,922,2,0.9793926247288504
2023-02-16,922,2,0.9793926247288504
2023-02-17,922,2,0.9793926247288504
2023-02-20,926,2,0.9794816414686826
2023-02-21,931,2,0.9785177228786252
2023-02-22,930,2,0.978494623655914
2023-02-23,929,2,0.9795479009687836
2023-02-24,929,2,0.9795479009687836
2023-02-27,924,2,0.9794372294372294
2023-02-28,927,2,0.9795037756202805
2023-03-01,930,2,0.9795698924731183
2023-03-02,930,2,0.9795698924731183
2023-03-03,931,2,0.9795918367346939
2023-03-06,929,2,0.9795479009687836
2023-03-07,927,2,0.9795037756202805
2023-03-08,928,2,0.9795258620689655
2023-03-09,928,2,0.9795258620689655
2023-03-10,923,2,0.9794149512459371
2023-03-13,922,2,0.9793926247288504
2023-03-14,922,2,0.9793926247288504
2023-03-15,925,2,0.9794594594594594
2023-03-16,921,3,0.9793702497285559
2023-03-17,922,2,0.9793926247288504
2023-03-20,921,2,0.9793702497285559
2023-03-21,922,2,0.9793926247288504
2023-03-22,923,2,0.9794149512459371
2023-03-23,921,2,0.9793702497285559
2023-03-24,924,2,0.9794372294372294
2023-03-27,918,2,0.9793028322440087
2023-03-28,917,2,0.9792802617230099
2023-03-29,912,2,0.9791666666666666
2023-03-30,910,2,0.9791208791208791
2023-03-31,908,2,0.9801762114537445
2023-04-03,910,2,0.9802197802197802
2023-04-04,911,2,0.9802414928649835
2023-04-06,911,2,0.9802414928649835
2023-04-07,911,2,0.9802414928649835
2023-04-10,909,2,0.9801980198019802
2023-04-11,911,2,0.9802414928649835
2023-04-12,916,2,0.9792576419213974
2023-04-13,917,2,0.9792802617230099
2023-04-14,917,2,0.9792802617230099
2023-04-17,917,2,0.9792802617230099
2023-04-18,917,2,0.9792802617230099
2023-04-19,915,2,0.9792349726775956
2023-04-20,915,2,0.980327868852459
2023-04-21,911,2,0.9802414928649835
2023-04-24,911,2,0.9802414928649835
2023-04-25,911,2,0.9802414928649835
2023-04-26,912,2,0.9802631578947368
2023-04-27,910,2,0.9813186813186813
2023-04-28,913,2,0.9813800657174151
2023-05-04,913,2,0.9846659364731654
2023-05-05,913,2,0.9846659364731654
2023-05-08,917,2,0.9836423118865867
2023-05-09,916,2,0.9836244541484717
2023-05-10,915,2,0.9846994535519126
2023-05-11,916,3,0.9847161572052402
2023-05-12,914,2,0.9846827133479212
2023-05-15,915,2,0.9846994535519126
2023-05-16,913,2,0.9846659364731654
2023-05-17,912,2,0.9846491228070176
2023-05-18,911,2,0.9846322722283205
2023-05-19,908,2,0.9845814977973568
2023-05-22,907,2,0.9845644983461963
2023-05-23,904,2,0.9845132743362832
2023-05-24,904,2,0.9845132743362832
2023-05-25,904,2,0.9845132743362832
2023-05-26,905,2,0.9845303867403314
2023-05-29,903,2,0.9844961240310077
2023-05-30,902,2,0.9844789356984479
2023-05-31,900,2,0.9844444444444445
2023-06-01,901,2,0.9844617092119867
2023-06-02,901,2,0.9844617092119867
2023-06-05,899,2,0.9844271412680756
2023-06-06,897,2,0.9843924191750278
2023-06-07,896,2,0.984375
2023-06-08,897,2,0.9843924191750278
2023-06-09,895,2,0.9843575418994414
2023-06-12,896,2,0.984375
2023-06-13,898,2,0.9844097995545658
2023-06-14,895,2,0.9843575418994414
2023-06-15,896,2,0.984375
2023-06-16,898,2,0.9844097995545658
2023-06-19,898,2,0.9844097995545658
2023-06-20,898,2,0.9844097995545658
2023-06-21,900,2,0.9844444444444445
2023-06-26,901,2,0.9844617092119867
2023-06-27,904,2,0.9845132743362832
2023-06-28,902,2,0.9844789356984479
2023-06-29,902,2,0.9844789356984479
2023-06-30,906,2,0.9845474613686535
2023-07-03,907,12,0.9845644983461963
2023-07-04,906,1,0.9845474613686535
2023-07-05,900,1,0.9677777777777777
2023-07-06,899,1,0.967741935483871
2023-07-07,901,1,0.9678135405105438
2023-07-10,900,1,0.9677777777777777
2023-07-11,900,1,0.9677777777777777
2023-07-12,897,1,0.967670011148272
2023-07-13,899,1,0.967741935483871
2023-07-14,897,1,0.967670011148272
2023-07-17,897,1,0.9687848383500557
2023-07-18,897,1,0.9687848383500557
2023-07-19,896,1,0.96875
2023-07-20,895,1,0.9687150837988827
2023-07-21,897,1,0.9687848383500557
2023-07-24,896,1,0.9698660714285714
2023-07-25,900,1,0.97
2023-07-26,908,1,0.9702643171806168
2023-07-27,909,1,0.9702970297029703
2023-07-28,911,1,0.9703622392974753
2023-07-31,913,1,0.9704271631982475
2023-08-01,913,1,0.9693318729463308
2023-08-02,916,1,0.9694323144104804
2023-08-03,915,1,0.9704918032786886
2023-08-04,918,1,0.9705882352941176
2023-08-07,919,1,0.969532100108814
2023-08-08,919,1,0.969532100108814
2023-08-09,921,1,0.9695982627578719
2023-08-10,920,1,0.9706521739130435
2023-08-11,915,1,0.9704918032786886
2023-08-14,916,1,0.9705240174672489
2023-08-15,912,1,0.9703947368421053
2023-08-16,913,1,0.9704271631982475
2023-08-17,915,1,0.9704918032786886
2023-08-18,913,1,0.9704271631982475
2023-08-21,913,1,0.9704271631982475
2023-08-22,912,1,0.9703947368421053
2023-08-23,912,1,0.9703947368421053
2023-08-24,913,1,0.9704271631982475
2023-08-25,910,1,0.9703296703296703
2023-08-28,913,1,0.9704271631982475
2023-08-29,915,1,0.9704918032786886
2023-08-30,914,1,0.9715536105032823
2023-08-31,911,1,0.9725576289791438
2023-09-01,909,1,0.9724972497249725
2023-09-04,912,1,0.9725877192982456
2023-09-05,913,1,0.9726177437020811
2023-09-06,915,1,0.9726775956284153
2023-09-07,913,1,0.9726177437020811
2023-09-08,911,1,0.973655323819978
2023-09-11,912,1,0.9736842105263158
2023-09-12,912,1,0.9736842105263158
2023-09-13,911,1,0.973655323819978
2023-09-14,912,1,0.9736842105263158
2023-09-15,913,1,0.9726177437020811
2023-09-18,912,1,0.9736842105263158
2023-09-19,912,1,0.9736842105263158
2023-09-20,912,1,0.9736842105263158
2023-09-21,912,1,0.9736842105263158
2023-09-22,911,1,0.973655323819978
2023-09-25,910,1,0.9736263736263736
2023-09-26,910,1,0.9736263736263736
2023-09-27,908,1,0.973568281938326
2023-09-28,908,1,0.973568281938326
2023-10-09,908,1,0.973568281938326
2023-10-10,907,1,0.9735391400220507
2023-10-11,907,1,0.9735391400220507
2023-10-12,907,1,0.9735391400220507
2023-10-13,908,1,0.973568281938326
2023-10-16,907,1,0.9735391400220507
2023-10-17,909,1,0.9735973597359736
2023-10-18,910,1,0.9736263736263736
2023-10-19,908,1,0.973568281938326
2023-10-20,908,1,0.973568281938326
2023-10-23,904,1,0.9734513274336283
2023-10-24,906,1,0.9735099337748344
2023-10-25,910,1,0.9736263736263736
2023-10-26,909,1,0.9735973597359736
2023-10-27,913,1,0.9726177437020811
2023-10-30,912,1,0.9725877192982456
2023-10-31,913,1,0.9737130339539978
2023-11-01,913,1,0.9737130339539978
2023-11-02,914,1,0.973741794310722
2023-11-03,912,1,0.9736842105263158
2023-11-06,912,1,0.9736842105263158
2023-11-07,913,1,0.9737130339539978
2023-11-08,913,1,0.9737130339539978
2023-11-09,912,1,0.9736842105263158
2023-11-10,911,1,0.973655323819978
2023-11-13,912,1,0.9736842105263158
2023-11-14,913,1,0.9737130339539978
2023-11-15,915,1,0.9737704918032787
2023-11-16,914,1,0.973741794310722
2023-11-17,914,1,0.973741794310722
2023-11-20,912,1,0.9736842105263158
2023-11-21,914,1,0.973741794310722
2023-11-22,914,1,0.973741794310722
2023-11-23,914,1,0.973741794310722
2023-11-24,914,1,0.973741794310722
2023-11-27,913,1,0.9737130339539978
2023-11-28,914,1,0.973741794310722
2023-11-29,914,1,0.973741794310722
2023-11-30,912,1,0.9736842105263158
2023-12-01,913,1,0.9737130339539978
2023-12-04,913,1,0.9737130339539978
2023-12-05,913,1,0.9737130339539978
2023-12-06,912,1,0.9736842105263158
2023-12-07,912,1,0.9736842105263158
2023-12-08,909,1,0.9735973597359736
2023-12-11,909,1,0.9735973597359736
2023-12-12,910,1,0.9736263736263736
2023-12-13,910,1,0.9736263736263736
2023-12-14,910,1,0.9736263736263736
2023-12-15,911,1,0.973655323819978
2023-12-18,906,1,0.9735099337748344
2023-12-19,906,1,0.9735099337748344
2023-12-20,903,1,0.973421926910299
2023-12-21,904,1,0.9734513274336283
2023-12-22,905,1,0.9734806629834254
2023-12-25,904,1,0.9734513274336283
2023-12-26,900,1,0.9733333333333334
2023-12-27,902,1,0.9733924611973392
2023-12-28,907,1,0.9735391400220507
2023-12-29,906,1,0.9735099337748344
2024-01-02,907,1,0.9735391400220507
2024-01-03,907,1,0.9735391400220507
2024-01-04,905,1,0.9734806629834254
2024-01-05,904,1,0.9734513274336283
2024-01-08,903,1,0.973421926910299
2024-01-09,901,1,0.9733629300776915
2024-01-10,901,1,0.9733629300776915
2024-01-11,905,1,0.9734806629834254
2024-01-12,903,1,0.973421926910299
2024-01-15,903,1,0.973421926910299
2024-01-16,901,1,0.9733629300776915
2024-01-17,898,1,0.9732739420935412
2024-01-18,899,2,0.9733036707452726
2024-01-19,897,1,0.9732441471571907
2024-01-22,892,1,0.9730941704035875
2024-01-23,893,1,0.973124300111982
2024-01-24,901,1,0.9733629300776915
2024-01-25,908,1,0.973568281938326
2024-01-26,908,1,0.973568281938326
2024-01-29,904,1,0.9734513274336283
2024-01-30,899,1,0.9733036707452726
2024-01-31,887,1,0.9729425028184893
2024-02-01,887,2,0.9729425028184893
2024-02-02,883,1,0.9728199320498301
2024-02-05,874,1,0.9736842105263158
2024-02-06,880,1,0.9727272727272728
2024-02-07,878,1,0.9726651480637813
2024-02-08,888,1,0.972972972972973
2024-02-19,890,1,0.9730337078651685
2024-02-20,893,1,0.973124300111982
2024-02-21,893,1,0.973124300111982
2024-02-22,895,1,0.9731843575418995
2024-02-23,895,1,0.9731843575418995
2024-02-26,896,1,0.9732142857142857
2024-02-27,897,1,0.9732441471571907
2024-02-28,895,1,0.9731843575418995
2024-02-29,896,1,0.9732142857142857
2024-03-01,896,1,0.9732142857142857
2024-03-04,895,1,0.9731843575418995
2024-03-05,896,1,0.9732142857142857
2024-03-06,895,1,0.9731843575418995
2024-03-07,894,1,0.9731543624161074
2024-03-08,893,1,0.973124300111982
2024-03-11,896,1,0.9732142857142857
2024-03-12,899,1,0.9733036707452726
2024-03-13,898,1,0.9732739420935412
2024-03-14,897,1,0.9732441471571907
2024-03-15,901,1,0.9733629300776915
2024-03-18,902,1,0.9733924611973392
2024-03-19,900,1,0.9733333333333334
2024-03-20,900,1,0.9744444444444444
2024-03-21,902,1,0.9745011086474501
2024-03-22,899,1,0.9744160177975528
2024-03-25,898,1,0.9743875278396437
2024-03-26,899,1,0.9744160177975528
2024-03-27,891,1,0.9741863075196409
2024-03-28,896,1,0.9743303571428571
2024-03-29,896,1,0.9743303571428571
2024-04-01,900,1,0.9755555555555555
2024-04-02,902,1,0.975609756097561
2024-04-03,904,1,0.9745575221238938
2024-04-08,897,1,0.9743589743589743
2024-04-09,901,1,0.974472807991121
2024-04-10,900,1,0.9744444444444444
2024-04-11,902,1,0.975609756097561
2024-04-12,898,1,0.9755011135857461
2024-04-15,896,1,0.9765625
2024-04-16,886,1,0.9762979683972912
2024-04-17,896,1,0.9765625
2024-04-18,896,1,0.9765625
2024-04-19,892,1,0.9775784753363229
2024-04-22,889,1,0.9820022497187851
2024-04-23,890,1,0.9820224719101124
2024-04-24,891,1,0.9831649831649831
2024-04-25,891,1,0.9842873176206509
2024-04-26,901,1,0.9855715871254163
2024-04-29,904,1,0.9889380530973452
2024-04-30,897,1,0.9888517279821628
2024-05-06,904,1,0.9977876106194691
2024-05-07,903,1,0.9977851605758582
2024-05-08,902,1,0.9977827050997783
2024-05-09,902,1,0.9977827050997783
2024-05-10,903,1,0.9977851605758582
2024-05-13,900,1,0.9977777777777778
2024-05-14,901,1,0.9977802441731409
2024-05-15,901,1,0.9977802441731409
2024-05-16,901,1,0.9977802441731409
2024-05-17,906,1,0.9977924944812362
2024-05-20,901,1,0.9977802441731409
2024-05-21,901,1,0.9977802441731409
2024-05-22,902,1,0.9977827050997783
2024-05-23,896,1,0.9977678571428571
2024-05-24,896,1,0.9977678571428571
2024-05-27,897,1,0.9977703455964325
2024-05-28,895,1,0.9977653631284916
2024-05-29,894,1,0.9977628635346756
2024-05-30,892,1,0.9977578475336323
2024-05-31,889,1,0.9977502812148481
2024-06-03,887,1,0.9977452085682075
2024-06-04,883,1,0.9977349943374858
2024-06-05,881,1,0.9977298524404086
2024-06-06,880,1,0.9977272727272727
2024-06-07,882,1,0.9977324263038548
2024-06-11,878,1,0.9988610478359908
2024-06-12,879,1,0.9988623435722411
2024-06-13,875,1,0.9988571428571429
2024-06-14,877,1,0.9988597491448119
2024-06-17,875,1,0.9977142857142857
2024-06-18,876,1,0.997716894977169
2024-06-19,874,1,0.9977116704805492
2024-06-20,874,1,0.9977116704805492
2024-06-21,875,1,0.9977142857142857
2024-06-24,869,1,0.998849252013809
2024-06-25,869,1,0.998849252013809
2024-06-26,872,1,0.9977064220183486
2024-06-27,871,1,0.9977037887485649
2024-06-28,869,1,0.997698504027618
2024-07-01,870,1,0.9977011494252873
2024-07-02,870,1,0.9977011494252873
2024-07-03,869,1,0.997698504027618
2024-07-04,864,1,0.9965277777777778
2024-07-05,862,1,0.9965197215777262
2024-07-08,854,1,0.9964871194379391
2024-07-09,852,1,0.9964788732394366
2024-07-10,848,1,0.9976415094339622
2024-07-11,856,1,0.9964953271028038
2024-07-12,858,1,0.9965034965034965
2024-07-15,855,1,0.9964912280701754
2024-07-16,853,1,0.9976553341148886
2024-07-17,854,1,0.9964871194379391
2024-07-18,853,1,0.9964830011723329
2024-07-19,851,1,0.9964747356051704
2024-07-22,847,1,0.9964580873671782
2024-07-23,844,1,0.9976303317535545
2024-07-24,838,1,0.9976133651551312
2024-07-25,841,1,0.9976218787158145
2024-07-26,845,1,0.9976331360946745
2024-07-29,843,15,0.9976275207591934
2024-07-30,841,1,0.9976218787158145
2024-07-31,847,1,0.9964580873671782
2024-08-01,844,1,0.9964454976303317
2024-08-02,847,1,0.9964580873671782
2024-08-05,849,1,0.9964664310954063
2024-08-06,846,2,0.9964539007092199
2024-08-07,848,1,0.9964622641509434
2024-08-08,846,1,0.9964539007092199
2024-08-09,845,1,0.9964497041420118
2024-08-12,847,1,0.9964580873671782
2024-08-13,847,1,0.9964580873671782
2024-08-14,850,1,0.9964705882352941
2024-08-15,850,1,0.9964705882352941
2024-08-16,852,1,0.9964788732394366
2024-08-19,853,1,0.9964830011723329
2024-08-20,849,1,0.9964664310954063
2024-08-21,848,1,0.9964622641509434
2024-08-22,845,1,0.9964497041420118
2024-08-23,844,1,0.9976303317535545
2024-08-26,849,1,0.9976442873969376
2024-08-27,849,1,0.9964664310954063
2024-08-28,847,1,0.9964580873671782
2024-08-29,845,1,0.9964497041420118
2024-08-30,850,1,0.9964705882352941
2024-09-02,847,1,0.9964580873671782
2024-09-03,843,1,0.99644128113879
2024-09-04,840,1,0.9964285714285714
2024-09-05,842,1,0.996437054631829
2024-09-06,840,1,0.9964285714285714
2024-09-09,838,1,0.9964200477326969
2024-09-10,833,1,0.9975990396158463
2024-09-11,831,1,0.9975932611311673
2024-09-12,832,1,0.9975961538461539
2024-09-13,833,1,0.9975990396158463
2024-09-18,834,1,0.9964028776978417
2024-09-19,835,1,0.9964071856287425
2024-09-20,835,1,0.9964071856287425
2024-09-23,835,1,0.9964071856287425
2024-09-24,846,1,0.9952718676122931
2024-09-25,856,1,0.9953271028037384
2024-09-26,865,1,0.9953757225433526
2024-09-27,880,1,0.9954545454545455
2024-09-30,900,1,0.9944444444444445
2024-10-08,913,1,0.9945235487404163
2024-10-09,902,1,0.9944567627494457
2024-10-10,901,1,0.9944506104328524
2024-10-11,898,1,0.9944320712694877
2024-10-14,901,1,0.9944506104328524
2024-10-15,902,1,0.9944567627494457
2024-10-16,902,1,0.9944567627494457
2024-10-17,899,1,0.9944382647385984
2024-10-18,902,1,0.9944567627494457
2024-10-21,902,1,0.9944567627494457
2024-10-22,904,1,0.9944690265486725
2024-10-23,904,1,0.9944690265486725
2024-10-24,906,1,0.9944812362030905
2024-10-25,909,1,0.9944994499449945
2024-10-28,914,1,0.9945295404814004
2024-10-29,911,1,0.9945115257958288
2024-10-30,911,1,0.9945115257958288
2024-10-31,914,1,0.9945295404814004
2024-11-01,911,1,0.9945115257958288
2024-11-04,913,1,0.9945235487404163
2024-11-05,921,1,0.99457111834962
2024-11-06,918,1,0.9945533769063181
2024-11-07,926,1,0.9946004319654428
2024-11-08,923,1,0.9945828819068255
2024-11-11,924,1,0.9945887445887446
2024-11-12,921,1,0.99457111834962
2024-11-13,920,1,0.9945652173913043
2024-11-14,917,2,0.9945474372955289
2024-11-15,916,1,0.9945414847161572
2024-11-18,916,1,0.9945414847161572
2024-11-19,917,1,0.9945474372955289
2024-11-20,917,1,0.9945474372955289
2024-11-21,917,1,0.9945474372955289
2024-11-22,915,1,0.994535519125683
2024-11-25,914,1,0.9945295404814004
2024-11-26,914,1,0.9945295404814004
2024-11-27,917,1,0.9945474372955289
2024-11-28,917,1,0.9945474372955289
2024-11-29,917,1,0.9945474372955289
2024-12-02,920,1,0.9945652173913043
2024-12-03,920,1,0.9945652173913043
2024-12-04,922,1,0.9945770065075922
2024-12-05,924,1,0.9945887445887446
2024-12-06,925,1,0.9945945945945946
2024-12-09,925,1,0.9945945945945946
2024-12-10,924,1,0.9945887445887446
2024-12-11,926,1,0.9946004319654428
2024-12-12,928,1,0.9946120689655172
2024-12-13,923,1,0.9945828819068255
2024-12-16,924,1,0.9945887445887446
2024-12-17,919,1,0.9945593035908596
2024-12-18,921,1,0.99457111834962
2024-12-19,921,1,0.99457111834962
2024-12-20,920,1,0.9956521739130435
2024-12-23,914,1,0.9956236323851203
2024-12-24,916,1,0.9956331877729258
2024-12-25,914,1,0.9956236323851203
2024-12-26,913,1,0.9956188389923329
2024-12-27,915,1,0.9956284153005465
2024-12-30,912,1,0.9956140350877193
2024-12-31,911,1,0.995609220636663
2025-01-02,905,1,0.9955801104972376
2025-01-03,899,1,0.9955506117908788
2025-01-06,901,1,0.9955604883462819
2025-01-07,902,1,0.9955654101995566
2025-01-08,901,1,0.9955604883462819
2025-01-09,902,1,0.9955654101995566
2025-01-10,897,1,0.9955406911928651
2025-01-13,896,1,0.9955357142857143
2025-01-14,901,1,0.9955604883462819
2025-01-15,901,1,0.9955604883462819
2025-01-16,901,1,0.9955604883462819
2025-01-17,901,1,0.9955604883462819
2025-01-20,902,1,0.9955654101995566
2025-01-21,901,1,0.9955604883462819
2025-01-22,895,1,0.9955307262569832
2025-01-23,895,1,0.9955307262569832
2025-01-24,895,1,0.9955307262569832
2025-01-27,899,1,0.9955506117908788
2025-02-05,900,1,0.9955555555555555
2025-02-06,900,1,0.9955555555555555
2025-02-07,904,1,0.995575221238938
2025-02-10,905,1,0.9955801104972376
2025-02-11,904,1,0.995575221238938
2025-02-12,905,1,0.9955801104972376
2025-02-13,905,1,0.9955801104972376
2025-02-14,905,1,0.9955801104972376
2025-02-17,906,1,0.9955849889624724
2025-02-18,904,1,0.995575221238938
2025-02-19,904,1,0.995575221238938
2025-02-20,905,1,0.9955801104972376
2025-02-21,907,1,0.9955898566703418
2025-02-24,906,1,0.9955849889624724
2025-02-25,904,1,0.995575221238938
2025-02-26,907,1,0.9955898566703418
2025-02-27,908,1,0.9955947136563876
2025-02-28,905,1,0.9955801104972376
2025-03-03,906,1,0.9955849889624724
2025-03-04,906,1,0.9955849889624724
2025-03-05,906,1,0.9955849889624724
2025-03-06,907,1,0.9955898566703418
2025-03-07,905,1,0.9955801104972376
2025-03-10,906,1,0.9955849889624724
2025-03-11,906,1,0.9955849889624724
2025-03-12,906,1,0.9955849889624724
2025-03-13,905,1,0.9955801104972376
2025-03-14,906,1,0.9955849889624724
2025-03-17,906,1,0.9955849889624724
2025-03-18,906,1,0.9955849889624724
2025-03-19,905,1,0.9966850828729282
2025-03-20,905,1,0.9966850828729282
2025-03-21,904,1,0.9966814159292036
2025-03-24,903,1,0.9966777408637874
2025-03-25,904,1,0.995575221238938
2025-03-26,904,1,0.995575221238938
2025-03-27,904,1,0.9966814159292036
2025-03-28,903,1,0.9966777408637874
2025-03-31,900,1,0.9966666666666667
2025-04-01,900,1,0.9966666666666667
2025-04-02,901,1,0.9966703662597114
2025-04-03,901,1,0.9966703662597114
2025-04-07,894,1,0.9966442953020134
2025-04-08,892,1,0.9966367713004485
2025-04-09,894,1,0.9966442953020134
2025-04-10,897,1,0.9966555183946488
2025-04-11,897,1,0.9966555183946488
2025-04-14,900,1,0.9966666666666667
2025-04-15,900,1,0.9966666666666667
2025-04-16,899,1,0.996662958843159
2025-04-17,902,1,0.9966740576496674
2025-04-18,903,1,0.9966777408637874
2025-04-21,901,1,0.9966703662597114
2025-04-22,900,1,0.9966666666666667
2025-04-23,899,1,0.996662958843159
2025-04-24,900,1,0.9966666666666667
2025-04-25,901,1,0.9966703662597114
2025-04-28,899,1,0.9988876529477196
2025-04-29,902,1,0.9988913525498891
2025-04-30,899,1,1.0
2025-05-06,898,1,1.0
2025-05-07,901,1,1.0
2025-05-08,903,1,1.0
2025-05-09,901,1,1.0
2025-05-12,901,1,1.0
2025-05-13,900,1,1.0
2025-05-14,901,1,1.0
2025-05-15,900,1,1.0
2025-05-16,900,1,1.0
2025-05-19,901,1,1.0
2025-05-20,900,1,1.0
2025-05-21,900,1,1.0
2025-05-22,900,1,1.0
2025-05-23,900,1,1.0
2025-05-26,899,1,1.0
2025-05-27,899,1,1.0
2025-05-28,899,1,1.0
2025-05-29,901,1,1.0
2025-05-30,900,1,1.0
2025-06-03,901,1,1.0
2025-06-04,902,1,1.0
2025-06-05,900,1,1.0
2025-06-06,900,1,1.0
2025-06-09,903,1,1.0
2025-06-10,901,1,1.0
2025-06-11,902,1,1.0
2025-06-12,902,1,1.0
2025-06-13,898,1,1.0
2025-06-16,900,1,1.0
2025-06-17,901,1,1.0
2025-06-18,901,1,1.0
2025-06-19,901,1,1.0
2025-06-20,901,1,1.0
2025-06-23,901,1,1.0
2025-06-24,902,1,1.0
2025-06-25,902,1,1.0
2025-06-26,903,1,1.0
2025-06-27,904,1,1.0
2025-06-30,906,1,1.0
2025-07-01,906,1,1.0
2025-07-02,908,1,1.0
2025-07-03,907,1,1.0
2025-07-04,907,1,1.0
2025-07-07,905,1,1.0
2025-07-08,910,1,1.0
2025-07-09,911,1,1.0
2025-07-10,914,1,1.0
2025-07-11,917,1,1.0
2025-07-14,915,1,1.0
2025-07-15,916,1,1.0
2025-07-16,915,1,1.0
2025-07-17,916,1,1.0
2025-07-18,916,1,1.0
2025-07-21,916,1,1.0
2025-07-22,916,1,1.0
2025-07-23,915,1,1.0
2025-07-24,917,1,1.0
2025-07-25,917,1,1.0
2025-07-28,916,1,1.0
2025-07-29,917,1,1.0
2025-07-30,916,1,1.0
2025-07-31,913,1,1.0
2025-08-01,914,1,1.0
2025-08-04,910,1,1.0
2025-08-05,913,1,1.0
2025-08-06,912,1,1.0
2025-08-07,911,1,1.0
2025-08-08,911,4,1.0
2025-08-11,911,1,1.0
2025-08-12,911,1,1.0
2025-08-13,910,1,1.0
2025-08-14,907,1,1.0
2025-08-15,908,1,1.0
2025-08-18,913,1,1.0
2025-08-19,913,1,1.0
2025-08-20,913,1,1.0
2025-08-21,913,1,1.0
2025-08-22,913,1,1.0
2025-08-25,914,1,1.0
2025-08-26,913,1,1.0
2025-08-27,913,1,1.0
2025-08-28,912,1,1.0
2025-08-29,912,1,1.0
2025-09-01,912,1,1.0
2025-09-02,909,1,1.0
2025-09-03,908,1,1.0
2025-09-04,908,1,1.0
2025-09-05,909,1,1.0
2025-09-08,911,1,1.0
2025-09-09,911,1,1.0
2025-09-10,912,1,1.0
2025-09-11,913,1,1.0
2025-09-12,913,1,1.0
2025-09-15,914,1,1.0
2025-09-16,918,1,0.9989106753812637
2025-09-17,918,1,0.9989106753812637
2025-09-18,918,1,0.9989106753812637
2025-09-19,915,1,0.9989071038251366
2025-09-22,912,1,0.9989035087719298
2025-09-23,911,1,0.9989023051591658
2025-09-24,912,1,0.9989035087719298
2025-09-25,909,1,0.9988998899889989
2025-09-26,909,0,0.9988998899889989
2025-09-29,907,0,0.9988974641675854
2025-09-30,906,0,0.9988962472406181
2025-10-09,907,0,0.9988974641675854
2025-10-10,909,0,0.9988998899889989
2025-10-13,909,0,0.9988998899889989
2025-10-14,909,0,0.9988998899889989
2025-10-15,909,0,0.9988998899889989
2025-10-16,908,0,0.998898678414097
2025-10-17,908,0,0.998898678414097
2025-10-20,908,0,0.998898678414097
2025-10-21,908,0,0.998898678414097
2025-10-22,909,0,0.9988998899889989
2025-10-23,909,0,0.9988998899889989
2025-10-24,909,0,0.9988998899889989
2025-10-27,908,0,0.998898678414097
2025-10-28,908,0,0.998898678414097
2025-10-29,909,0,0.9988998899889989
2025-10-30,909,0,0.9988998899889989
2025-10-31,907,0,0.9988974641675854
2025-11-03,907,0,0.9988974641675854
2025-11-04,907,0,0.9988974641675854
2025-11-05,909,0,0.9988998899889989
2025-11-06,909,0,0.9988998899889989
2025-11-07,908,0,0.998898678414097
2025-11-10,910,0,0.9989010989010989
2025-11-11,912,0,0.9989035087719298
2025-11-12,912,0,0.9989035087719298
2025-11-13,914,0,0.9989059080962801
2025-11-14,916,0,0.9989082969432315
2025-11-17,916,0,0.9989082969432315
2025-11-18,914,0,0.9989059080962801
2025-11-19,912,0,0.9989035087719298
2025-11-20,911,0,0.9989023051591658
2025-11-21,911,0,0.9989023051591658
2025-11-24,911,0,0.9989023051591658
2025-11-25,910,0,0.9989010989010989
2025-11-26,911,0,0.9989023051591658
2025-11-27,912,0,0.9989035087719298
2025-11-28,914,0,0.9989059080962801
2025-12-01,912,0,0.9989035087719298
2025-12-02,911,0,0.9989023051591658
2025-12-03,912,0,0.9989035087719298
2025-12-04,910,0,0.9989010989010989
2025-12-05,911,0,0.9989023051591658
2025-12-08,911,0,0.9989023051591658
2025-12-09,909,0,0.9988998899889989
2025-12-10,911,0,0.9989023051591658
2025-12-11,909,0,0.9988998899889989
2025-12-12,909,0,0.9988998899889989
2025-12-15,908,0,0.998898678414097
2025-12-16,908,0,0.998898678414097
2025-12-17,908,0,0.998898678414097
2025-12-18,906,0,0.9988962472406181
2025-12-19,905,0,0.9988950276243094
2025-12-22,904,0,0.9988938053097345
2025-12-23,904,0,0.9988938053097345
2025-12-24,904,0,0.9988938053097345
2025-12-25,903,0,0.9988925802879292
2025-12-26,903,0,0.9988925802879292
2025-12-29,903,0,0.9988925802879292
2025-12-30,902,0,0.9988913525498891
2025-12-31,902,0,0.9988913525498891
2026-01-05,902,0,0.9988913525498891
2026-01-06,903,0,0.9988925802879292
2026-01-07,904,0,0.9988938053097345
2026-01-08,906,0,0.9988962472406181
2026-01-09,906,0,0.9988962472406181
2026-01-12,906,0,0.9988962472406181
2026-01-13,905,0,0.9988950276243094
2026-01-14,904,0,0.9988938053097345
2026-01-15,903,0,0.9988925802879292
2026-01-16,901,0,0.9988901220865705
2026-01-19,902,0,0.9988913525498891
2026-01-20,904,0,0.9988938053097345
2026-01-21,903,0,0.9988925802879292
2026-01-22,904,0,0.9988938053097345
2026-01-23,908,0,0.998898678414097
2026-01-26,905,0,0.9988950276243094
2026-01-27,905,0,0.9988950276243094
2026-01-28,906,0,0.9988962472406181
2026-01-29,906,0,0.9988962472406181
2026-01-30,906,0,0.9988962472406181
2026-02-02,905,0,0.9988950276243094
2026-02-03,905,0,0.9988950276243094
2026-02-04,907,0,0.9988974641675854
2026-02-05,907,0,0.9988974641675854
2026-02-06,905,0,1.0
2026-02-09,905,0,0.9988950276243094
2026-02-10,907,0,0.9988974641675854
2026-02-11,907,0,0.9988974641675854
2026-02-12,907,0,0.9988974641675854
2026-02-13,906,0,1.0
2026-02-24,906,0,0.9988962472406181
2026-02-25,907,0,0.9988974641675854
2026-02-26,906,0,0.9988962472406181
2026-02-27,906,0,0.9988962472406181
2026-03-02,906,0,0.9988962472406181
2026-03-03,906,0,1.0
2026-03-04,905,1,1.0
2026-03-05,906,0,1.0
2026-03-06,907,0,1.0
2026-03-09,907,0,1.0
2026-03-10,909,0,1.0
2026-03-11,910,0,1.0
2026-03-12,910,0,1.0
2026-03-13,910,0,1.0
2026-03-16,911,0,1.0
2026-03-17,912,0,1.0
2026-03-18,912,0,1.0
2026-03-19,910,0,1.0
2026-03-20,909,0,1.0
2026-03-23,904,0,1.0
2026-03-24,908,0,1.0
2026-03-25,910,0,1.0
2026-03-26,909,0,1.0
2026-03-27,910,0,1.0
2026-03-30,910,0,1.0
2026-03-31,911,0,1.0
2026-04-01,909,0,1.0
2026-04-02,910,0,1.0
2026-04-03,909,0,1.0
2026-04-07,910,0,1.0
2026-04-08,911,0,1.0
2026-04-09,910,0,1.0
2026-04-10,910,0,1.0
2026-04-13,910,0,1.0
2026-04-14,913,0,1.0
2026-04-15,913,0,1.0
2026-04-16,912,0,1.0
2026-04-17,913,0,1.0
2026-04-20,912,0,1.0
2026-04-21,911,0,1.0
2026-04-22,913,0,1.0
2026-04-23,909,0,1.0
2026-04-24,910,0,1.0
2026-04-27,909,0,1.0
2026-04-28,909,0,1.0
2026-04-29,908,0,1.0
2026-04-30,905,0,1.0
2026-05-06,906,0,1.0
2026-05-07,909,0,1.0
2026-05-08,909,0,1.0
2026-05-11,910,0,1.0
2026-05-12,908,0,1.0
2026-05-13,909,0,1.0
2026-05-14,906,0,1.0
2026-05-15,904,0,1.0
2026-05-18,904,0,1.0
2026-05-19,904,0,1.0
2026-05-20,902,0,1.0
2026-05-21,900,0,1.0
2026-05-22,900,0,1.0
2026-05-25,900,0,1.0
2026-05-26,900,0,1.0
2026-05-27,897,0,1.0
2026-05-28,896,0,1.0
2026-05-29,895,0,1.0
2026-06-01,898,0,1.0
2026-06-02,896,0,1.0
2026-06-03,895,0,1.0
2026-06-04,895,0,1.0
2026-06-05,895,0,1.0
2026-06-08,892,0,1.0
2026-06-09,894,0,1.0
2026-06-10,891,0,1.0
2026-06-11,891,0,1.0
2026-06-12,892,0,1.0
2026-06-15,892,0,1.0
2026-06-16,892,0,1.0
2026-06-17,892,0,1.0
2026-06-18,890,0,1.0
2026-06-22,892,0,1.0
2026-06-23,892,0,1.0
2026-06-24,890,0,1.0
2026-06-25,889,0,1.0
2026-06-26,886,0,1.0
2026-06-29,884,0,1.0
2026-06-30,881,7,1.0
2026-07-01,889,0,1.0
2026-07-02,886,0,1.0
2026-07-03,886,0,1.0
2026-07-06,898,0,0.9977728285077951
2026-07-07,895,0,0.9977653631284916
2026-07-08,894,0,0.9977628635346756
2026-07-09,894,0,0.9977628635346756
2026-07-10,896,0,0.9977678571428571
2026-07-13,895,0,0.9977653631284916
2026-07-14,895,0,0.9977653631284916
2026-07-15,899,0,0.9977753058954394
2026-07-16,901,0,0.9977802441731409
2026-07-17,897,0,0.9977703455964325
2026-07-20,898,0,0.9977728285077951
2026-07-21,895,0,0.9977653631284916
2026-07-22,895,0,0.9977653631284916
2026-07-23,896,0,0.9977678571428571
2026-07-24,892,0,0.9977578475336323
2026-07-27,897,0,0.9977703455964325
2026-07-28,898,0,0.9977728285077951
2026-07-29,903,0,0.9977851605758582
2026-07-30,904,0,0.9977876106194691
2026-07-31,907,0,0.9977949283351709
2026-08-03,908,0,0.9977973568281938
2026-08-04,904,0,0.9977876106194691
2026-08-05,904,0,0.9977876106194691
2026-08-06,905,0,0.9977900552486187
2026-08-07,905,0,0.9977900552486187
2026-08-10,907,0,0.9977949283351709
2026-08-11,905,0,0.9977900552486187
2026-08-12,905,0,0.9977900552486187
2026-08-13,907,0,0.9977949283351709
2026-08-14,899,0,0.9977753058954394
2026-08-17,902,0,0.9977827050997783
2026-08-18,901,0,0.9977802441731409
2026-08-19,902,0,0.9977827050997783
2026-08-20,901,0,0.9977802441731409
2026-08-21,900,0,0.9977777777777778
2026-08-24,901,0,0.9977802441731409
2026-08-25,902,0,0.9977827050997783
2026-08-26,901,0,0.9977802441731409
2026-08-27,904,0,0.9966814159292036
2026-08-28,907,0,0.9966923925027563
2026-08-31,904,0,0.9966814159292036
2026-09-01,908,0,0.9966960352422908
2026-09-02,906,0,0.9966887417218543
2026-09-03,905,0,0.9966850828729282
2026-09-04,905,0,0.9966850828729282
2026-09-07,903,0,0.9966777408637874
2026-09-08,907,0,0.9966923925027563
2026-09-09,907,0,0.9966923925027563
2026-09-10,909,0,0.9966996699669967
2026-09-11,905,0,0.9966850828729282
2026-09-14,903,0,0.9966777408637874
2026-09-15,896,0,0.9966517857142857
2026-09-16,897,0,0.9966555183946488
2026-09-17,897,0,0.9966555183946488
2026-09-18,899,0,0.996662958843159
