candidate,label,phase,sessions,total_return,annualized_return,annualized_volatility,sharpe,max_drawdown,total_cost,mean_turnover,total_turnover,max_asset_weight,mean_holdings,trade_count,blocked_orders,stale_holding_days,gross_attribution_total_return,benchmark_return,benchmark_annualized_return,benchmark_max_drawdown,excess_return_pp,relative_wealth_return,annualized_tracking_error,information_ratio,beta,benchmark_base_price,beats_benchmark,active_max_drawdown,benchmark_total_return,excess_vs_total_return
fixed_whitebox,固定经济因子 · 白箱,validation,484,0.11966736542590684,0.06061739598358007,0.13994247271664118,0.4903721719124989,0.140452149016566,18038.78906851008,0.028478873218838748,13.783774637917954,0.04317781856198686,50.082644628099175,1558,0,6,0.13770615449441692,0.01634377197554171,0.00847650033033931,0.24803913984688253,0.10332359345036513,0.10166205205304446,0.10031433875128248,0.44204593213616517,0.6487860677190915,3871.6338,True,0.14566430268498964,0.07437766469169893,0.045289700734207905
mined_rank,训练期筛选 · 白箱排名组合,validation,484,0.12805757992609634,0.06474806280324308,0.16721040691845515,0.4585431006521229,0.23159025743180872,35135.400503199475,0.05507312024529368,26.65539019872214,0.04627517179813183,50.00826446280992,2078,1,10,0.16319298042929598,0.01634377197554171,0.00847650033033931,0.24803913984688253,0.11171380795055463,0.109917343944961,0.114957343980609,0.45575887304423074,0.7304103924108096,3871.6338,True,0.20019167212100053,0.07437766469169893,0.05367991523439741
mined_ridge,训练期筛选 · 年度 Ridge,validation,484,0.17117152186921847,0.08574548182239106,0.16406811313614503,0.5832819242895957,0.20446994073930058,28572.48890474494,0.044297650327901915,21.440062758704528,0.04474463471898384,50.00826446280992,1863,1,10,0.1997440107739632,0.01634377197554171,0.00847650033033931,0.24803913984688253,0.15482774989367676,0.1523379728029688,0.11772089136812634,0.6066690033152373,0.7040942094416998,3871.6338,True,0.19052528941305324,0.07437766469169893,0.09679385717751954
blend,主线与白箱 · 各50%目标组合,validation,484,0.1415966061995817,0.07138265906731078,0.15538545640602375,0.5212962484055008,0.21020660771127997,29452.817538199684,0.04626349930788305,22.391533665015398,0.04294621627142778,94.60330578512396,3646,4,28,0.17104942373778131,0.01634377197554171,0.00847650033033931,0.24803913984688253,0.12525283422404,0.12323864983260235,0.1119815823765749,0.5065253175433858,0.6813507244249001,3871.6338,True,0.19067427791504477,0.07437766469169893,0.06721894150788277
mainline,原主线 · 年度 LightGBM,validation,484,0.15049408139416198,0.07572221225490106,0.1531868898848885,0.5530495303581039,0.1969963787455672,24584.30451020365,0.03875829716508152,18.759015827899457,0.04260109527234044,50.082644628099175,1818,3,18,0.17507838590436564,0.01634377197554171,0.00847650033033931,0.24803913984688253,0.13415030941862027,0.13199304518574695,0.12248020400308517,0.4934641405185976,0.6322820170802437,3871.6338,True,0.19807359462506424,0.07437766469169893,0.07611641670246305
fixed_whitebox,固定经济因子 · 白箱,historical,417,0.13903562857527363,0.08184846011420133,0.12957058000738902,0.6725690631044423,0.14741730229393957,17144.41434058375,0.03001088951332673,12.514540927057247,0.042794488461643077,50.04796163069545,1293,1,1,0.1561800429158573,0.1454878431936033,0.08554773586784337,0.12048600437080903,-0.006452214618329677,-0.005632722037748561,0.13550069148429553,-0.06850896032485562,0.47246813800355864,3934.9109,False,0.21374427491034909,0.19938702337570868,-0.060351394800435054
mined_rank,训练期筛选 · 白箱排名组合,historical,417,0.15633238965904095,0.09174676521063074,0.15111329861019474,0.6570741048450428,0.15083339310703336,33143.96640386373,0.05801496927427344,24.192242187372024,0.04175146932179279,50.04796163069545,1703,2,9,0.18947635606290447,0.1454878431936033,0.08554773586784337,0.12048600437080903,0.010844546465437643,0.009467185994050498,0.12518145888798654,0.02288246471613314,0.6254919993018585,3934.9109,True,0.23802950995148497,0.19938702337570868,-0.043054633716667734
mined_ridge,训练期筛选 · 年度 Ridge,historical,417,0.18369061564012212,0.10728408755305052,0.14911358022857701,0.7587605667239489,0.15186953277547488,25947.9901949008,0.04454351084727694,18.574644023314484,0.04150136418598075,50.09592326139089,1499,0,14,0.20963860583502303,0.1454878431936033,0.08554773586784337,0.12048600437080903,0.03820277244651882,0.03335065725360309,0.12781357473135777,0.1307633369713949,0.6033130837064397,3934.9109,True,0.2016772769201911,0.19938702337570868,-0.01569640773558656
blend,主线与白箱 · 各50%目标组合,historical,417,0.205409686211653,0.11951786363635875,0.12349550677676802,0.9765016370119004,0.11994476389142406,28353.43251167119,0.048331963346742945,20.15442871559181,0.03681454049177438,97.32134292565948,3037,7,36,0.23376311872332423,0.1454878431936033,0.08554773586784337,0.12048600437080903,0.0599218430180497,0.052311199437078626,0.13214342074698243,0.1828724373575974,0.46127883524579316,3934.9109,True,0.19522000781418847,0.19938702337570868,0.006022662835944326
mainline,原主线 · 年度 LightGBM,historical,417,0.2512879392214835,0.14507676472915354,0.11312823334611492,1.2546076323360702,0.09884684203046823,24506.762609209934,0.040827463388233315,17.02505223289329,0.040697150962849475,50.33573141486811,1461,5,27,0.2757947018306932,0.1454878431936033,0.08554773586784337,0.12048600437080903,0.10580009602788021,0.09236247827206179,0.15600986288979865,0.29166982809617065,0.2978580169667592,3934.9109,True,0.18413412587641664,0.19938702337570868,0.05190091584577483
