id,phase,rank_ic,rank_ic_ir,days,selected
momentum_60_20,training,-0.02089702047023841,-0.2183221171326885,685,False
momentum_60_20,validation,0.0003791707129194403,0.0035587253965692787,462,False
momentum_60_20,historical,-0.02654971390481182,-0.28163511238122474,395,False
reversal_5,training,0.013863208997674471,0.18783580814741827,686,False
reversal_5,validation,0.014544774876235256,0.16102884045158,462,False
reversal_5,historical,0.022950977285883356,0.2418706477756999,395,False
low_volatility_20,training,0.05455326798940325,0.4859184383067099,686,True
low_volatility_20,validation,0.07917266708924328,0.7590955628850377,462,True
low_volatility_20,historical,0.05783674342191154,0.43195946345782066,395,True
range_20,training,0.04969834094282349,0.40271103622219245,686,False
range_20,validation,0.09383432203750262,0.8732392990703611,462,False
range_20,historical,0.05373895889754064,0.37094573672661235,395,False
trend_20,training,-0.024971029526867052,-0.30734659343917764,686,False
trend_20,validation,-0.02080912065226847,-0.2157899560784195,462,False
trend_20,historical,-0.04365553676551594,-0.39135136537327225,395,False
volume_trend,training,-0.003956758218672965,-0.07295823627457633,686,False
volume_trend,validation,-0.014149151554361156,-0.253934770166735,462,False
volume_trend,historical,-0.020970766628957943,-0.30730992381794875,395,False
liquidity_20,training,-0.02705896299216857,-0.44761861912971773,686,False
liquidity_20,validation,-0.052874857700706816,-0.7198863615125526,462,False
liquidity_20,historical,-0.04918208707622882,-0.7898041647623651,395,False
turnover,training,0.060068496523687356,0.7548503957461989,686,True
turnover,validation,0.06440363716860234,0.7649982818312107,462,True
turnover,historical,0.06495180815762651,0.6555636308822801,395,True
earnings_yield,training,0.019464277637291465,0.1769489202047633,686,False
earnings_yield,validation,0.040671171466427895,0.45577648078860217,462,False
earnings_yield,historical,0.03758830594409584,0.30925045868742923,395,False
book_yield,training,0.027437532527288037,0.21488098957987534,686,True
book_yield,validation,0.0693074172003783,0.8266821123772381,462,True
book_yield,historical,0.032449527718112325,0.35287376791297126,395,True
dividend_yield,training,0.021137508657674636,0.21840222717882474,686,False
dividend_yield,validation,0.048426912164245196,0.5822021186972681,462,False
dividend_yield,historical,0.022780686322423346,0.21479402149177862,395,False
quality_roe,training,0.0006747604630332186,0.011403587032643606,686,False
quality_roe,validation,-0.011917140956734283,-0.1813616581399688,462,False
quality_roe,historical,0.02026103167675643,0.31887361647293794,395,False
dsl_momentum_20,training,-0.03139084551771467,-0.3706115855893402,686,True
dsl_momentum_20,validation,-0.022509052346916573,-0.2174658410487479,462,True
dsl_momentum_20,historical,-0.053965530591362686,-0.46970648422071554,395,True
dsl_momentum_60,training,-0.037901320517814245,-0.37352812522053896,685,True
dsl_momentum_60,validation,-0.019726441379758874,-0.1693071331972978,462,True
dsl_momentum_60,historical,-0.055663379919365104,-0.5974321618260087,395,True
dsl_reversal_5,training,0.013156805078042911,0.17522922332230637,686,False
dsl_reversal_5,validation,0.017211516678938228,0.19080864361758232,462,False
dsl_reversal_5,historical,0.022760487155062275,0.23670731092547018,395,False
dsl_mean_reversion_10,training,0.014565293654141342,0.18711781622472384,686,False
dsl_mean_reversion_10,validation,0.019487728049470573,0.21275152904983466,462,False
dsl_mean_reversion_10,historical,0.025342385891824505,0.25074336457455493,395,False
dsl_low_volatility_20,training,0.05241877780043184,0.4662596486699583,686,False
dsl_low_volatility_20,validation,0.07870152896919787,0.7489011531284191,462,False
dsl_low_volatility_20,historical,0.05864535205639121,0.4344390755409996,395,False
dsl_volatility_change,training,-0.004481810917011069,-0.08577066132186159,686,False
dsl_volatility_change,validation,-0.0036229884361166495,-0.058028483229696615,462,False
dsl_volatility_change,historical,-0.00021772628595801333,-0.0034374894643545272,395,False
dsl_range_20,training,-0.047628765883834814,-0.38481797186151323,686,False
dsl_range_20,validation,-0.09389036069851918,-0.8690954079513523,462,False
dsl_range_20,historical,-0.054744948429943555,-0.3747806296903856,395,False
dsl_volume_surprise,training,-0.0036965554026940047,-0.06681334968292335,686,False
dsl_volume_surprise,validation,-0.010127431264076121,-0.17456081715346186,462,False
dsl_volume_surprise,historical,-0.016349228017227484,-0.24736074926142365,395,False
dsl_volume_trend,training,-0.0041536682652109054,-0.075818902870772,686,False
dsl_volume_trend,validation,-0.013679669574530125,-0.23715501769094638,462,False
dsl_volume_trend,historical,-0.02275286395907311,-0.3341980796872145,395,False
dsl_bar_pressure_5,training,-0.010707259880192376,-0.1519940148708747,686,False
dsl_bar_pressure_5,validation,-0.007344451508077354,-0.09182235766220469,462,False
dsl_bar_pressure_5,historical,-0.024510674079705183,-0.2722363015288151,395,False
dsl_close_position_10,training,-0.010245008959334915,-0.16166779246694415,686,False
dsl_close_position_10,validation,0.0033493992212881856,0.03919469214684148,462,False
dsl_close_position_10,historical,-0.021397129662656264,-0.24734367607249827,395,False
dsl_price_volume_corr,training,-0.03302526197823338,-0.5080607091121427,686,True
dsl_price_volume_corr,validation,-0.014531373687923713,-0.25605370935782945,462,True
dsl_price_volume_corr,historical,-0.04125754762854775,-0.7461366114361638,395,True
dsl_trend_volume,training,-0.017005659404849008,-0.2373851174218291,686,False
dsl_trend_volume,validation,-0.006719169064056014,-0.0804153395980267,462,False
dsl_trend_volume,historical,-0.03514419697295485,-0.3601715536521177,395,False
dsl_risk_adjusted_trend,training,-0.024269771782277128,-0.29053216667475323,686,False
dsl_risk_adjusted_trend,validation,-0.01256086333145984,-0.12248183614960308,462,False
dsl_risk_adjusted_trend,historical,-0.04534164345536487,-0.3739980862561362,395,False
dsl_distance_high_20,training,0.007443499493901504,0.08896848188325253,686,False
dsl_distance_high_20,validation,0.02497716899863787,0.25271371101265594,462,False
dsl_distance_high_20,historical,0.0017468595244626332,0.015313894518709062,395,False
dsl_distance_low_20,training,-0.029387163198865376,-0.3511397044844587,686,False
dsl_distance_low_20,validation,-0.043054074095680815,-0.5163318316731353,462,False
dsl_distance_low_20,historical,-0.04244527861022996,-0.48123862653170335,395,False
