id,rank_ic,direction,coverage,valid_days,strength,reason
turnover,0.059271183566707894,1,1.0,708,0.059271183566707894,selected
low_volatility_20,0.05751293676415566,1,1.0,708,0.05751293676415566,selected
dsl_low_volatility_20,0.055341110804134966,1,1.0,708,0.055341110804134966,redundant_with_low_volatility_20
range_20,0.05409018374957907,1,1.0,708,0.05409018374957907,redundant_with_low_volatility_20
dsl_range_20,-0.05198454780247887,-1,1.0,708,0.05198454780247887,redundant_with_low_volatility_20
dsl_momentum_60,-0.03963205119691582,-1,0.9874649193431343,707,0.03963205119691582,selected
dsl_price_volume_corr,-0.033107878220648,-1,1.0,708,0.033107878220648,selected
dsl_momentum_20,-0.032821689407140586,-1,1.0,708,0.032821689407140586,selected
book_yield,0.03132956108582585,1,0.9999862503685665,708,0.03132956108582585,selected
dsl_distance_low_20,-0.030807162641568728,-1,1.0,708,0.030807162641568728,redundant_with_dsl_momentum_20
liquidity_20,-0.02848979183637933,-1,1.0,708,0.02848979183637933,fixed_budget
trend_20,-0.025362740655982378,-1,1.0,708,0.025362740655982378,redundant_with_dsl_momentum_20
dsl_risk_adjusted_trend,-0.02505346907355335,-1,1.0,708,0.02505346907355335,redundant_with_dsl_momentum_20
dividend_yield,0.02356581078839321,1,0.7966903109402762,708,0.02356581078839321,coverage_or_days
momentum_60_20,-0.022162152433364838,-1,0.9874649193431343,707,0.022162152433364838,redundant_with_dsl_momentum_60
earnings_yield,0.02175542757949693,1,0.8963018074654387,708,0.02175542757949693,fixed_budget
dsl_trend_volume,-0.01685100363561064,-1,1.0,708,0.01685100363561064,fixed_budget
dsl_mean_reversion_10,0.01430158338234374,1,1.0,708,0.01430158338234374,fixed_budget
reversal_5,0.013599997857627952,1,1.0,708,0.013599997857627952,fixed_budget
dsl_reversal_5,0.012904789577242795,1,1.0,708,0.012904789577242795,fixed_budget
dsl_bar_pressure_5,-0.00997803263565167,-1,0.9925293669211367,708,0.00997803263565167,fixed_budget
dsl_close_position_10,-0.009155559064768818,-1,0.98547427825893,708,0.009155559064768818,fixed_budget
dsl_distance_high_20,0.008246088474855801,1,1.0,708,0.008246088474855801,fixed_budget
dsl_volatility_change,-0.004420907941983312,-1,1.0,708,0.004420907941983312,fixed_budget
dsl_volume_trend,-0.003350781728507682,-1,1.0,708,0.003350781728507682,fixed_budget
volume_trend,-0.0032389523809783927,-1,1.0,708,0.0032389523809783927,fixed_budget
dsl_volume_surprise,-0.0027651972581599683,-1,1.0,708,0.0027651972581599683,fixed_budget
quality_roe,0.0004003791957054368,1,0.9874389478170932,708,0.0004003791957054368,fixed_budget
