date,nav,series
2025-01-02,0.985326738152,V3最新候选 · 扣费
2025-01-03,0.9706361599,V3最新候选 · 扣费
2025-01-06,0.972601710224,V3最新候选 · 扣费
2025-01-07,0.977689739498,V3最新候选 · 扣费
2025-01-08,0.975724189163,V3最新候选 · 扣费
2025-01-09,0.973304409382,V3最新候选 · 扣费
2025-01-10,0.957410767021,V3最新候选 · 扣费
2025-01-13,0.957720297395,V3最新候选 · 扣费
2025-01-14,0.97605073186,V3最新候选 · 扣费
2025-01-15,0.975642485637,V3最新候选 · 扣费
2025-01-16,0.9802026512090001,V3最新候选 · 扣费
2025-01-17,0.981133870217,V3最新候选 · 扣费
2025-01-20,0.9854715490970001,V3最新候选 · 扣费
2025-01-21,0.9801658326580001,V3最新候选 · 扣费
2025-01-22,0.9720861063449999,V3最新候选 · 扣费
2025-01-23,0.975184089963,V3最新候选 · 扣费
2025-01-24,0.978848696172,V3最新候选 · 扣费
2025-01-27,0.984313497421,V3最新候选 · 扣费
2025-02-05,0.9836563691979999,V3最新候选 · 扣费
2025-02-06,0.989215371247,V3最新候选 · 扣费
2025-02-07,0.9927648070539999,V3最新候选 · 扣费
2025-02-10,0.9982714538249999,V3最新候选 · 扣费
2025-02-11,0.996360849508,V3最新候选 · 扣费
2025-02-12,0.9982285294200001,V3最新候选 · 扣费
2025-02-13,0.9966107283740001,V3最新候选 · 扣费
2025-02-14,0.9976032752649999,V3最新候选 · 扣费
2025-02-17,1.0023177126,V3最新候选 · 扣费
2025-02-18,0.995044210095,V3最新候选 · 扣费
2025-02-19,1.00025549566,V3最新候选 · 扣费
2025-02-20,1.00210742659,V3最新候选 · 扣费
2025-02-21,0.9998159388660001,V3最新候选 · 扣费
2025-02-24,1.00081376952,V3最新候选 · 扣费
2025-02-25,0.995042378163,V3最新候选 · 扣费
2025-02-26,1.00589685972,V3最新候选 · 扣费
2025-02-27,1.01004022124,V3最新候选 · 扣费
2025-02-28,0.998030077844,V3最新候选 · 扣费
2025-03-03,1.00329773241,V3最新候选 · 扣费
2025-03-04,1.00535737374,V3最新候选 · 扣费
2025-03-05,1.00628221341,V3最新候选 · 扣费
2025-03-06,1.0086660436100001,V3最新候选 · 扣费
2025-03-07,1.00723001033,V3最新候选 · 扣费
2025-03-10,1.00793450374,V3最新候选 · 扣费
2025-03-11,1.01216098528,V3最新候选 · 扣费
2025-03-12,1.01085154759,V3最新候选 · 扣费
2025-03-13,1.01325794809,V3最新候选 · 扣费
2025-03-14,1.02334942569,V3最新候选 · 扣费
2025-03-17,1.02725741132,V3最新候选 · 扣费
2025-03-18,1.0277009024300001,V3最新候选 · 扣费
2025-03-19,1.02956691257,V3最新候选 · 扣费
2025-03-20,1.03155842608,V3最新候选 · 扣费
2025-03-21,1.0272078095400001,V3最新候选 · 扣费
2025-03-24,1.02042325984,V3最新候选 · 扣费
2025-03-25,1.02674436068,V3最新候选 · 扣费
2025-03-26,1.03055602927,V3最新候选 · 扣费
2025-03-27,1.02948513426,V3最新候选 · 扣费
2025-03-28,1.02205693855,V3最新候选 · 扣费
2025-03-31,1.01469202477,V3最新候选 · 扣费
2025-04-01,1.02500721708,V3最新候选 · 扣费
2025-04-02,1.02841027498,V3最新候选 · 扣费
2025-04-03,1.03560863592,V3最新候选 · 扣费
2025-04-07,0.985963162964,V3最新候选 · 扣费
2025-04-08,0.997146983032,V3最新候选 · 扣费
2025-04-09,1.00065383119,V3最新候选 · 扣费
2025-04-10,1.0062015395400001,V3最新候选 · 扣费
2025-04-11,1.00478706957,V3最新候选 · 扣费
2025-04-14,1.01091844775,V3最新候选 · 扣费
2025-04-15,1.01628465639,V3最新候选 · 扣费
2025-04-16,1.02091611414,V3最新候选 · 扣费
2025-04-17,1.02696889326,V3最新候选 · 扣费
2025-04-18,1.03095571659,V3最新候选 · 扣费
2025-04-21,1.02534757816,V3最新候选 · 扣费
2025-04-22,1.03178013058,V3最新候选 · 扣费
2025-04-23,1.0270012665300001,V3最新候选 · 扣费
2025-04-24,1.0327254423399999,V3最新候选 · 扣费
2025-04-25,1.03329655824,V3最新候选 · 扣费
2025-04-28,1.0342568487700001,V3最新候选 · 扣费
2025-04-29,1.03585884578,V3最新候选 · 扣费
2025-04-30,1.02891283886,V3最新候选 · 扣费
2025-05-06,1.0332233320000002,V3最新候选 · 扣费
2025-05-07,1.0412602315200001,V3最新候选 · 扣费
2025-05-08,1.04447679761,V3最新候选 · 扣费
2025-05-09,1.04355580653,V3最新候选 · 扣费
2025-05-12,1.04939662397,V3最新候选 · 扣费
2025-05-13,1.0514484293,V3最新候选 · 扣费
2025-05-14,1.05685306718,V3最新候选 · 扣费
2025-05-15,1.05209353195,V3最新候选 · 扣费
2025-05-16,1.04786054124,V3最新候选 · 扣费
2025-05-19,1.0527380986500001,V3最新候选 · 扣费
2025-05-20,1.0550006975100001,V3最新候选 · 扣费
2025-05-21,1.0566397175100002,V3最新候选 · 扣费
2025-05-22,1.0533803405500002,V3最新候选 · 扣费
2025-05-23,1.0454653171700001,V3最新候选 · 扣费
2025-05-26,1.0458523850399999,V3最新候选 · 扣费
2025-05-27,1.04806838884,V3最新候选 · 扣费
2025-05-28,1.0478939007399999,V3最新候选 · 扣费
2025-05-29,1.05438228117,V3最新候选 · 扣费
2025-05-30,1.05252548444,V3最新候选 · 扣费
2025-06-03,1.06012996422,V3最新候选 · 扣费
2025-06-04,1.0665775929499999,V3最新候选 · 扣费
2025-06-05,1.06284217591,V3最新候选 · 扣费
2025-06-06,1.0658875315,V3最新候选 · 扣费
2025-06-09,1.0697591908100001,V3最新候选 · 扣费
2025-06-10,1.06626658146,V3最新候选 · 扣费
2025-06-11,1.0737670869,V3最新候选 · 扣费
2025-06-12,1.07382142707,V3最新候选 · 扣费
2025-06-13,1.0635567344899999,V3最新候选 · 扣费
2025-06-16,1.0692945490099999,V3最新候选 · 扣费
2025-06-17,1.0723692116,V3最新候选 · 扣费
2025-06-18,1.0704318405800002,V3最新候选 · 扣费
2025-06-19,1.06340211024,V3最新候选 · 扣费
2025-06-20,1.06579566038,V3最新候选 · 扣费
2025-06-23,1.0733055369500002,V3最新候选 · 扣费
2025-06-24,1.08524375582,V3最新候选 · 扣费
2025-06-25,1.0931059904,V3最新候选 · 扣费
2025-06-26,1.09286110945,V3最新候选 · 扣费
2025-06-27,1.0857478128200002,V3最新候选 · 扣费
2025-06-30,1.0901541455600001,V3最新候选 · 扣费
2025-07-01,1.0942850824400001,V3最新候选 · 扣费
2025-07-02,1.10698743359,V3最新候选 · 扣费
2025-07-03,1.1083541562,V3最新候选 · 扣费
2025-07-04,1.10535267476,V3最新候选 · 扣费
2025-07-07,1.10808631681,V3最新候选 · 扣费
2025-07-08,1.1151609319500002,V3最新候选 · 扣费
2025-07-09,1.11437987367,V3最新候选 · 扣费
2025-07-10,1.12184168074,V3最新候选 · 扣费
2025-07-11,1.1212650267,V3最新候选 · 扣费
2025-07-14,1.12637479296,V3最新候选 · 扣费
2025-07-15,1.11506448391,V3最新候选 · 扣费
2025-07-16,1.11940258744,V3最新候选 · 扣费
2025-07-17,1.1228213995699998,V3最新候选 · 扣费
2025-07-18,1.12841936887,V3最新候选 · 扣费
2025-07-21,1.14603491033,V3最新候选 · 扣费
2025-07-22,1.15743513649,V3最新候选 · 扣费
2025-07-23,1.14919464974,V3最新候选 · 扣费
2025-07-24,1.1588745654,V3最新候选 · 扣费
2025-07-25,1.1597265806700001,V3最新候选 · 扣费
2025-07-28,1.16223498957,V3最新候选 · 扣费
2025-07-29,1.15738812999,V3最新候选 · 扣费
2025-07-30,1.15665804859,V3最新候选 · 扣费
2025-07-31,1.14094309367,V3最新候选 · 扣费
2025-08-01,1.1443334601700001,V3最新候选 · 扣费
2025-08-04,1.15104041939,V3最新候选 · 扣费
2025-08-05,1.1612626677000002,V3最新候选 · 扣费
2025-08-06,1.16197727528,V3最新候选 · 扣费
2025-08-07,1.16145167711,V3最新候选 · 扣费
2025-08-08,1.16691963616,V3最新候选 · 扣费
2025-08-11,1.17248561628,V3最新候选 · 扣费
2025-08-12,1.17167004082,V3最新候选 · 扣费
2025-08-13,1.16875081314,V3最新候选 · 扣费
2025-08-14,1.15339908796,V3最新候选 · 扣费
2025-08-15,1.16083549395,V3最新候选 · 扣费
2025-08-18,1.1653516754000002,V3最新候选 · 扣费
2025-08-19,1.17352047813,V3最新候选 · 扣费
2025-08-20,1.18627643254,V3最新候选 · 扣费
2025-08-21,1.19086058568,V3最新候选 · 扣费
2025-08-22,1.1892501159900002,V3最新候选 · 扣费
2025-08-25,1.19482956066,V3最新候选 · 扣费
2025-08-26,1.2048196226399999,V3最新候选 · 扣费
2025-08-27,1.17767133036,V3最新候选 · 扣费
2025-08-28,1.1805957979500001,V3最新候选 · 扣费
2025-08-29,1.172458466,V3最新候选 · 扣费
2025-09-01,1.17276585435,V3最新候选 · 扣费
2025-09-02,1.17459772977,V3最新候选 · 扣费
2025-09-03,1.15525780777,V3最新候选 · 扣费
2025-09-04,1.1641252438399998,V3最新候选 · 扣费
2025-09-05,1.16935180006,V3最新候选 · 扣费
2025-09-08,1.183021812,V3最新候选 · 扣费
2025-09-09,1.18152690272,V3最新候选 · 扣费
2025-09-10,1.1828202667199998,V3最新候选 · 扣费
2025-09-11,1.19380013035,V3最新候选 · 扣费
2025-09-12,1.1873785485600001,V3最新候选 · 扣费
2025-09-15,1.18605146422,V3最新候选 · 扣费
2025-09-16,1.1885905030700001,V3最新候选 · 扣费
2025-09-17,1.1869664018300001,V3最新候选 · 扣费
2025-09-18,1.16809251944,V3最新候选 · 扣费
2025-09-19,1.16619626405,V3最新候选 · 扣费
2025-09-22,1.15656052464,V3最新候选 · 扣费
2025-09-23,1.15838507746,V3最新候选 · 扣费
2025-09-24,1.16629552199,V3最新候选 · 扣费
2025-09-25,1.16220064842,V3最新候选 · 扣费
2025-09-26,1.16489490561,V3最新候选 · 扣费
2025-09-29,1.16608040982,V3最新候选 · 扣费
2025-09-30,1.161631979,V3最新候选 · 扣费
2025-10-09,1.16481233419,V3最新候选 · 扣费
2025-10-10,1.18000367042,V3最新候选 · 扣费
2025-10-13,1.1789770062,V3最新候选 · 扣费
2025-10-14,1.1904458309,V3最新候选 · 扣费
2025-10-15,1.19801845876,V3最新候选 · 扣费
2025-10-16,1.2019571049,V3最新候选 · 扣费
2025-10-17,1.19804331459,V3最新候选 · 扣费
2025-10-20,1.20708725936,V3最新候选 · 扣费
2025-10-21,1.2171841554,V3最新候选 · 扣费
2025-10-22,1.22177332684,V3最新候选 · 扣费
2025-10-23,1.2264694138799999,V3最新候选 · 扣费
2025-10-24,1.22146459274,V3最新候选 · 扣费
2025-10-27,1.22334408161,V3最新候选 · 扣费
2025-10-28,1.22743740025,V3最新候选 · 扣费
2025-10-29,1.22045608705,V3最新候选 · 扣费
2025-10-30,1.21338777182,V3最新候选 · 扣费
2025-10-31,1.2199918862199999,V3最新候选 · 扣费
2025-11-03,1.23334280025,V3最新候选 · 扣费
2025-11-04,1.2383190537700002,V3最新候选 · 扣费
2025-11-05,1.24473451511,V3最新候选 · 扣费
2025-11-06,1.2458305517700001,V3最新候选 · 扣费
2025-11-07,1.24865053295,V3最新候选 · 扣费
2025-11-10,1.26041901917,V3最新候选 · 扣费
2025-11-11,1.2662485909299999,V3最新候选 · 扣费
2025-11-12,1.26241386648,V3最新候选 · 扣费
2025-11-13,1.26650654038,V3最新候选 · 扣费
2025-11-14,1.2664216783,V3最新候选 · 扣费
2025-11-17,1.26405702961,V3最新候选 · 扣费
2025-11-18,1.2535052402900002,V3最新候选 · 扣费
2025-11-19,1.2438363910699999,V3最新候选 · 扣费
2025-11-20,1.2439730753599998,V3最新候选 · 扣费
2025-11-21,1.20522912058,V3最新候选 · 扣费
2025-11-24,1.2143844883300001,V3最新候选 · 扣费
2025-11-25,1.22594002205,V3最新候选 · 扣费
2025-11-26,1.22359602837,V3最新候选 · 扣费
2025-11-27,1.22779380827,V3最新候选 · 扣费
2025-11-28,1.2335347607499998,V3最新候选 · 扣费
2025-12-01,1.24041380611,V3最新候选 · 扣费
2025-12-02,1.23783900426,V3最新候选 · 扣费
2025-12-03,1.23375770683,V3最新候选 · 扣费
2025-12-04,1.2269764093200002,V3最新候选 · 扣费
2025-12-05,1.2391029153,V3最新候选 · 扣费
2025-12-08,1.24074334672,V3最新候选 · 扣费
2025-12-09,1.23268820438,V3最新候选 · 扣费
2025-12-10,1.2309910046,V3最新候选 · 扣费
2025-12-11,1.21478373973,V3最新候选 · 扣费
2025-12-12,1.21153261105,V3最新候选 · 扣费
2025-12-15,1.2170507614100001,V3最新候选 · 扣费
2025-12-16,1.21113524349,V3最新候选 · 扣费
2025-12-17,1.21587939803,V3最新候选 · 扣费
2025-12-18,1.2217001443400002,V3最新候选 · 扣费
2025-12-19,1.23139212428,V3最新候选 · 扣费
2025-12-22,1.22757455576,V3最新候选 · 扣费
2025-12-23,1.2218574946699998,V3最新候选 · 扣费
2025-12-24,1.22508490294,V3最新候选 · 扣费
2025-12-25,1.23128578667,V3最新候选 · 扣费
2025-12-26,1.22826173369,V3最新候选 · 扣费
2025-12-29,1.22446529864,V3最新候选 · 扣费
2025-12-30,1.21875268475,V3最新候选 · 扣费
2025-12-31,1.21765677307,V3最新候选 · 扣费
2026-01-05,1.22793973595,V3最新候选 · 扣费
2026-01-06,1.23126177426,V3最新候选 · 扣费
2026-01-07,1.2296886473600002,V3最新候选 · 扣费
2026-01-08,1.2351033876700002,V3最新候选 · 扣费
2026-01-09,1.24003413731,V3最新候选 · 扣费
2026-01-12,1.24781418171,V3最新候选 · 扣费
2026-01-13,1.24845912951,V3最新候选 · 扣费
2026-01-14,1.24159761424,V3最新候选 · 扣费
2026-01-15,1.23436537409,V3最新候选 · 扣费
2026-01-16,1.22417810668,V3最新候选 · 扣费
2026-01-19,1.23268983821,V3最新候选 · 扣费
2026-01-20,1.24709096634,V3最新候选 · 扣费
2026-01-21,1.2450347422799999,V3最新候选 · 扣费
2026-01-22,1.25223380806,V3最新候选 · 扣费
2026-01-23,1.25545561356,V3最新候选 · 扣费
2026-01-26,1.26268858791,V3最新候选 · 扣费
2026-01-27,1.25880774637,V3最新候选 · 扣费
2026-01-28,1.25715750128,V3最新候选 · 扣费
2026-01-29,1.2670357829799999,V3最新候选 · 扣费
2026-01-30,1.26505464044,V3最新候选 · 扣费
2026-02-02,1.24986963998,V3最新候选 · 扣费
2026-02-03,1.25304221075,V3最新候选 · 扣费
2026-02-04,1.2680263681300001,V3最新候选 · 扣费
2026-02-05,1.2723575837,V3最新候选 · 扣费
2026-02-06,1.27218198258,V3最新候选 · 扣费
2026-02-09,1.27990108337,V3最新候选 · 扣费
2026-02-10,1.28139736659,V3最新候选 · 扣费
2026-02-11,1.28217049062,V3最新候选 · 扣费
2026-02-12,1.2672638776799998,V3最新候选 · 扣费
2026-02-13,1.25892860623,V3最新候选 · 扣费
2026-02-24,1.27034206901,V3最新候选 · 扣费
2026-02-25,1.27157189189,V3最新候选 · 扣费
2026-02-26,1.26966760613,V3最新候选 · 扣费
2026-02-27,1.2750060075099998,V3最新候选 · 扣费
2026-03-02,1.26637267995,V3最新候选 · 扣费
2026-03-03,1.2661473697299999,V3最新候选 · 扣费
2026-03-04,1.24540685748,V3最新候选 · 扣费
2026-03-05,1.25231194907,V3最新候选 · 扣费
2026-03-06,1.2642410515,V3最新候选 · 扣费
2026-03-09,1.25828419033,V3最新候选 · 扣费
2026-03-10,1.26647197478,V3最新候选 · 扣费
2026-03-11,1.26867287787,V3最新候选 · 扣费
2026-03-12,1.26961520475,V3最新候选 · 扣费
2026-03-13,1.27267729381,V3最新候选 · 扣费
2026-03-16,1.27321133047,V3最新候选 · 扣费
2026-03-17,1.2738922712099998,V3最新候选 · 扣费
2026-03-18,1.27217749841,V3最新候选 · 扣费
2026-03-19,1.26069953737,V3最新候选 · 扣费
2026-03-20,1.24821485693,V3最新候选 · 扣费
2026-03-23,1.2083078572800001,V3最新候选 · 扣费
2026-03-24,1.2324329088600001,V3最新候选 · 扣费
2026-03-25,1.2442431431,V3最新候选 · 扣费
2026-03-26,1.2382823416800002,V3最新候选 · 扣费
2026-03-27,1.2444762365900002,V3最新候选 · 扣费
2026-03-30,1.25039136355,V3最新候选 · 扣费
2026-03-31,1.24956161574,V3最新候选 · 扣费
2026-04-01,1.25570890902,V3最新候选 · 扣费
2026-04-02,1.24931063467,V3最新候选 · 扣费
2026-04-03,1.23566137675,V3最新候选 · 扣费
2026-04-07,1.23882800515,V3最新候选 · 扣费
2026-04-08,1.25632206414,V3最新候选 · 扣费
2026-04-09,1.24382242869,V3最新候选 · 扣费
2026-04-10,1.25070413604,V3最新候选 · 扣费
2026-04-13,1.2512626656299999,V3最新候选 · 扣费
2026-04-14,1.2561517956600001,V3最新候选 · 扣费
2026-04-15,1.25645364003,V3最新候选 · 扣费
2026-04-16,1.2588776986,V3最新候选 · 扣费
2026-04-17,1.25739419227,V3最新候选 · 扣费
2026-04-20,1.26289021346,V3最新候选 · 扣费
2026-04-21,1.26532834556,V3最新候选 · 扣费
2026-04-22,1.2617379254399999,V3最新候选 · 扣费
2026-04-23,1.26272835819,V3最新候选 · 扣费
2026-04-24,1.2590223018100002,V3最新候选 · 扣费
2026-04-27,1.26245888077,V3最新候选 · 扣费
2026-04-28,1.26386757763,V3最新候选 · 扣费
2026-04-29,1.26773218693,V3最新候选 · 扣费
2026-04-30,1.2666479093,V3最新候选 · 扣费
2026-05-06,1.2669423421100001,V3最新候选 · 扣费
2026-05-07,1.2647127728299998,V3最新候选 · 扣费
2026-05-08,1.26595367571,V3最新候选 · 扣费
2026-05-11,1.26874367199,V3最新候选 · 扣费
2026-05-12,1.2667192491800001,V3最新候选 · 扣费
2026-05-13,1.2644139712,V3最新候选 · 扣费
2026-05-14,1.2575846134200002,V3最新候选 · 扣费
2026-05-15,1.24776367058,V3最新候选 · 扣费
2026-05-18,1.2400541325399999,V3最新候选 · 扣费
2026-05-19,1.25119063514,V3最新候选 · 扣费
2026-05-20,1.2451833403900001,V3最新候选 · 扣费
2026-05-21,1.24117584068,V3最新候选 · 扣费
2026-05-22,1.23709337291,V3最新候选 · 扣费
2026-05-25,1.23710969279,V3最新候选 · 扣费
2026-05-26,1.2345926582200002,V3最新候选 · 扣费
2026-05-27,1.22432968128,V3最新候选 · 扣费
2026-05-28,1.21554578173,V3最新候选 · 扣费
2026-05-29,1.2229696702900001,V3最新候选 · 扣费
2026-06-01,1.23654952169,V3最新候选 · 扣费
2026-06-02,1.23186444304,V3最新候选 · 扣费
2026-06-03,1.21932435317,V3最新候选 · 扣费
2026-06-04,1.20700433353,V3最新候选 · 扣费
2026-06-05,1.21678146937,V3最新候选 · 扣费
2026-06-08,1.20719151366,V3最新候选 · 扣费
2026-06-09,1.2074109238,V3最新候选 · 扣费
2026-06-10,1.2118794477200001,V3最新候选 · 扣费
2026-06-11,1.2053478441399998,V3最新候选 · 扣费
2026-06-12,1.22152884218,V3最新候选 · 扣费
2026-06-15,1.2200880095200002,V3最新候选 · 扣费
2026-06-16,1.21176498146,V3最新候选 · 扣费
2026-06-17,1.2011007876500002,V3最新候选 · 扣费
2026-06-18,1.18798193615,V3最新候选 · 扣费
2026-06-22,1.19663748153,V3最新候选 · 扣费
2026-06-23,1.20460136801,V3最新候选 · 扣费
2026-06-24,1.1841156367299999,V3最新候选 · 扣费
2026-06-25,1.18119338223,V3最新候选 · 扣费
2026-06-26,1.16240959911,V3最新候选 · 扣费
2026-06-29,1.1705414654600002,V3最新候选 · 扣费
2026-06-30,1.15543198668,V3最新候选 · 扣费
2026-07-01,1.1732965526699999,V3最新候选 · 扣费
2026-07-02,1.17903766043,V3最新候选 · 扣费
2026-07-03,1.19036723756,V3最新候选 · 扣费
2026-07-06,1.19950428325,V3最新候选 · 扣费
2026-07-07,1.18506689443,V3最新候选 · 扣费
2026-07-08,1.18788781607,V3最新候选 · 扣费
2026-07-09,1.1801428697299998,V3最新候选 · 扣费
2026-07-10,1.19097694726,V3最新候选 · 扣费
2026-07-13,1.1915641703000002,V3最新候选 · 扣费
2026-07-14,1.2041187614800002,V3最新候选 · 扣费
2026-07-15,1.2195390035000002,V3最新候选 · 扣费
2026-07-16,1.22139191298,V3最新候选 · 扣费
2026-07-17,1.21237797256,V3最新候选 · 扣费
2026-07-20,1.2147369709,V3最新候选 · 扣费
2026-07-21,1.20066258934,V3最新候选 · 扣费
2026-07-22,1.2001184787399999,V3最新候选 · 扣费
2026-07-23,1.21007367058,V3最新候选 · 扣费
2026-07-24,1.19791394277,V3最新候选 · 扣费
2026-07-27,1.20671282078,V3最新候选 · 扣费
2026-07-28,1.21562815275,V3最新候选 · 扣费
2026-07-29,1.23069388132,V3最新候选 · 扣费
2026-07-30,1.24360843663,V3最新候选 · 扣费
2026-07-31,1.24294866333,V3最新候选 · 扣费
2026-08-03,1.25028083399,V3最新候选 · 扣费
2026-08-04,1.2401184341,V3最新候选 · 扣费
2026-08-05,1.2351138391499998,V3最新候选 · 扣费
2026-08-06,1.23540885103,V3最新候选 · 扣费
2026-08-07,1.2303407361099998,V3最新候选 · 扣费
2026-08-10,1.23854273768,V3最新候选 · 扣费
2026-08-11,1.23513709906,V3最新候选 · 扣费
2026-08-12,1.23779763771,V3最新候选 · 扣费
2026-08-13,1.23405914976,V3最新候选 · 扣费
2026-08-14,1.2295310347,V3最新候选 · 扣费
2026-08-17,1.2349104400800002,V3最新候选 · 扣费
2026-08-18,1.23621421286,V3最新候选 · 扣费
2026-08-19,1.23374256993,V3最新候选 · 扣费
2026-08-20,1.24181998075,V3最新候选 · 扣费
2026-08-21,1.23802518671,V3最新候选 · 扣费
2026-08-24,1.2440346826500002,V3最新候选 · 扣费
2026-08-25,1.24776091897,V3最新候选 · 扣费
2026-08-26,1.2563858113,V3最新候选 · 扣费
2026-08-27,1.25057951468,V3最新候选 · 扣费
2026-08-28,1.2512827845999999,V3最新候选 · 扣费
2026-08-31,1.25538825838,V3最新候选 · 扣费
2026-09-01,1.27120272288,V3最新候选 · 扣费
2026-09-02,1.26421803635,V3最新候选 · 扣费
2026-09-03,1.26622042304,V3最新候选 · 扣费
2026-09-04,1.27059022423,V3最新候选 · 扣费
2026-09-07,1.26438034048,V3最新候选 · 扣费
2026-09-08,1.27119501869,V3最新候选 · 扣费
2026-09-09,1.26912485744,V3最新候选 · 扣费
2026-09-10,1.27395301306,V3最新候选 · 扣费
2026-09-11,1.26029866231,V3最新候选 · 扣费
2026-09-14,1.2635505499,V3最新候选 · 扣费
2026-09-15,1.25366506568,V3最新候选 · 扣费
2026-09-16,1.25176104755,V3最新候选 · 扣费
2026-09-17,1.24875977135,V3最新候选 · 扣费
2026-09-18,1.25128793922,V3最新候选 · 扣费
2025-01-02,0.9708975113007007,沪深300 · 价格指数
2025-01-03,0.95940286729237,沪深300 · 价格指数
2025-01-06,0.9578284733207048,沪深300 · 价格指数
2025-01-07,0.9647246396354235,沪深300 · 价格指数
2025-01-08,0.9629735961746936,沪深300 · 价格指数
2025-01-09,0.9606004801785982,沪深300 · 价格指数
2025-01-10,0.9485553027388752,沪深300 · 价格指数
2025-01-13,0.9460221831198262,沪深300 · 价格指数
2025-01-14,0.9709341830332169,沪深300 · 价格指数
2025-01-15,0.9647044358742659,沪深300 · 价格指数
2025-01-16,0.9658118561210625,沪深300 · 价格指数
2025-01-17,0.9688511371375652,沪深300 · 价格指数
2025-01-20,0.9732561924083211,沪深300 · 价格指数
2025-01-21,0.9740028675109265,沪深300 · 价格指数
2025-01-22,0.9649561823623504,沪深300 · 价格指数
2025-01-23,0.9666658271728592,沪深300 · 价格指数
2025-01-24,0.9740661980427562,沪深300 · 价格指数
2025-01-27,0.9700550525807331,沪深300 · 价格指数
2025-02-05,0.9644652436729889,沪深300 · 价格指数
2025-02-06,0.9765993430753414,沪深300 · 价格指数
2025-02-07,0.9892734292916264,沪深300 · 价格指数
2025-02-10,0.9913977467698188,沪深300 · 价格指数
2025-02-11,0.9868419638167666,沪深300 · 价格指数
2025-02-12,0.9961754661331722,沪深300 · 价格指数
2025-02-13,0.9924341107698271,沪深300 · 价格指数
2025-02-14,1.0010413450530735,沪深300 · 价格指数
2025-02-17,1.0031734899003686,沪深300 · 价格指数
2025-02-18,0.9943764927434571,沪深300 · 价格指数
2025-02-19,1.00133403274773,沪深300 · 价格指数
2025-02-20,0.9984713758067559,沪深300 · 价格指数
2025-02-21,1.011063300061,沪深300 · 价格指数
2025-02-24,1.0088454353566176,沪深300 · 价格指数
2025-02-25,0.9976466049078774,沪深300 · 价格指数
2025-02-26,1.0063611097267793,沪深300 · 价格指数
2025-02-27,1.0084385646445007,沪深300 · 价格指数
2025-02-28,0.9885989286313954,沪深300 · 价格指数
2025-03-03,0.9881986908521868,沪深300 · 价格指数
2025-03-04,0.9873719885245686,沪深300 · 价格指数
2025-03-05,0.9917811862017003,沪深300 · 价格指数
2025-03-06,1.0054196906974437,沪深300 · 价格指数
2025-03-07,1.0023134958405284,沪深300 · 价格指数
2025-03-10,0.9984474616693355,沪深300 · 价格指数
2025-03-11,1.0016530996928037,沪深300 · 价格指数
2025-03-12,0.9980483929127849,沪深300 · 价格指数
2025-03-13,0.994070615423592,沪深300 · 价格指数
2025-03-14,1.018207731209365,沪深300 · 价格指数
2025-03-17,1.0157250574593697,沪深300 · 价格指数
2025-03-18,1.0185041038667484,沪深300 · 价格指数
2025-03-19,1.0191254902366405,沪深300 · 价格指数
2025-03-20,1.0101859739695758,沪深300 · 价格指数
2025-03-21,0.9948625774474334,沪深300 · 价格指数
2025-03-24,0.9999841673670425,沪深300 · 价格指数
2025-03-25,0.9993352327240751,沪深300 · 价格指数
2025-03-26,0.9960471023625974,沪深300 · 价格指数
2025-03-27,0.9993648649071063,沪深300 · 价格指数
2025-03-28,0.9949821735480721,沪深300 · 价格指数
2025-03-31,0.9879018099240825,沪深300 · 价格指数
2025-04-01,0.9879980001580214,沪深300 · 价格指数
2025-04-02,0.9871597854985739,沪深300 · 价格指数
2025-04-03,0.9813445585260901,沪深300 · 价格指数
2025-04-07,0.9122037807768405,沪深300 · 价格指数
2025-04-08,0.9277869544644581,沪深300 · 价格指数
2025-04-09,0.936944798419705,沪深300 · 价格指数
2025-04-10,0.949224822346041,沪深300 · 价格指数
2025-04-11,0.9531389135138995,沪深300 · 价格指数
2025-04-14,0.9553309580656578,沪深300 · 价格指数
2025-04-15,0.9558627617209834,沪深300 · 价格指数
2025-04-16,0.9588070723532774,沪深300 · 价格指数
2025-04-17,0.9586550231671066,沪深300 · 价格指数
2025-04-18,0.9587314924970729,沪深300 · 价格指数
2025-04-21,0.961871995627652,沪深300 · 价格指数
2025-04-22,0.9616360563589891,沪深300 · 价格指数
2025-04-23,0.9623807237922465,沪深300 · 价格指数
2025-04-24,0.9617390320070526,沪深300 · 价格指数
2025-04-25,0.9624090090578671,沪深300 · 价格指数
2025-04-28,0.9610430569088617,沪深300 · 价格指数
2025-04-29,0.9593804779671123,沪深300 · 价格指数
2025-04-30,0.9582352932057496,沪深300 · 价格指数
2025-05-06,0.9678852957000882,沪深300 · 价格指数
2025-05-07,0.9737519088424594,沪深300 · 价格指数
2025-05-08,0.9791571900649644,沪深300 · 价格指数
2025-05-09,0.9774443939759856,沪深300 · 价格指数
2025-05-12,0.9887414731550846,沪深300 · 价格指数
2025-05-13,0.9901770075657876,沪深300 · 价格指数
2025-05-14,1.0021092980783886,沪深300 · 价格指数
2025-05-15,0.9929574771311849,沪深300 · 价格指数
2025-05-16,0.988354120038652,沪深300 · 价格指数
2025-05-19,0.9853197184210702,沪深300 · 价格指数
2025-05-20,0.9906629652020839,沪深300 · 价格指数
2025-05-21,0.9952908209433663,沪深300 · 价格指数
2025-05-22,0.9946515180305607,沪深300 · 价格指数
2025-05-23,0.9866231278578633,沪深300 · 价格指数
2025-05-26,0.9809896076681177,沪深300 · 价格指数
2025-05-27,0.9757265151797975,沪深300 · 价格指数
2025-05-28,0.9749233712000951,沪深300 · 价格指数
2025-05-29,0.9806320646294685,沪深300 · 价格指数
2025-05-30,0.9759388198599364,沪深300 · 价格指数
2025-06-03,0.9789326360604507,沪深300 · 价格指数
2025-06-04,0.9831843714682333,沪深300 · 价格指数
2025-06-05,0.9854240155730083,沪深300 · 价格指数
2025-06-06,0.9845163457195436,沪深300 · 价格指数
2025-06-09,0.9873783673221165,沪深300 · 价格指数
2025-06-10,0.9823513919972114,沪深300 · 价格指数
2025-06-11,0.9897619791085994,沪深300 · 价格指数
2025-06-12,0.9891454467240923,沪深300 · 价格指数
2025-06-13,0.9820253363297249,沪深300 · 价格指数
2025-06-16,0.9844683141364141,沪深300 · 价格指数
2025-06-17,0.9836000606773587,沪深300 · 价格指数
2025-06-18,0.9847671010797221,沪深300 · 价格指数
2025-06-19,0.9766653674419922,沪深300 · 价格指数
2025-06-20,0.9775683357912882,沪深300 · 价格指数
2025-06-23,0.9804292137847391,沪深300 · 价格指数
2025-06-24,0.9921531387152883,沪深300 · 价格指数
2025-06-25,1.0063928512333025,沪深300 · 价格指数
2025-06-26,1.0028230880653486,沪深300 · 价格指数
2025-06-27,0.9966573321901647,沪深300 · 价格指数
2025-06-30,1.0002968809281043,沪深300 · 价格指数
2025-07-01,1.0019952421286085,沪深300 · 价格指数
2025-07-02,1.0022297836527887,沪深300 · 价格指数
2025-07-03,1.0084262899065897,沪深300 · 价格指数
2025-07-04,1.0120186965351616,沪深300 · 价格指数
2025-07-07,1.0076910763087419,沪深300 · 价格指数
2025-07-08,1.016148218248093,沪深300 · 价格指数
2025-07-09,1.0143560302725025,沪深300 · 价格指数
2025-07-10,1.0190889709853406,沪深300 · 价格指数
2025-07-11,1.020304424173874,沪深300 · 价格指数
2025-07-14,1.0210314546131147,沪深300 · 价格指数
2025-07-15,1.0213863800575511,沪深300 · 价格指数
2025-07-16,1.018371699343942,沪深300 · 价格指数
2025-07-17,1.0253068246094212,沪深300 · 价格指数
2025-07-18,1.0314207114575327,沪深300 · 价格指数
2025-07-21,1.038297258522423,沪深300 · 价格指数
2025-07-22,1.0467729269295527,沪深300 · 价格指数
2025-07-23,1.0469788528121438,沪深300 · 价格指数
2025-07-24,1.0544169627830708,沪深300 · 价格指数
2025-07-25,1.0488581583893044,沪深300 · 价格指数
2025-07-28,1.0510591739192876,沪深300 · 价格指数
2025-07-29,1.0551762938266278,沪深300 · 价格指数
2025-07-30,1.0549763401250076,沪深300 · 价格指数
2025-07-31,1.0357518387519271,沪深300 · 价格指数
2025-08-01,1.030500741452621,沪深300 · 价格指数
2025-08-04,1.0345093963881113,沪深300 · 价格指数
2025-08-05,1.0428317449322677,沪深300 · 价格指数
2025-08-06,1.0453820441016848,沪深300 · 价格指数
2025-08-07,1.0456821271353312,沪深300 · 价格指数
2025-08-08,1.043217242860569,沪深300 · 价格指数
2025-08-11,1.0476757173840963,沪深300 · 价格指数
2025-08-12,1.0530925109384308,沪深300 · 价格指数
2025-08-13,1.0614160539187811,沪深300 · 价格指数
2025-08-14,1.0605864290345177,沪深300 · 价格指数
2025-08-15,1.067966570729721,沪深300 · 价格指数
2025-08-18,1.077384623880556,沪深300 · 价格指数
2025-08-19,1.0733086993151484,沪深300 · 价格指数
2025-08-20,1.085512711355167,沪深300 · 价格指数
2025-08-21,1.0897503930775154,沪深300 · 价格指数
2025-08-22,1.1126040236387564,沪深300 · 价格指数
2025-08-25,1.1357872677625307,沪深300 · 价格指数
2025-08-26,1.1315606917554348,沪深300 · 价格指数
2025-08-27,1.114669864570504,沪深300 · 价格指数
2025-08-28,1.1344048476421664,沪深300 · 价格指数
2025-08-29,1.1427854948380154,沪深300 · 价格指数
2025-09-01,1.1496349510734793,沪深300 · 价格指数
2025-09-02,1.1411828410142655,沪深300 · 价格指数
2025-09-03,1.1334004030434337,沪深300 · 价格指数
2025-09-04,1.109353835686597,沪深300 · 价格指数
2025-09-05,1.1335262762874758,沪深300 · 价格指数
2025-09-08,1.135368351034327,沪深300 · 价格指数
2025-09-09,1.1274101276346562,沪深300 · 价格指数
2025-09-10,1.1297244112948022,沪深300 · 价格指数
2025-09-11,1.1558163871004041,沪深300 · 价格指数
2025-09-12,1.1491995917874531,沪深300 · 价格指数
2025-09-15,1.1520097443629538,沪深300 · 价格指数
2025-09-16,1.149539802794518,沪深300 · 价格指数
2025-09-17,1.1565758706251774,沪深300 · 价格指数
2025-09-18,1.1431285521611176,沪深300 · 价格指数
2025-09-19,1.1440969349521994,沪深300 · 价格指数
2025-09-22,1.1493546143573417,沪深300 · 价格指数
2025-09-23,1.1486354367007396,沪深300 · 价格指数
2025-09-24,1.1604000487025006,沪深300 · 价格指数
2025-09-25,1.1673676016399763,沪深300 · 价格指数
2025-09-26,1.1563282665434687,沪深300 · 价格指数
2025-09-29,1.1741187837315454,沪深300 · 价格指数
2025-09-30,1.179364315466457,沪深300 · 价格指数
2025-10-09,1.1968459057103429,沪深300 · 价格指数
2025-10-10,1.1733007982467913,沪深300 · 价格指数
2025-10-13,1.1674923821019685,沪深300 · 价格指数
2025-10-14,1.153536767503427,沪深300 · 价格指数
2025-10-15,1.1706206359081728,沪深300 · 价格指数
2025-10-16,1.173704288958614,沪深300 · 价格指数
2025-10-17,1.1472266119164223,沪深300 · 价格指数
2025-10-20,1.1533222010185795,沪深300 · 价格指数
2025-10-21,1.1710230846650176,沪深300 · 价格指数
2025-10-22,1.1671344324467423,沪深300 · 价格指数
2025-10-23,1.1706350707966475,沪深300 · 价格指数
2025-10-24,1.184444481322309,沪深300 · 价格指数
2025-10-27,1.1985070869076095,沪深300 · 价格指数
2025-10-28,1.1923962496838239,沪深300 · 价格指数
2025-10-29,1.206593470769567,沪深300 · 价格指数
2025-10-30,1.1969549297799857,沪深300 · 价格指数
2025-10-31,1.1793577333606207,沪深300 · 价格指数
2025-11-03,1.1825941980033143,沪深300 · 价格指数
2025-11-04,1.173774735280537,沪深300 · 价格指数
2025-11-05,1.1759496256954636,沪深300 · 价格指数
2025-11-06,1.1927597140763722,沪深300 · 价格指数
2025-11-07,1.1890471014222965,沪深300 · 价格指数
2025-11-10,1.1931784020827512,沪深300 · 价格指数
2025-11-11,1.1822797563218015,沪深300 · 价格指数
2025-11-12,1.1806894788901066,沪深300 · 价格指数
2025-11-13,1.194963220132888,沪深300 · 价格指数
2025-11-14,1.1761739763916892,沪深300 · 价格指数
2025-11-17,1.1685277295605347,沪深300 · 价格指数
2025-11-18,1.160939323937424,沪深300 · 价格指数
2025-11-19,1.1660472922017115,沪深300 · 价格指数
2025-11-20,1.1601147817603699,沪深300 · 价格指数
2025-11-21,1.1318191728305718,沪深300 · 价格指数
2025-11-24,1.1304062310534149,沪深300 · 价格指数
2025-11-25,1.1411706171034268,沪深300 · 价格指数
2025-11-26,1.1480883849237857,沪深300 · 价格指数
2025-11-27,1.1475234928445266,沪深300 · 价格指数
2025-11-28,1.1503847774545544,沪深300 · 价格指数
2025-12-01,1.163046817654753,沪深300 · 价格指数
2025-12-02,1.1574174906984553,沪深300 · 价格指数
2025-12-03,1.1514996692809487,沪深300 · 价格指数
2025-12-04,1.155443290977694,沪深300 · 价格指数
2025-12-05,1.165092912268992,沪深300 · 价格指数
2025-12-08,1.1745512458744618,沪深300 · 价格指数
2025-12-09,1.1685711104665675,沪深300 · 价格指数
2025-12-10,1.166945686114519,沪深300 · 价格指数
2025-12-11,1.1568711250869748,沪深300 · 价格指数
2025-12-12,1.164181379558048,沪深300 · 价格指数
2025-12-15,1.1568393073398433,沪深300 · 价格指数
2025-12-16,1.1429876341037355,沪深300 · 价格指数
2025-12-17,1.1639081840455396,沪深300 · 价格指数
2025-12-18,1.1570255885590701,沪深300 · 价格指数
2025-12-19,1.1609355881476249,沪深300 · 价格指数
2025-12-22,1.1719766005375114,沪深300 · 价格指数
2025-12-23,1.1742919261526352,沪深300 · 价格指数
2025-12-24,1.1776781527632558,沪深300 · 价格指数
2025-12-25,1.1798324836275202,沪深300 · 价格指数
2025-12-26,1.1835693662085207,沪深300 · 价格指数
2025-12-29,1.179028501001128,沪深300 · 价格指数
2025-12-30,1.1820551769037515,沪深300 · 价格指数
2025-12-31,1.1766313437999323,沪深300 · 价格指数
2026-01-05,1.1989460040886823,沪深300 · 价格指数
2026-01-06,1.2174846957779908,沪深300 · 价格指数
2026-01-07,1.2139196849412779,沪深300 · 价格指数
2026-01-08,1.2040053054314392,沪深300 · 价格指数
2026-01-09,1.209410383345656,沪深300 · 价格指数
2026-01-12,1.2172869022269348,沪深300 · 价格指数
2026-01-13,1.2099466851968619,沪深300 · 价格指数
2026-01-14,1.2050922423681816,沪深300 · 价格指数
2026-01-15,1.207506197916705,沪深300 · 价格指数
2026-01-16,1.202536199739618,沪深300 · 价格指数
2026-01-19,1.2031925805486474,沪深300 · 价格指数
2026-01-20,1.1992338123844177,沪深300 · 价格指数
2026-01-21,1.2002988936801593,沪深300 · 价格指数
2026-01-22,1.2004615148973259,沪深300 · 价格指数
2026-01-23,1.195070668563296,沪深300 · 价格指数
2026-01-26,1.1962059928726723,沪深300 · 价格指数
2026-01-27,1.1958826818670785,沪深300 · 价格指数
2026-01-28,1.1990084451467504,沪深300 · 价格指数
2026-01-29,1.208126389850403,沪深300 · 价格指数
2026-01-30,1.1960474378212733,沪深300 · 价格指数
2026-02-02,1.1705423622171471,沪深300 · 价格指数
2026-02-03,1.1842980739411406,沪深300 · 价格指数
2026-02-04,1.194101548779669,沪深300 · 价格指数
2026-02-05,1.1869185652971204,沪深300 · 价格指数
2026-02-06,1.1801019179366934,沪深300 · 价格指数
2026-02-09,1.1992789722379738,沪深300 · 价格指数
2026-02-10,1.2006105652862433,沪深300 · 价格指数
2026-02-11,1.1979479637010333,沪深300 · 价格指数
2026-02-12,1.1994116563096766,沪深300 · 价格指数
2026-02-13,1.1843738571056337,沪深300 · 价格指数
2026-02-24,1.1963533913817463,沪深300 · 价格指数
2026-02-25,1.2035560449411955,沪深300 · 价格指数
2026-02-26,1.2012658024861502,沪深300 · 价格指数
2026-02-27,1.1971419479917575,沪深300 · 价格指数
2026-03-02,1.2017219500446632,沪深300 · 价格指数
2026-03-03,1.1832278591111174,沪深300 · 价格指数
2026-03-04,1.1696896872556888,沪深300 · 价格指数
2026-03-05,1.1811429072002622,沪深300 · 价格指数
2026-03-06,1.1843823452266735,沪深300 · 价格指数
2026-03-09,1.1729503455846992,沪深300 · 价格指数
2026-03-10,1.1880208520096351,沪深300 · 价格指数
2026-03-11,1.1955787613894893,沪深300 · 价格指数
2026-03-12,1.1912747757515931,沪深300 · 价格指数
2026-03-13,1.1865935769981477,沪深300 · 价格指数
2026-03-16,1.1872083558486675,沪深300 · 价格指数
2026-03-17,1.1785372827628702,沪深300 · 价格指数
2026-03-18,1.1838469836763015,沪深300 · 价格指数
2026-03-19,1.1647661704360321,沪深300 · 价格指数
2026-03-20,1.1606407403024044,沪深300 · 价格指数
2026-03-23,1.1227692855764535,沪深300 · 价格指数
2026-03-24,1.1371851901398835,沪深300 · 价格指数
2026-03-25,1.153130455889103,沪深300 · 价格指数
2026-03-26,1.1378997933599972,沪深300 · 价格指数
2026-03-27,1.144262199177115,沪深300 · 价格指数
2026-03-30,1.1415633324759653,沪深300 · 价格指数
2026-03-31,1.130914882977401,沪深300 · 价格指数
2026-04-01,1.150233617742145,沪深300 · 价格指数
2026-04-02,1.1382504493303776,沪深300 · 价格指数
2026-04-03,1.1285614878852783,沪深300 · 价格指数
2026-04-07,1.128517598708525,沪深300 · 价格指数
2026-04-08,1.1678932806331142,沪深300 · 价格指数
2026-04-09,1.1604389059991167,沪深300 · 价格指数
2026-04-10,1.178315244698425,沪深300 · 价格指数
2026-04-13,1.1807521740835352,沪深300 · 价格指数
2026-04-14,1.1947624277845783,沪深300 · 价格指数
2026-04-15,1.1906867827680674,沪深300 · 价格指数
2026-04-16,1.2037395052579207,沪深300 · 价格指数
2026-04-17,1.2017226616236723,沪深300 · 价格指数
2026-04-20,1.2090342121850841,沪深300 · 价格指数
2026-04-21,1.211716636328411,沪深300 · 价格指数
2026-04-22,1.2197549377801669,沪深300 · 价格指数
2026-04-23,1.2163750137264862,沪深300 · 价格指数
2026-04-24,1.2120652592159076,沪深300 · 价格指数
2026-04-27,1.2124663102282698,沪深300 · 价格指数
2026-04-28,1.2092289815253505,沪深300 · 价格指数
2026-04-29,1.2224792180173636,沪深300 · 价格指数
2026-04-30,1.221706671935062,沪深300 · 价格指数
2026-05-06,1.239441838441628,沪深300 · 价格指数
2026-05-07,1.245392824523676,沪深300 · 价格指数
2026-05-08,1.238125163139018,沪深300 · 价格指数
2026-05-11,1.2584367793435933,沪深300 · 价格指数
2026-05-12,1.2574735809138653,沪深300 · 价格指数
2026-05-13,1.2702553696959187,沪深300 · 价格指数
2026-05-14,1.2489729055872651,沪深300 · 价格指数
2026-05-15,1.2349943425656729,沪深300 · 价格指数
2026-05-18,1.2283692878535064,沪深300 · 价格指数
2026-05-19,1.2332892213645805,沪深300 · 价格指数
2026-05-20,1.232734393045596,沪深300 · 价格指数
2026-05-21,1.215554232752767,沪深300 · 价格指数
2026-05-22,1.231310116831362,沪深300 · 价格指数
2026-05-25,1.250751929351183,沪深300 · 价格指数
2026-05-26,1.2574234654207799,沪深300 · 价格指数
2026-05-27,1.2473399080014749,沪深300 · 价格指数
2026-05-28,1.2488753684359157,沪深300 · 价格指数
2026-05-29,1.2432610100523496,沪深300 · 价格指数
2026-06-01,1.231096643128565,沪深300 · 价格指数
2026-06-02,1.248963248443567,沪深300 · 价格指数
2026-06-03,1.2551260309350336,沪深300 · 价格指数
2026-06-04,1.2464692402564947,沪深300 · 价格指数
2026-06-05,1.2241496751552876,沪深300 · 价格指数
2026-06-08,1.1979015331706748,沪深300 · 价格指数
2026-06-09,1.2203098677532953,沪深300 · 价格指数
2026-06-10,1.2067854446208681,沪深300 · 价格指数
2026-06-11,1.2001319267483286,沪深300 · 价格指数
2026-06-12,1.2140860927753154,沪深300 · 价格指数
2026-06-15,1.2431571449305243,沪深300 · 价格指数
2026-06-16,1.2412561107800435,沪深300 · 价格指数
2026-06-17,1.2532395841542434,沪深300 · 价格指数
2026-06-18,1.2558349415230725,沪深300 · 价格指数
2026-06-22,1.2858380605263515,沪深300 · 价格指数
2026-06-23,1.2501899344150336,沪深300 · 价格指数
2026-06-24,1.2561960932838403,沪深300 · 价格指数
2026-06-25,1.2757858888240645,沪深300 · 价格指数
2026-06-26,1.2371869716287605,沪深300 · 价格指数
2026-06-29,1.2521048443561964,沪深300 · 价格指数
2026-06-30,1.2654499495782738,沪深300 · 价格指数
2026-07-01,1.2602514837121217,沪深300 · 价格指数
2026-07-02,1.222974502421389,沪深300 · 价格指数
2026-07-03,1.2305675587215965,沪深300 · 价格指数
2026-07-06,1.2305229071387613,沪深300 · 价格指数
2026-07-07,1.2178833325044285,沪深300 · 价格指数
2026-07-08,1.2085492965037659,沪深300 · 价格指数
2026-07-09,1.2392434349657067,沪深300 · 价格指数
2026-07-10,1.2149669513482504,沪深300 · 价格指数
2026-07-13,1.1932628512630363,沪深300 · 价格指数
2026-07-14,1.2189607647786893,沪深300 · 价格指数
2026-07-15,1.2164907723831815,沪深300 · 价格指数
2026-07-16,1.194038319901983,沪深300 · 价格指数
2026-07-17,1.151003266681337,沪深300 · 价格指数
2026-07-20,1.1685959140777498,沪深300 · 价格指数
2026-07-21,1.20440559403772,沪深300 · 价格指数
2026-07-22,1.1988185552054051,沪深300 · 价格指数
2026-07-23,1.2015524417592276,沪深300 · 价格指数
2026-07-24,1.1815240085868273,沪深300 · 价格指数
2026-07-27,1.1950530315692791,沪深300 · 价格指数
2026-07-28,1.161277501861605,沪深300 · 价格指数
2026-07-29,1.1690893432936436,沪深300 · 价格指数
2026-07-30,1.1562447576640171,沪深300 · 价格指数
2026-07-31,1.1660230476883224,沪深300 · 价格指数
2026-08-03,1.154582204135804,沪深300 · 价格指数
2026-08-04,1.1692591057144395,沪深300 · 价格指数
2026-08-05,1.1838018746498176,沪深300 · 价格指数
2026-08-06,1.1820622926938449,沪深300 · 价格指数
2026-08-07,1.1930223121443486,沪深300 · 价格指数
2026-08-10,1.1949507420866887,沪深300 · 价格指数
2026-08-11,1.1852336224436493,沪深300 · 价格指数
2026-08-12,1.1921277556754843,沪深300 · 价格指数
2026-08-13,1.185274944853262,沪深300 · 价格指数
2026-08-14,1.1857654006854386,沪深300 · 价格指数
2026-08-17,1.2048806746805882,沪深300 · 价格指数
2026-08-18,1.200996291936369,沪深300 · 价格指数
2026-08-19,1.1661497849925904,沪深300 · 价格指数
2026-08-20,1.1671802784657717,沪深300 · 价格指数
2026-08-21,1.1738245966382619,沪深300 · 价格指数
2026-08-24,1.1596518233741964,沪深300 · 价格指数
2026-08-25,1.1568324456851107,沪深300 · 价格指数
2026-08-26,1.1666829609788623,沪深300 · 价格指数
2026-08-27,1.1767171144840918,沪深300 · 价格指数
2026-08-28,1.1713547058968985,沪深300 · 价格指数
2026-08-31,1.1753979486549493,沪深300 · 价格指数
2026-09-01,1.1719298142176486,沪深300 · 价格指数
2026-09-02,1.155796412061071,沪深300 · 价格指数
2026-09-03,1.156971152764857,沪深300 · 价格指数
2026-09-04,1.1558203007849555,沪深300 · 价格指数
2026-09-07,1.1626755004795664,沪深300 · 价格指数
2026-09-08,1.158536296209401,沪深300 · 价格指数
2026-09-09,1.1620592222304196,沪深300 · 价格指数
2026-09-10,1.1559066813939802,沪深300 · 价格指数
2026-09-11,1.1461899683675174,沪深300 · 价格指数
2026-09-14,1.1385472794314098,沪深300 · 价格指数
2026-09-15,1.1309125703456209,沪深300 · 价格指数
2026-09-16,1.1385945994355298,沪深300 · 价格指数
2026-09-17,1.1334832765844838,沪深300 · 价格指数
2026-09-18,1.1454878431936033,沪深300 · 价格指数
2025-01-02,0.970897513518997,沪深300 · 全收益指数
2025-01-03,0.9594028947912264,沪深300 · 全收益指数
2025-01-06,0.9578284778769153,沪深300 · 全收益指数
2025-01-07,0.9649644474869364,沪深300 · 全收益指数
2025-01-08,0.9634865995832522,沪深300 · 全收益指数
2025-01-09,0.9611122141296325,沪深300 · 全收益指数
2025-01-10,0.94935238063878,沪深300 · 全收益指数
2025-01-13,0.9468171295383515,沪深300 · 全收益指数
2025-01-14,0.9717500642301775,沪深300 · 全收益指数
2025-01-15,0.965515080476509,沪深300 · 全收益指数
2025-01-16,0.9666234353901837,沪深300 · 全收益指数
2025-01-17,0.9696861741089463,沪深300 · 全收益指数
2025-01-20,0.9741955694194637,沪深300 · 全收益指数
2025-01-21,0.9749496371076942,沪深300 · 全收益指数
2025-01-22,0.966053024273274,沪深300 · 全收益指数
2025-01-23,0.9681316062113173,沪深300 · 全收益指数
2025-01-24,0.9761520621825741,沪深300 · 全收益指数
2025-01-27,0.9722003356291498,沪深300 · 全收益指数
2025-02-05,0.9665981810609225,沪深300 · 全收益指数
2025-02-06,0.9787591241897858,沪深300 · 全收益指数
2025-02-07,0.9914612188582885,沪深300 · 全收益指数
2025-02-10,0.9935902385655088,沪深300 · 全收益指数
2025-02-11,0.9890243798914646,沪深300 · 全收益指数
2025-02-12,0.9983785302827499,沪深300 · 全收益指数
2025-02-13,0.9946288915304229,沪深300 · 全收益指数
2025-02-14,1.0032551678465638,沪深300 · 全收益指数
2025-02-17,1.005392020826439,沪深300 · 全收益指数
2025-02-18,0.9965755838415465,沪深300 · 全收益指数
2025-02-19,1.0035485079573911,沪深300 · 全收益指数
2025-02-20,1.0006795275416538,沪深300 · 全收益指数
2025-02-21,1.0132992842355975,沪深300 · 全收益指数
2025-02-24,1.0110765133692254,沪深300 · 全收益指数
2025-02-25,0.999852922330851,沪深300 · 全收益指数
2025-02-26,1.0085867023391306,沪深300 · 全收益指数
2025-02-27,1.010668740132757,沪深300 · 全收益指数
2025-02-28,0.9907852357838995,沪深300 · 全收益指数
2025-03-03,0.9903841084235524,沪深300 · 全收益指数
2025-03-04,0.9895555892004266,沪深300 · 全收益指数
2025-03-05,0.9939745119840122,沪深300 · 全收益指数
2025-03-06,1.0076431828756012,沪深300 · 全收益指数
2025-03-07,1.004530130444016,沪深300 · 全收益指数
2025-03-10,1.0006555314982717,沪深300 · 全收益指数
2025-03-11,1.0038682897940132,沪深300 · 全收益指数
2025-03-12,1.0002555915344582,沪深300 · 全收益指数
2025-03-13,0.9962690228678218,沪深300 · 全收益指数
2025-03-14,1.0204595157240455,沪深300 · 全收益指数
2025-03-17,1.0179713528712286,沪深300 · 全收益指数
2025-03-18,1.0207565420808282,沪深300 · 全收益指数
2025-03-19,1.0213793049792377,沪深300 · 全收益指数
2025-03-20,1.0124200259635772,沪深300 · 全收益指数
2025-03-21,0.9970627177000718,沪深300 · 全收益指数
2025-03-24,1.0021956556917968,沪深300 · 全收益指数
2025-03-25,1.0015452813933954,沪深300 · 全收益指数
2025-03-26,0.9982498838433772,沪深300 · 全收益指数
2025-03-27,1.0015749663067373,沪深300 · 全收益指数
2025-03-28,0.9972137651725573,沪深300 · 全收益指数
2025-03-31,0.9901175113182372,沪深300 · 全收益指数
2025-04-01,0.9903009197768498,沪深300 · 全收益指数
2025-04-02,0.9894607569787593,沪深300 · 全收益指数
2025-04-03,0.9836319691736265,沪深300 · 全收益指数
2025-04-07,0.9143300312662775,沪深300 · 全收益指数
2025-04-08,0.9299495414956898,沪深300 · 全收益指数
2025-04-09,0.939128736982789,沪深300 · 全收益指数
2025-04-10,0.9514373780625726,沪深300 · 全收益指数
2025-04-11,0.9553605893768525,沪深300 · 全收益指数
2025-04-14,0.9575577514672368,沪深300 · 全收益指数
2025-04-15,0.9580907861768401,沪深300 · 全收益指数
2025-04-16,0.9611760145403972,沪深300 · 全收益指数
2025-04-17,0.9610397652187419,沪深300 · 全收益指数
2025-04-18,0.9613701804571579,沪深300 · 全收益指数
2025-04-21,0.9645193332878342,沪深300 · 全收益指数
2025-04-22,0.9648649188461433,沪深300 · 全收益指数
2025-04-23,0.9656120925455441,沪深300 · 全收益指数
2025-04-24,0.9649682400669097,沪深300 · 全收益指数
2025-04-25,0.9657633349637292,沪深300 · 全收益指数
2025-04-28,0.9643926185831209,沪深300 · 全收益指数
2025-04-29,0.9627274455844969,沪深300 · 全收益指数
2025-04-30,0.9617982457687169,沪深300 · 全收益指数
2025-05-06,0.9714859482519477,沪深300 · 全收益指数
2025-05-07,0.9773743894411454,沪深300 · 全收益指数
2025-05-08,0.9827997814268816,沪深300 · 全收益指数
2025-05-09,0.981313798970825,沪深300 · 全收益指数
2025-05-12,0.9926933820135194,沪深300 · 全收益指数
2025-05-13,0.994222412024506,沪深300 · 全收益指数
2025-05-14,1.0063017083499268,沪深300 · 全收益指数
2025-05-15,0.9973273653483914,沪深300 · 全收益指数
2025-05-16,0.9927113879072241,沪深300 · 全收益指数
2025-05-19,0.9896933271983331,沪深300 · 全收益指数
2025-05-20,0.9952159439211403,沪深300 · 全收益指数
2025-05-21,1.0001354695388571,沪深300 · 全收益指数
2025-05-22,0.9995267781754887,沪深300 · 全收益指数
2025-05-23,0.9915617753945883,沪深300 · 全收益指数
2025-05-26,0.9859684111051776,沪深300 · 全收益指数
2025-05-27,0.9806943855939807,沪深300 · 全收益指数
2025-05-28,0.9799623467698004,沪深300 · 全收益指数
2025-05-29,0.9857741034097262,沪深300 · 全收益指数
2025-05-30,0.9811947225930671,沪深300 · 全收益指数
2025-06-03,0.9842046664719218,沪深300 · 全收益指数
2025-06-04,0.9884792939931613,沪深300 · 全收益指数
2025-06-05,0.9908769134297012,沪深300 · 全收益指数
2025-06-06,0.9905981765240044,沪深300 · 全收益指数
2025-06-09,0.9935499734173817,沪深300 · 全收益指数
2025-06-10,0.9884915755722334,沪深300 · 全收益指数
2025-06-11,0.9963199036954068,沪深300 · 全收益指数
2025-06-12,0.996885033556092,沪深300 · 全收益指数
2025-06-13,0.9901574574643105,沪深300 · 全收益指数
2025-06-16,0.9926697581392002,沪深300 · 全收益指数
2025-06-17,0.9918836130222239,沪深300 · 全收益指数
2025-06-18,0.993290128522206,沪深300 · 全收益指数
2025-06-19,0.9852410864224592,沪深300 · 全收益指数
2025-06-20,0.9870790344779015,沪深300 · 全收益指数
2025-06-23,0.9900977509132365,沪深300 · 全收益指数
2025-06-24,1.0019672856659316,沪深300 · 全收益指数
2025-06-25,1.0171640118400094,沪深300 · 全收益指数
2025-06-26,1.0146260137774508,沪深300 · 全收益指数
2025-06-27,1.0090887052378312,沪深300 · 全收益指数
2025-06-30,1.013712764064362,沪深300 · 全收益指数
2025-07-01,1.015461621935106,沪深300 · 全收益指数
2025-07-02,1.015699296187541,沪深300 · 全收益指数
2025-07-03,1.0221041662572068,沪深300 · 全收益指数
2025-07-04,1.025821160466026,沪深300 · 全收益指数
2025-07-07,1.0218805635398127,沪深300 · 全收益指数
2025-07-08,1.0304633137979429,沪深300 · 全收益指数
2025-07-09,1.028770423065309,沪深300 · 全收益指数
2025-07-10,1.0341210267917598,沪深300 · 全收益指数
2025-07-11,1.0368070772519653,沪深300 · 全收益指数
2025-07-14,1.0379936762805084,沪深300 · 全收益指数
2025-07-15,1.0385262679317036,沪深300 · 全收益指数
2025-07-16,1.035943308301892,沪深300 · 全收益指数
2025-07-17,1.0436398176874908,沪深300 · 全收益指数
2025-07-18,1.0510993971587799,沪深300 · 全收益指数
2025-07-21,1.0582034133964098,沪深300 · 全收益指数
2025-07-22,1.066992504816355,沪深300 · 全收益指数
2025-07-23,1.0672727481206394,沪深300 · 全收益指数
2025-07-24,1.0749413979935374,沪深300 · 全收益指数
2025-07-25,1.0697346819156974,沪深300 · 全收益指数
2025-07-28,1.0722452635239637,沪深300 · 全收益指数
2025-07-29,1.0766212982536463,沪深300 · 全收益指数
2025-07-30,1.0764291526832266,沪深300 · 全收益指数
2025-07-31,1.0570233184652975,沪深300 · 全收益指数
2025-08-01,1.0516762769284478,沪深300 · 全收益指数
2025-08-04,1.0557872563960755,沪深300 · 全收益指数
2025-08-05,1.0642807746908165,沪深300 · 全收益指数
2025-08-06,1.0668835301703017,沪深300 · 全收益指数
2025-08-07,1.0671897898643088,沪深300 · 全收益指数
2025-08-08,1.0650737606296137,沪深300 · 全收益指数
2025-08-11,1.0696256718249715,沪深300 · 全收益指数
2025-08-12,1.0751559445970702,沪深300 · 全收益指数
2025-08-13,1.0836866620757546,沪深300 · 全收益指数
2025-08-14,1.0829982379212664,沪深300 · 全收益指数
2025-08-15,1.090649874351294,沪深300 · 全收益指数
2025-08-18,1.1002679634974457,沪深300 · 全收益指数
2025-08-19,1.0961754329819309,沪深300 · 全收益指数
2025-08-20,1.108830598903849,沪深300 · 全收益指数
2025-08-21,1.1131695053389337,沪深300 · 全收益指数
2025-08-22,1.13673110336838,沪深300 · 全收益指数
2025-08-25,1.1605796083005682,沪深300 · 全收益指数
2025-08-26,1.1562607635502016,沪深300 · 全收益指数
2025-08-27,1.1390241787429474,沪深300 · 全收益指数
2025-08-28,1.1591903543561655,沪深300 · 全收益指数
2025-08-29,1.168193797433944,沪深300 · 全收益指数
2025-09-01,1.175306692562072,沪深300 · 全收益指数
2025-09-02,1.166665848485473,沪深300 · 全收益指数
2025-09-03,1.1587096359833893,沪深300 · 全收益指数
2025-09-04,1.1342600071254425,沪深300 · 全收益指数
2025-09-05,1.159054051867501,沪深300 · 全收益指数
2025-09-08,1.1609677629107265,沪深300 · 全收益指数
2025-09-09,1.1528300914070257,沪深300 · 全收益指数
2025-09-10,1.1552159077675743,沪深300 · 全收益指数
2025-09-11,1.1819481026546483,沪深300 · 全收益指数
2025-09-12,1.1752591612560523,沪深300 · 全收益指数
2025-09-15,1.1781330507589511,沪深300 · 全收益指数
2025-09-16,1.1758464263148056,沪深300 · 全收益指数
2025-09-17,1.1831881876942159,沪深300 · 全收益指数
2025-09-18,1.1694678030252348,沪深300 · 全收益指数
2025-09-19,1.1704699125326496,沪深300 · 全收益指数
2025-09-22,1.1758487833855367,沪深300 · 全收益指数
2025-09-23,1.175114103933244,沪深300 · 全收益指数
2025-09-24,1.1872765534606948,沪深300 · 全收益指数
2025-09-25,1.1944729030705703,沪深300 · 全收益指数
2025-09-26,1.1833053500596509,沪深300 · 全收益指数
2025-09-29,1.2015234687418483,沪深300 · 全收益指数
2025-09-30,1.2071653390657768,沪深300 · 全收益指数
2025-10-09,1.225059014936899,沪深300 · 全收益指数
2025-10-10,1.2010297421742107,沪深300 · 全收益指数
2025-10-13,1.195171553013117,沪深300 · 全收益指数
2025-10-14,1.180885063754953,沪深300 · 全收益指数
2025-10-15,1.1986111394914636,沪深300 · 全收益指数
2025-10-16,1.202062599935147,沪深300 · 全收益指数
2025-10-17,1.175172711699466,沪深300 · 全收益指数
2025-10-20,1.1815046543551606,沪深300 · 全收益指数
2025-10-21,1.1996453087052878,沪深300 · 全收益指数
2025-10-22,1.1957023369860074,沪深300 · 全收益指数
2025-10-23,1.1993076095866426,沪深300 · 全收益指数
2025-10-24,1.2143901153031151,沪深300 · 全收益指数
2025-10-27,1.2288688741880536,沪深300 · 全收益指数
2025-10-28,1.2227585493480848,沪深300 · 全收益指数
2025-10-29,1.2373671066242569,沪深300 · 全收益指数
2025-10-30,1.2274950386762522,沪深300 · 全收益指数
2025-10-31,1.2094488443787295,沪深300 · 全收益指数
2025-11-03,1.2128462871412986,沪深300 · 全收益指数
2025-11-04,1.2038220025960034,沪深300 · 全收益指数
2025-11-05,1.206072260806013,沪深300 · 全收益指数
2025-11-06,1.2233129571952943,沪深300 · 全收益指数
2025-11-07,1.2195546876651777,沪深300 · 全收益指数
2025-11-10,1.2239508195242514,沪深300 · 全收益指数
2025-11-11,1.2127710912682776,沪深300 · 全收益指数
2025-11-12,1.2112151941954246,沪深300 · 全收益指数
2025-11-13,1.2258579555807008,沪深300 · 全收益指数
2025-11-14,1.206592074652719,沪深300 · 全收益指数
2025-11-17,1.1987607691770434,沪深300 · 全收益指数
2025-11-18,1.1911871641938485,沪深300 · 全收益指数
2025-11-19,1.1964282261594834,沪深300 · 全收益指数
2025-11-20,1.1905184472773522,沪深300 · 全收益指数
2025-11-21,1.161529401471156,沪深300 · 全收益指数
2025-11-24,1.1601148400304833,沪深300 · 全收益指数
2025-11-25,1.1711871177613273,沪深300 · 全收益指数
2025-11-26,1.1783018914571055,沪深300 · 全收益指数
2025-11-27,1.177722122946617,沪深300 · 全收益指数
2025-11-28,1.180691270007255,沪深300 · 全收益指数
2025-12-01,1.1936868997322847,沪深300 · 全收益指数
2025-12-02,1.1879092585897817,沪深300 · 全收益指数
2025-12-03,1.1818355480966576,沪深300 · 全收益指数
2025-12-04,1.185885438670978,沪深300 · 全收益指数
2025-12-05,1.1957892827680106,沪深300 · 全收益指数
2025-12-08,1.2054968342679238,沪深300 · 全收益指数
2025-12-09,1.1993765140302688,沪深300 · 全收益指数
2025-12-10,1.197708239622788,沪深300 · 全收益指数
2025-12-11,1.1875227521569014,沪深300 · 全收益指数
2025-12-12,1.1951924122029698,沪深300 · 全收益指数
2025-12-15,1.1880338643364725,沪深300 · 全收益指数
2025-12-16,1.1738202138805982,沪深300 · 全收益指数
2025-12-17,1.1955093584657803,沪深300 · 全收益指数
2025-12-18,1.1886944644229327,沪深300 · 全收益指数
2025-12-19,1.193434728608737,沪深300 · 全收益指数
2025-12-22,1.2047848394061254,沪深300 · 全收益指数
2025-12-23,1.2072042573163433,沪深300 · 全收益指数
2025-12-24,1.2107034262894096,沪深300 · 全收益指数
2025-12-25,1.2131228973666364,沪深300 · 全收益指数
2025-12-26,1.2169652239379354,沪深300 · 全收益指数
2025-12-29,1.212301254410004,沪深300 · 全收益指数
2025-12-30,1.215413367557764,沪深300 · 全收益指数
2025-12-31,1.2098364673187978,沪深300 · 全收益指数
2026-01-05,1.2327873713608712,沪深300 · 全收益指数
2026-01-06,1.2518493390871144,沪深300 · 全收益指数
2026-01-07,1.2481897475256474,沪深300 · 全收益指数
2026-01-08,1.238005358844613,沪深300 · 全收益指数
2026-01-09,1.2436313676775317,沪深300 · 全收益指数
2026-01-12,1.251797979756449,沪深300 · 全收益指数
2026-01-13,1.2442641259736276,沪深300 · 全收益指数
2026-01-14,1.2395031266543248,沪深300 · 全收益指数
2026-01-15,1.2420168096714477,沪深300 · 全收益指数
2026-01-16,1.2375639663361386,沪深300 · 全收益指数
2026-01-19,1.238239470907447,沪深300 · 全收益指数
2026-01-20,1.2341653716217087,沪深300 · 全收益指数
2026-01-21,1.2352614804009836,沪深300 · 全收益指数
2026-01-22,1.235428850145223,沪深300 · 全收益指数
2026-01-23,1.2301758256025697,沪深300 · 全收益指数
2026-01-26,1.2313445073490896,沪深300 · 全收益指数
2026-01-27,1.231011717317606,沪深300 · 全收益指数
2026-01-28,1.2342292960888275,沪深300 · 全收益指数
2026-01-29,1.2436308537297784,沪深300 · 全收益指数
2026-01-30,1.231261814927804,沪深300 · 全收益指数
2026-02-02,1.2050058192177437,沪深300 · 全收益指数
2026-02-03,1.2191665153326832,沪深300 · 全收益指数
2026-02-04,1.2292679280350507,沪深300 · 全收益指数
2026-02-05,1.2219667330834851,沪深300 · 全收益指数
2026-02-06,1.215426730199352,沪深300 · 全收益指数
2026-02-09,1.2353158348064879,沪深300 · 全收益指数
2026-02-10,1.2367034228512763,沪深300 · 全收益指数
2026-02-11,1.233985348129334,沪深300 · 全收益指数
2026-02-12,1.2356556606054918,沪深300 · 全收益指数
2026-02-13,1.2201634321955555,沪深300 · 全收益指数
2026-02-24,1.2325049836538917,沪深300 · 全收益指数
2026-02-25,1.2399252904278881,沪深300 · 全收益指数
2026-02-26,1.237565844903789,沪深300 · 全收益指数
2026-02-27,1.2333173578286267,沪深300 · 全收益指数
2026-03-02,1.2380357703737441,沪深300 · 全收益指数
2026-03-03,1.2189828233166895,沪深300 · 全收益指数
2026-03-04,1.2050355395757582,沪深300 · 全收益指数
2026-03-05,1.2168348761542758,沪深300 · 全收益指数
2026-03-06,1.2201735693719324,沪深300 · 全收益指数
2026-03-09,1.208396102156438,沪深300 · 全收益指数
2026-03-10,1.223922038450062,沪深300 · 全收益指数
2026-03-11,1.2317083291914757,沪深300 · 全收益指数
2026-03-12,1.2272742892550061,沪深300 · 全收益指数
2026-03-13,1.2224516162052974,沪深300 · 全收益指数
2026-03-16,1.2230849770608283,沪深300 · 全收益指数
2026-03-17,1.214151891658254,沪深300 · 全收益指数
2026-03-18,1.2196220325432072,沪深300 · 全收益指数
2026-03-19,1.1999646120388292,沪深300 · 全收益指数
2026-03-20,1.1957145122310617,沪深300 · 全收益指数
2026-03-23,1.1566986293137473,沪深300 · 全收益指数
2026-03-24,1.171550142098579,沪深300 · 全收益指数
2026-03-25,1.1879772946389278,沪深300 · 全收益指数
2026-03-26,1.1722863633941316,沪深300 · 全收益指数
2026-03-27,1.1788410226504042,沪深300 · 全收益指数
2026-03-30,1.1760606007492755,沪深300 · 全收益指数
2026-03-31,1.1650903682309826,沪深300 · 全收益指数
2026-04-01,1.1849929063690514,沪深300 · 全收益指数
2026-04-02,1.1726475977754145,沪深300 · 全收益指数
2026-04-03,1.1626658640102399,沪深300 · 全收益指数
2026-04-07,1.1626383589442657,沪深300 · 全收益指数
2026-04-08,1.2032045918431638,沪深300 · 全收益指数
2026-04-09,1.1955248477877272,沪深300 · 全收益指数
2026-04-10,1.2139951553158086,沪深300 · 全收益指数
2026-04-13,1.2165058787027656,沪深300 · 全收益指数
2026-04-14,1.2309403849139038,沪深300 · 全收益指数
2026-04-15,1.2267992597521897,沪深300 · 全收益指数
2026-04-16,1.240247854671313,沪深300 · 全收益指数
2026-04-17,1.2382262145998768,沪深300 · 全收益指数
2026-04-20,1.2457598734369986,沪深300 · 全收益指数
2026-04-21,1.2485845302895908,沪深300 · 全收益指数
2026-04-22,1.2577502390787476,沪深300 · 全收益指数
2026-04-23,1.254265017584368,沪深300 · 全收益指数
2026-04-24,1.2498592802190072,沪深300 · 全收益指数
2026-04-27,1.2502728132147807,沪深300 · 全收益指数
2026-04-28,1.2469861350542337,沪深300 · 全收益指数
2026-04-29,1.260717046790991,沪深300 · 全收益指数
2026-04-30,1.2600412763846378,沪深300 · 全收益指数
2026-05-06,1.2783329427625783,沪深300 · 全收益指数
2026-05-07,1.2844706486121666,沪深300 · 全收益指数
2026-05-08,1.2770263457947884,沪深300 · 全收益指数
2026-05-11,1.2980312664191909,沪深300 · 全收益指数
2026-05-12,1.297085797498666,沪深300 · 全收益指数
2026-05-13,1.310811658369571,沪深300 · 全收益指数
2026-05-14,1.2888632005593028,沪深300 · 全收益指数
2026-05-15,1.2745737516709728,沪深300 · 全收益指数
2026-05-18,1.267761303310538,沪深300 · 全收益指数
2026-05-19,1.2729277365179144,沪深300 · 全收益指数
2026-05-20,1.2725359665511462,沪深300 · 全收益指数
2026-05-21,1.2548272941489051,沪深300 · 全收益指数
2026-05-22,1.2711792153715606,沪深300 · 全收益指数
2026-05-25,1.2912701773894217,沪深300 · 全收益指数
2026-05-26,1.298275302990366,沪深300 · 全收益指数
2026-05-27,1.2882489266599926,沪深300 · 全收益指数
2026-05-28,1.289950341836398,沪深300 · 全收益指数
2026-05-29,1.284461202606906,沪深300 · 全收益指数
2026-06-01,1.2719360300219213,沪深300 · 全收益指数
2026-06-02,1.2904252118381876,沪深300 · 全收益指数
2026-06-03,1.2968241449251852,沪深300 · 全收益指数
2026-06-04,1.2879964365343908,沪深300 · 全收益指数
2026-06-05,1.2654109316226365,沪深300 · 全收益指数
2026-06-08,1.2384000352745383,沪深300 · 全收益指数
2026-06-09,1.261601781264935,沪深300 · 全收益指数
2026-06-10,1.248881202199647,沪深300 · 全收益指数
2026-06-11,1.2421815742322477,沪深300 · 全收益指数
2026-06-12,1.2573384428719339,沪深300 · 全收益指数
2026-06-15,1.2876404834093325,沪深300 · 全收益指数
2026-06-16,1.2857076322428775,沪深300 · 全收益指数
2026-06-17,1.2982605402842087,沪深300 · 全收益指数
2026-06-18,1.3011141731566898,沪深300 · 全收益指数
2026-06-22,1.3322501027851201,沪深300 · 全收益指数
2026-06-23,1.2953374004086664,沪深300 · 全收益指数
2026-06-24,1.3016203053597537,沪深300 · 全收益指数
2026-06-25,1.3219953741512176,沪深300 · 全收益指数
2026-06-26,1.2838248821212093,沪深300 · 全收益指数
2026-06-29,1.30022507898801,沪深300 · 全收益指数
2026-06-30,1.314250128340729,沪深300 · 全收益指数
2026-07-01,1.3088998081716594,沪深300 · 全收益指数
2026-07-02,1.2703117956202046,沪深300 · 全收益指数
2026-07-03,1.2783913555831006,沪深300 · 全收益指数
2026-07-06,1.2784829268948843,沪深300 · 全收益指数
2026-07-07,1.2653597672376704,沪深300 · 全收益指数
2026-07-08,1.2556819892627809,沪深300 · 全收益指数
2026-07-09,1.2877720008671896,沪深300 · 全收益指数
2026-07-10,1.2640185585470407,沪深300 · 全收益指数
2026-07-13,1.2418956420580036,沪深300 · 全收益指数
2026-07-14,1.2686845306989767,沪深300 · 全收益指数
2026-07-15,1.266190572642182,沪深300 · 全收益指数
2026-07-16,1.243843752156033,沪深300 · 全收益指数
2026-07-17,1.1998523233158833,沪深300 · 全收益指数
2026-07-20,1.2183605743660335,沪深300 · 全收益指数
2026-07-21,1.2557038763481405,沪深300 · 全收益指数
2026-07-22,1.2499515604242437,沪深300 · 全收益指数
2026-07-23,1.2528351794897843,沪深300 · 全收益指数
2026-07-24,1.232072328257225,沪深300 · 全收益指数
2026-07-27,1.246203569849195,沪深300 · 全收益指数
2026-07-28,1.21112675973717,沪深300 · 全收益指数
2026-07-29,1.2193676638499555,沪深300 · 全收益指数
2026-07-30,1.206189370004439,沪深300 · 全收益指数
2026-07-31,1.216815434751329,沪深300 · 全收益指数
2026-08-03,1.2050070420589498,沪深300 · 全收益指数
2026-08-04,1.2203249358464718,沪深300 · 全收益指数
2026-08-05,1.2355028408993738,沪深300 · 全收益指数
2026-08-06,1.2336872938770445,沪深300 · 全收益指数
2026-08-07,1.2454166803940931,沪深300 · 全收益指数
2026-08-10,1.2476030495816564,沪深300 · 全收益指数
2026-08-11,1.2376125078153288,沪深300 · 全收益指数
2026-08-12,1.2448112853852809,沪深300 · 全收益指数
2026-08-13,1.237878006135792,沪深300 · 全收益指数
2026-08-14,1.238457650589926,沪深300 · 全收益指数
2026-08-17,1.2584223586838181,沪深300 · 全收益指数
2026-08-18,1.254365361452632,沪深300 · 全收益指数
2026-08-19,1.2181346145779084,沪深300 · 全收益指数
2026-08-20,1.2192348526615469,沪深300 · 全收益指数
2026-08-21,1.2267729952497581,沪深300 · 全收益指数
2026-08-24,1.2119927617016202,沪深300 · 全收益指数
2026-08-25,1.209046122008113,沪深300 · 全收益指数
2026-08-26,1.2193602204686995,沪深300 · 全收益指数
2026-08-27,1.2302703033775104,沪深300 · 全收益指数
2026-08-28,1.2248308044120608,沪深300 · 全收益指数
2026-08-31,1.2290802662157208,沪深300 · 全收益指数
2026-09-01,1.225496827533436,沪深300 · 全收益指数
2026-09-02,1.208625996303227,沪深300 · 全收益指数
2026-09-03,1.209868190300817,沪深300 · 全收益指数
2026-09-04,1.2087839732092152,沪深300 · 全收益指数
2026-09-07,1.2159532785338611,沪深300 · 全收益指数
2026-09-08,1.211665412427388,沪深300 · 全收益指数
2026-09-09,1.2153897791281174,沪深300 · 全收益指数
2026-09-10,1.2095569683526393,沪深300 · 全收益指数
2026-09-11,1.1994824936014836,沪深300 · 全收益指数
2026-09-14,1.191484456385676,沪深300 · 全收益指数
2026-09-15,1.183679043243369,沪深300 · 全收益指数
2026-09-16,1.1919796007402195,沪深300 · 全收益指数
2026-09-17,1.1867396198371003,沪深300 · 全收益指数
2026-09-18,1.1993870233757087,沪深300 · 全收益指数
2025-01-02,0.972296476306197,沪深300ETF · 复权未扣费
2025-01-03,0.9630619684082624,沪深300ETF · 复权未扣费
2025-01-06,0.9582017010935602,沪深300ETF · 复权未扣费
2025-01-07,0.9654921020656135,沪深300ETF · 复权未扣费
2025-01-08,0.9630619684082624,沪深300ETF · 复权未扣费
2025-01-09,0.9616038882138518,沪深300ETF · 复权未扣费
2025-01-10,0.9516403402187121,沪深300ETF · 复权未扣费
2025-01-13,0.9473967255621996,沪深300ETF · 复权未扣费
2025-01-14,0.9713720666473896,沪深300ETF · 复权未扣费
2025-01-15,0.9656871919570867,沪深300ETF · 复权未扣费
2025-01-16,0.9666758658162697,沪深300ETF · 复权未扣费
2025-01-17,0.9698890558586148,沪深300ETF · 复权未扣费
2025-01-20,0.974090919760143,沪深300ETF · 复权未扣费
2025-01-21,0.975326762084122,沪深300ETF · 复权未扣费
2025-01-22,0.9669230342810656,沪深300ETF · 复权未扣费
2025-01-23,0.9698890558586148,沪深300ETF · 复权未扣费
2025-01-24,0.9770569413376923,沪深300ETF · 复权未扣费
2025-01-27,0.9728550774361642,沪深300ETF · 复权未扣费
2025-02-05,0.9669230342810656,沪深300ETF · 复权未扣费
2025-02-06,0.9780456151968755,沪深300ETF · 复权未扣费
2025-02-07,0.9918870492254387,沪深300ETF · 复权未扣费
2025-02-10,0.9931228915494176,沪深300ETF · 复权未扣费
2025-02-11,0.9889210276478896,沪深300ETF · 复权未扣费
2025-02-12,0.9980662608453331,沪深300ETF · 复权未扣费
2025-02-13,0.9958417446621711,沪深300ETF · 复权未扣费
2025-02-14,1.0032567986060443,沪深300ETF · 复权未扣费
2025-02-17,1.005481314789206,沪深300ETF · 复权未扣费
2025-02-18,0.9978190923805372,沪深300ETF · 复权未扣费
2025-02-19,1.0035039670708399,沪深300ETF · 复权未扣费
2025-02-20,1.0005379454932908,沪深300ETF · 复权未扣费
2025-02-21,1.0136378741274668,沪深300ETF · 复权未扣费
2025-02-24,1.0104246840851216,沪深300ETF · 复权未扣费
2025-02-25,1.0002907770284948,沪深300ETF · 复权未扣费
2025-02-26,1.0082001679019599,沪深300ETF · 复权未扣费
2025-02-27,1.0119076948738965,沪深300ETF · 复权未扣费
2025-02-28,0.9931228915494176,沪深300ETF · 复权未扣费
2025-03-03,0.9894153645774809,沪深300ETF · 复权未扣费
2025-03-04,0.9889210276478896,沪深300ETF · 复权未扣费
2025-03-05,0.9938643969438049,沪深300ETF · 复权未扣费
2025-03-06,1.0074586625075723,沪深300ETF · 复权未扣费
2025-03-07,1.004739809394819,沪深300ETF · 复权未扣费
2025-03-10,1.0007851139580866,沪深300ETF · 复权未扣费
2025-03-11,1.0039983040004317,沪深300ETF · 复权未扣费
2025-03-12,1.0010322824228823,沪深300ETF · 复权未扣费
2025-03-13,0.9958417446621711,沪深300ETF · 复权未扣费
2025-03-14,1.02105292807134,沪深300ETF · 复权未扣费
2025-03-17,1.017839738028995,沪深300ETF · 复权未扣费
2025-03-18,1.0203114226769527,沪深300ETF · 复权未扣费
2025-03-19,1.0217944334657274,沪深300ETF · 复权未扣费
2025-03-20,1.0131435371978754,沪深300ETF · 复权未扣费
2025-03-21,0.9975719239157413,沪深300ETF · 复权未扣费
2025-03-24,1.002515293211657,沪深300ETF · 复权未扣费
2025-03-25,1.002268124746861,沪深300ETF · 复权未扣费
2025-03-26,0.9983134293101287,沪深300ETF · 复权未扣费
2025-03-27,1.0015266193524737,沪深300ETF · 复权未扣费
2025-03-28,0.99707758698615,沪深300ETF · 复权未扣费
2025-03-31,0.9911455438310512,沪深300ETF · 复权未扣费
2025-04-01,0.9901568699718685,沪深300ETF · 复权未扣费
2025-04-02,0.9894153645774809,沪深300ETF · 复权未扣费
2025-04-03,0.9842248268167697,沪深300ETF · 复权未扣费
2025-04-07,0.9083441081244673,沪深300ETF · 复权未扣费
2025-04-08,0.9278704168433334,沪深300ETF · 复权未扣费
2025-04-09,0.9365213131111855,沪深300ETF · 复权未扣费
2025-04-10,0.9520929263933192,沪深300ETF · 复权未扣费
2025-04-11,0.9548117795060727,沪深300ETF · 复权未扣费
2025-04-14,0.9570362956892345,沪深300ETF · 复权未扣费
2025-04-15,0.9572834641540304,沪深300ETF · 复权未扣费
2025-04-16,0.960002317266784,沪深300ETF · 复权未扣费
2025-04-17,0.9604966541963755,沪深300ETF · 复权未扣费
2025-04-18,0.9622268334499459,沪深300ETF · 复权未扣费
2025-04-21,0.9639570127035163,沪深300ETF · 复权未扣费
2025-04-22,0.9649456865626995,沪深300ETF · 复权未扣费
2025-04-23,0.9656871919570867,沪深300ETF · 复权未扣费
2025-04-24,0.9654400234922911,沪深300ETF · 复权未扣费
2025-04-25,0.9656871919570867,沪深300ETF · 复权未扣费
2025-04-28,0.964204181168312,沪深300ETF · 复权未扣费
2025-04-29,0.9622268334499459,沪深300ETF · 复权未扣费
2025-04-30,0.960990991125967,沪深300ETF · 复权未扣费
2025-05-06,0.9708777297177981,沪深300ETF · 复权未扣费
2025-05-07,0.9765626044081008,沪深300ETF · 复权未扣费
2025-05-08,0.9832361529575867,沪深300ETF · 复权未扣费
2025-05-09,0.9817531421688119,沪深300ETF · 复权未扣费
2025-05-12,0.9928757230846219,沪深300ETF · 复权未扣费
2025-05-13,0.9938643969438049,沪深300ETF · 复权未扣费
2025-05-14,1.0062228201835937,沪深300ETF · 复权未扣费
2025-05-15,0.9975719239157413,沪深300ETF · 复权未扣费
2025-05-16,0.9921342176902346,沪深300ETF · 复权未扣费
2025-05-19,0.9908983753662557,沪深300ETF · 复权未扣费
2025-05-20,0.9953474077325795,沪深300ETF · 复权未扣费
2025-05-21,0.9997964400989034,沪深300ETF · 复权未扣费
2025-05-22,0.9995492716341076,沪深300ETF · 复权未扣费
2025-05-23,0.9916398807606428,沪深300ETF · 复权未扣费
2025-05-26,0.9866965114647275,沪深300ETF · 复权未扣费
2025-05-27,0.9812588052392205,沪深300ETF · 复权未扣费
2025-05-28,0.9800229629152416,沪深300ETF · 复权未扣费
2025-05-29,0.986202174535136,沪深300ETF · 复权未扣费
2025-05-30,0.9847191637463613,沪深300ETF · 复权未扣费
2025-06-03,0.9837304898871781,沪深300ETF · 复权未扣费
2025-06-04,0.9884266907182979,沪深300ETF · 复权未扣费
2025-06-05,0.9911455438310512,沪深300ETF · 复权未扣费
2025-06-06,0.9913927122958471,沪深300ETF · 复权未扣费
2025-06-09,0.9941115654086008,沪深300ETF · 复权未扣费
2025-06-10,0.9876851853239105,沪深300ETF · 复权未扣费
2025-06-11,0.9958417446621711,沪深300ETF · 复权未扣费
2025-06-12,0.9965832500565583,沪深300ETF · 复权未扣费
2025-06-13,0.9896625330422767,沪深300ETF · 复权未扣费
2025-06-16,0.9923813861550301,沪深300ETF · 复权未扣费
2025-06-17,0.9921342176902346,沪深300ETF · 复权未扣费
2025-06-18,0.9928757230846219,沪深300ETF · 复权未扣费
2025-06-19,0.984966332211157,沪深300ETF · 复权未扣费
2025-06-20,0.9864493429999318,沪深300ETF · 复权未扣费
2025-06-23,0.9901568699718685,沪深300ETF · 复权未扣费
2025-06-24,1.0012794508876783,沪深300ETF · 复权未扣费
2025-06-25,1.0180869064937907,沪深300ETF · 复权未扣费
2025-06-26,1.0138850425922625,沪深300ETF · 复权未扣费
2025-06-27,1.0084473363667554,沪深300ETF · 复权未扣费
2025-06-30,1.0131435371978754,沪深300ETF · 复权未扣费
2025-07-01,1.0143793795218543,沪深300ETF · 复权未扣费
2025-07-02,1.015368053381037,沪深300ETF · 复权未扣费
2025-07-03,1.0215472650009314,沪深300ETF · 复权未扣费
2025-07-04,1.0250076235080725,沪深300ETF · 复权未扣费
2025-07-07,1.02105292807134,沪深300ETF · 复权未扣费
2025-07-08,1.0299509928039878,沪深300ETF · 复权未扣费
2025-07-09,1.0289623189448047,沪深300ETF · 复权未扣费
2025-07-10,1.03390568824072,沪深300ETF · 复权未扣费
2025-07-11,1.0381075521422485,沪深300ETF · 复权未扣费
2025-07-14,1.0374115930260257,沪深300ETF · 复权未扣费
2025-07-15,1.0379131214732225,沪深300ETF · 复权未扣费
2025-07-16,1.0349039507900433,沪深300ETF · 复权未扣费
2025-07-17,1.0439314628395808,沪深300ETF · 复权未扣费
2025-07-18,1.0509528611003323,沪深300ETF · 复权未扣费
2025-07-21,1.0577234951374854,沪深300ETF · 复权未扣费
2025-07-22,1.068506356752211,沪深300ETF · 复权未扣费
2025-07-23,1.067754064081416,沪深300ETF · 复权未扣费
2025-07-24,1.0745246981185694,沪深300ETF · 复权未扣费
2025-07-25,1.0690078851994074,沪深300ETF · 复权未扣费
2025-07-28,1.0720170558825868,沪深300ETF · 复权未扣费
2025-07-29,1.0770323403545519,沪深300ETF · 复权未扣费
2025-07-30,1.076280047683757,沪深300ETF · 复权未扣费
2025-07-31,1.057221966690289,沪深300ETF · 复权未扣费
2025-08-01,1.051705153771127,沪深300ETF · 复权未扣费
2025-08-04,1.055466617125101,沪深300ETF · 复权未扣费
2025-08-05,1.0632403080566473,沪深300ETF · 复权未扣费
2025-08-06,1.0665002429634247,沪深300ETF · 复权未扣费
2025-08-07,1.0662494787398265,沪深300ETF · 复权未扣费
2025-08-08,1.0642433649510403,沪深300ETF · 复权未扣费
2025-08-11,1.0690078851994074,沪深300ETF · 复权未扣费
2025-08-12,1.0752769907893642,沪深300ETF · 复权未扣费
2025-08-13,1.0843045028389018,沪深300ETF · 复权未扣费
2025-08-14,1.0822983890501154,沪深300ETF · 复权未扣费
2025-08-15,1.0925797222176445,沪深300ETF · 复权未扣费
2025-08-18,1.100604177372789,沪深300ETF · 复权未扣费
2025-08-19,1.0953381286772255,沪深300ETF · 复权未扣费
2025-08-20,1.10913016097513,沪深300ETF · 复权未扣费
2025-08-21,1.1131423885527023,沪深300ETF · 复权未扣费
2025-08-22,1.1389711035833237,沪深300ETF · 复权未扣费
2025-08-25,1.1612891194835693,沪深300ETF · 复权未扣费
2025-08-26,1.1557723065644074,沪深300ETF · 复权未扣费
2025-08-27,1.139221867806922,沪深300ETF · 复权未扣费
2025-08-28,1.1587814772475868,沪深300ETF · 复权未扣费
2025-08-29,1.1703166315331068,沪深300ETF · 复权未扣费
2025-09-01,1.174328859110679,沪深300ETF · 复权未扣费
2025-09-02,1.1660536397319363,沪深300ETF · 复权未扣费
2025-09-03,1.1580291845767918,沪深300ETF · 复权未扣费
2025-09-04,1.1332035264405635,沪深300ETF · 复权未扣费
2025-09-05,1.15827994880039,沪深300ETF · 复权未扣费
2025-09-08,1.15827994880039,沪深300ETF · 复权未扣费
2025-09-09,1.1512585505396387,沪深300ETF · 复权未扣费
2025-09-10,1.1550200138936126,沪深300ETF · 复权未扣费
2025-09-11,1.1848609565018062,沪深300ETF · 复权未扣费
2025-09-12,1.1765857371230635,沪深300ETF · 复权未扣费
2025-09-15,1.1783410866882513,沪深300ETF · 复权未扣费
2025-09-16,1.1748303875578754,沪深300ETF · 复权未扣费
2025-09-17,1.1831056069366184,沪深300ETF · 复权未扣费
2025-09-18,1.169564338862312,沪深300ETF · 复权未扣费
2025-09-19,1.1708181599803034,沪深300ETF · 复权未扣费
2025-09-22,1.174328859110679,沪深300ETF · 复权未扣费
2025-09-23,1.1745796233342776,沪深300ETF · 复权未扣费
2025-09-24,1.1863655418433958,沪深300ETF · 复权未扣费
2025-09-25,1.1941392327749418,沪深300ETF · 复权未扣费
2025-09-26,1.18285484271302,沪深300ETF · 复权未扣费
2025-09-29,1.20166215948289,沪深300ETF · 复权未扣费
2025-09-30,1.2064266797312573,沪深300ETF · 复权未扣费
2025-10-09,1.2247324680539307,沪深300ETF · 复权未扣费
2025-10-10,1.1999068099177024,沪深300ETF · 复权未扣费
2025-10-13,1.1936377043277455,沪深300ETF · 复权未扣费
2025-10-14,1.1823533142658236,沪深300ETF · 复权未扣费
2025-10-15,1.1976499319053178,沪深300ETF · 复权未扣费
2025-10-16,1.2009098668120952,沪深300ETF · 复权未扣费
2025-10-17,1.1768365013466617,沪深300ETF · 复权未扣费
2025-10-20,1.180597964700636,沪深300ETF · 复权未扣费
2025-10-21,1.197900696128916,沪深300ETF · 复权未扣费
2025-10-22,1.1943899969985403,沪深300ETF · 复权未扣费
2025-10-23,1.1991545172469074,沪深300ETF · 复权未扣费
2025-10-24,1.21470189911,沪深300ETF · 复权未扣费
2025-10-27,1.227992402960708,沪深300ETF · 复权未扣费
2025-10-28,1.2214725331471532,沪深300ETF · 复权未扣费
2025-10-29,1.236518386563049,沪深300ETF · 复权未扣费
2025-10-30,1.2274908745135114,沪深300ETF · 复权未扣费
2025-10-31,1.2104389073088293,沪深300ETF · 复权未扣费
2025-11-03,1.2116927284268206,沪深300ETF · 复权未扣费
2025-11-04,1.2024144521536848,沪深300ETF · 复权未扣费
2025-11-05,1.2049220943896675,沪深300ETF · 复权未扣费
2025-11-06,1.2222248258179478,沪深300ETF · 复权未扣费
2025-11-07,1.219466419358367,沪深300ETF · 复权未扣费
2025-11-10,1.2222248258179478,沪深300ETF · 复权未扣费
2025-11-11,1.2109404357560258,沪深300ETF · 复权未扣费
2025-11-12,1.212695785321214,沪深300ETF · 复权未扣费
2025-11-13,1.224230939606734,沪深300ETF · 复权未扣费
2025-11-14,1.2051728586132657,沪深300ETF · 复权未扣费
2025-11-17,1.1986529887997108,沪深300ETF · 复权未扣费
2025-11-18,1.1913808263153614,沪深300ETF · 复权未扣费
2025-11-19,1.1963961107873264,沪深300ETF · 复权未扣费
2025-11-20,1.190377769420968,沪深300ETF · 复权未扣费
2025-11-21,1.1607875910363727,沪深300ETF · 复权未扣费
2025-11-24,1.1590322414711849,沪深300ETF · 复权未扣费
2025-11-25,1.1693135746387138,沪深300ETF · 复权未扣费
2025-11-26,1.1765857371230635,沪深300ETF · 复权未扣费
2025-11-27,1.1753319160050721,沪深300ETF · 复权未扣费
2025-11-28,1.1785918509118496,沪深300ETF · 复权未扣费
2025-12-01,1.1926346474333525,沪深300ETF · 复权未扣费
2025-12-02,1.186616306066994,沪深300ETF · 复权未扣费
2025-12-03,1.1821025500422253,沪深300ETF · 复权未扣费
2025-12-04,1.1843594280546097,沪深300ETF · 复权未扣费
2025-12-05,1.1943899969985403,沪深300ETF · 复权未扣费
2025-12-08,1.2036682732716764,沪深300ETF · 复权未扣费
2025-12-09,1.1976499319053178,沪深300ETF · 复权未扣费
2025-12-10,1.19589458234013,沪深300ETF · 复权未扣费
2025-12-11,1.1868670702905924,沪深300ETF · 复权未扣费
2025-12-12,1.193136175880549,沪深300ETF · 复权未扣费
2025-12-15,1.186616306066994,沪深300ETF · 复权未扣费
2025-12-16,1.1745796233342776,沪深300ETF · 复权未扣费
2025-12-17,1.1948915254457368,沪深300ETF · 复权未扣费
2025-12-18,1.1871178345141906,沪深300ETF · 复权未扣费
2025-12-19,1.1923838832097542,沪深300ETF · 复权未扣费
2025-12-22,1.2036682732716764,沪深300ETF · 复权未扣费
2025-12-23,1.2061759155076588,沪深300ETF · 复权未扣费
2025-12-24,1.2106896715324276,沪深300ETF · 复权未扣费
2025-12-25,1.2119434926504191,沪深300ETF · 复权未扣费
2025-12-26,1.2162064844515894,沪深300ETF · 复权未扣费
2025-12-29,1.2106896715324276,沪深300ETF · 复权未扣费
2025-12-30,1.213949606439205,沪深300ETF · 复权未扣费
2025-12-31,1.2094358504144365,沪深300ETF · 复权未扣费
2026-01-05,1.2322553947618786,沪深300ETF · 复权未扣费
2026-01-06,1.2513134757553468,沪深300ETF · 复权未扣费
2026-01-07,1.2462981912833813,沪深300ETF · 复权未扣费
2026-01-08,1.236518386563049,沪深300ETF · 复权未扣费
2026-01-09,1.2425367279294075,沪深300ETF · 复权未扣费
2026-01-12,1.2528180610969364,沪深300ETF · 复权未扣费
2026-01-13,1.2445428417181936,沪深300ETF · 复权未扣费
2026-01-14,1.2377722076810405,沪深300ETF · 复权未扣费
2026-01-15,1.23927679302263,沪深300ETF · 复权未扣费
2026-01-16,1.2380229719046387,沪深300ETF · 复权未扣费
2026-01-19,1.2362676223394506,沪深300ETF · 复权未扣费
2026-01-20,1.2332584516562715,沪深300ETF · 复权未扣费
2026-01-21,1.2335092158798697,沪深300ETF · 复权未扣费
2026-01-22,1.2332584516562715,沪深300ETF · 复权未扣费
2026-01-23,1.227240110289913,沪深300ETF · 复权未扣费
2026-01-26,1.2305000451966905,沪深300ETF · 复权未扣费
2026-01-27,1.2289954598551012,沪深300ETF · 复权未扣费
2026-01-28,1.2322553947618786,沪深300ETF · 复权未扣费
2026-01-29,1.2442920774945951,沪深300ETF · 复权未扣费
2026-01-30,1.2284939314079046,沪深300ETF · 复权未扣费
2026-02-02,1.203417509048078,沪深300ETF · 复权未扣费
2026-02-03,1.2167080128987862,沪深300ETF · 复权未扣费
2026-02-04,1.227992402960708,沪深300ETF · 复权未扣费
2026-02-05,1.2209710046999565,沪深300ETF · 复权未扣费
2026-02-06,1.2134480779920087,沪深300ETF · 复权未扣费
2026-02-09,1.2340107443270665,沪深300ETF · 复权未扣费
2026-02-10,1.2352645654450578,沪深300ETF · 复权未扣费
2026-02-11,1.2335092158798697,沪深300ETF · 复权未扣费
2026-02-12,1.2335092158798697,沪深300ETF · 复权未扣费
2026-02-13,1.2192156551347688,沪深300ETF · 复权未扣费
2026-02-24,1.2315031020910836,沪深300ETF · 复权未扣费
2026-02-25,1.2380229719046387,沪深300ETF · 复权未扣费
2026-02-26,1.2355153296686558,沪深300ETF · 复权未扣费
2026-02-27,1.2330076874326732,沪深300ETF · 复权未扣费
2026-03-02,1.236518386563049,沪深300ETF · 复权未扣费
2026-03-03,1.2207202404763584,沪深300ETF · 复权未扣费
2026-03-04,1.2026652163772833,沪深300ETF · 复权未扣费
2026-03-05,1.2157049560043929,沪深300ETF · 复权未扣费
2026-03-06,1.2189648909111703,沪深300ETF · 复权未扣费
2026-03-09,1.2076805008492484,沪深300ETF · 复权未扣费
2026-03-10,1.2224755900415463,沪深300ETF · 复权未扣费
2026-03-11,1.229998516749494,沪深300ETF · 复权未扣费
2026-03-12,1.2247324680539307,沪深300ETF · 复权未扣费
2026-03-13,1.22046947625276,沪深300ETF · 复权未扣费
2026-03-16,1.22046947625276,沪深300ETF · 复权未扣费
2026-03-17,1.2124450210976156,沪深300ETF · 复权未扣费
2026-03-18,1.2187141266875723,沪深300ETF · 复权未扣费
2026-03-19,1.2001575741413004,沪深300ETF · 复权未扣费
2026-03-20,1.193888468551344,沪深300ETF · 复权未扣费
2026-03-23,1.1570261276823988,沪深300ETF · 复权未扣费
2026-03-24,1.168812046191517,沪深300ETF · 复权未扣费
2026-03-25,1.1868670702905924,沪深300ETF · 复权未扣费
2026-03-26,1.1713196884275001,沪深300ETF · 复权未扣费
2026-03-27,1.1775887940174565,沪深300ETF · 复权未扣费
2026-03-30,1.1750811517814739,沪深300ETF · 复权未扣费
2026-03-31,1.1653013470611417,沪深300ETF · 复权未扣费
2026-04-01,1.18285484271302,沪深300ETF · 复权未扣费
2026-04-02,1.1710689242039016,沪深300ETF · 复权未扣费
2026-04-03,1.1625429406015606,沪深300ETF · 复权未扣费
2026-04-07,1.160035298365578,沪深300ETF · 复权未扣费
2026-04-08,1.2009098668120952,沪深300ETF · 复权未扣费
2026-04-09,1.1936377043277455,沪深300ETF · 复权未扣费
2026-04-10,1.2121942568740172,沪深300ETF · 复权未扣费
2026-04-13,1.2144511348864016,沪深300ETF · 复权未扣费
2026-04-14,1.2302492809730923,沪深300ETF · 复权未扣费
2026-04-15,1.2244817038303322,沪深300ETF · 复权未扣费
2026-04-16,1.2387752645754335,沪深300ETF · 复权未扣费
2026-04-17,1.2362676223394506,沪深300ETF · 复权未扣费
2026-04-20,1.2442920774945951,沪深300ETF · 复权未扣费
2026-04-21,1.2565795244509104,沪深300ETF · 复权未扣费
2026-04-22,1.2568302886745084,沪深300ETF · 复权未扣费
2026-04-23,1.2518150042025433,沪深300ETF · 复权未扣费
2026-04-24,1.2475520124013726,沪深300ETF · 复权未扣费
2026-04-27,1.2480535408485693,沪深300ETF · 复权未扣费
2026-04-28,1.2450443701653902,沪深300ETF · 复权未扣费
2026-04-29,1.2580841097925,沪深300ETF · 复权未扣费
2026-04-30,1.2585856382396965,沪深300ETF · 复权未扣费
2026-05-06,1.2756376054443785,沪深300ETF · 复权未扣费
2026-05-07,1.2819067110343352,沪深300ETF · 复权未扣费
2026-05-08,1.2753868412207803,沪深300ETF · 复权未扣费
2026-05-11,1.2964510360030346,沪深300ETF · 复权未扣费
2026-05-12,1.2951972148850432,沪深300ETF · 复权未扣费
2026-05-13,1.3104938325245374,沪深300ETF · 复权未扣费
2026-05-14,1.2889281092950866,沪深300ETF · 复权未扣费
2026-05-15,1.2736314916555924,沪深300ETF · 复权未扣费
2026-05-18,1.2658578007240462,沪深300ETF · 复权未扣费
2026-05-19,1.2701207925252167,沪深300ETF · 复权未扣费
2026-05-20,1.2713746136432083,沪深300ETF · 复权未扣费
2026-05-21,1.255576467556517,沪深300ETF · 复权未扣费
2026-05-22,1.2698700283016184,沪深300ETF · 复权未扣费
2026-05-25,1.2889281092950866,沪深300ETF · 复权未扣费
2026-05-26,1.2992094424626155,沪深300ETF · 复权未扣费
2026-05-27,1.2851666459411126,沪深300ETF · 复权未扣费
2026-05-28,1.287674288177095,沪深300ETF · 复权未扣费
2026-05-29,1.2849158817175141,沪深300ETF · 复权未扣费
2026-06-01,1.2726284347611994,沪深300ETF · 复权未扣费
2026-06-02,1.2894296377422831,沪深300ETF · 复权未扣费
2026-06-03,1.296952564450231,沪深300ETF · 复权未扣费
2026-06-04,1.286420467059104,沪深300ETF · 复权未扣费
2026-06-05,1.2633501584880635,沪深300ETF · 复权未扣费
2026-06-08,1.2390260287990318,沪深300ETF · 复权未扣费
2026-06-09,1.260090223581286,沪深300ETF · 复权未扣费
2026-06-10,1.2473012481777745,沪深300ETF · 复权未扣费
2026-06-11,1.2407813783642196,沪深300ETF · 复权未扣费
2026-06-12,1.2568302886745084,沪深300ETF · 复权未扣费
2026-06-15,1.2834112963759248,沪深300ETF · 复权未扣费
2026-06-16,1.2821574752579334,沪深300ETF · 复权未扣费
2026-06-17,1.2951972148850432,沪深300ETF · 复权未扣费
2026-06-18,1.3017170846985981,沪深300ETF · 复权未扣费
2026-06-22,1.3295519135180056,沪深300ETF · 复权未扣费
2026-06-23,1.2914357515310693,沪深300ETF · 复权未扣费
2026-06-24,1.2979556213446242,沪深300ETF · 复权未扣费
2026-06-25,1.3187690519032804,沪深300ETF · 复权未扣费
2026-06-26,1.2819067110343352,沪深300ETF · 复权未扣费
2026-06-29,1.2979556213446242,沪深300ETF · 复权未扣费
2026-06-30,1.3114968894189307,沪深300ETF · 复权未扣费
2026-07-01,1.306230840723367,沪深300ETF · 复权未扣费
2026-07-02,1.268616207183627,沪深300ETF · 复权未扣费
2026-07-03,1.277894483456763,沪深300ETF · 复权未扣费
2026-07-06,1.2746345485499855,沪深300ETF · 复权未扣费
2026-07-07,1.2628486300408668,沪深300ETF · 复权未扣费
2026-07-08,1.255325703332919,沪深300ETF · 复权未扣费
2026-07-09,1.2859189386119074,沪深300ETF · 复权未扣费
2026-07-10,1.2641024511588583,沪深300ETF · 复权未扣费
2026-07-13,1.2387752645754335,沪深300ETF · 复权未扣费
2026-07-14,1.2671116218420375,沪深300ETF · 复权未扣费
2026-07-15,1.2683654429600286,沪深300ETF · 复权未扣费
2026-07-16,1.2432890206002023,沪深300ETF · 复权未扣费
2026-07-17,1.2041698017188727,沪深300ETF · 复权未扣费
2026-07-20,1.2152034275571966,沪深300ETF · 复权未扣费
2026-07-21,1.2500596546373555,沪深300ETF · 复权未扣费
2026-07-22,1.2452951343889884,沪深300ETF · 复权未扣费
2026-07-23,1.2508119473081503,沪深300ETF · 复权未扣费
2026-07-24,1.2282431671843062,沪深300ETF · 复权未扣费
2026-07-27,1.2430382563766038,沪深300ETF · 复权未扣费
2026-07-28,1.2086835577436417,沪深300ETF · 复权未扣费
2026-07-29,1.2172095413459825,沪深300ETF · 复权未扣费
2026-07-30,1.2029159806008813,沪深300ETF · 复权未扣费
2026-07-31,1.2162064844515894,沪深300ETF · 复权未扣费
2026-08-03,1.2031667448244798,沪深300ETF · 复权未扣费
2026-08-04,1.217711069793179,沪深300ETF · 复权未扣费
2026-08-05,1.2322553947618786,沪深300ETF · 复权未扣费
2026-08-06,1.2320046305382804,沪深300ETF · 复权未扣费
2026-08-07,1.2425367279294075,沪深300ETF · 复权未扣费
2026-08-10,1.244041313270997,沪深300ETF · 复权未扣费
2026-08-11,1.2360168581158526,沪深300ETF · 复权未扣费
2026-08-12,1.2417844352586127,沪深300ETF · 复权未扣费
2026-08-13,1.2355153296686558,沪深300ETF · 复权未扣费
2026-08-14,1.2352645654450578,沪深300ETF · 复权未扣费
2026-08-17,1.2548241748857225,沪深300ETF · 复权未扣费
2026-08-18,1.251564239978945,沪深300ETF · 复权未扣费
2026-08-19,1.2157049560043929,沪深300ETF · 复权未扣费
2026-08-20,1.2162064844515894,沪深300ETF · 复权未扣费
2026-08-21,1.2239801753831356,沪深300ETF · 复权未扣费
2026-08-24,1.2096866146380345,沪深300ETF · 复权未扣费
2026-08-25,1.2069282081784536,沪深300ETF · 复权未扣费
2026-08-26,1.2169587771223842,沪深300ETF · 复权未扣费
2026-08-27,1.2274908745135114,沪深300ETF · 复权未扣费
2026-08-28,1.223478646935939,沪深300ETF · 复权未扣费
2026-08-31,1.2247324680539307,沪深300ETF · 复权未扣费
2026-09-01,1.223478646935939,沪深300ETF · 复权未扣费
2026-09-02,1.2079312650728466,沪深300ETF · 复权未扣费
2026-09-03,1.2084327935200432,沪深300ETF · 复权未扣费
2026-09-04,1.2066774439548555,沪深300ETF · 复权未扣费
2026-09-07,1.212946549544812,沪深300ETF · 复权未扣费
2026-09-08,1.2094358504144365,沪深300ETF · 复权未扣费
2026-09-09,1.212946549544812,沪深300ETF · 复权未扣费
2026-09-10,1.2076805008492484,沪深300ETF · 复权未扣费
2026-09-11,1.196646875010925,沪深300ETF · 复权未扣费
2026-09-14,1.19012700519737,沪深300ETF · 复权未扣费
2026-09-15,1.1816010215950288,沪深300ETF · 复权未扣费
2026-09-16,1.1893747125265752,沪深300ETF · 复权未扣费
2026-09-17,1.1853624849490028,沪深300ETF · 复权未扣费
2026-09-18,1.1981514603525143,沪深300ETF · 复权未扣费
2025-01-02,0.9872826143079999,V2原预选 · 扣费
2025-01-03,0.983903201459,V2原预选 · 扣费
2025-01-06,0.9862980794,V2原预选 · 扣费
2025-01-07,0.986847167928,V2原预选 · 扣费
2025-01-08,0.987778016599,V2原预选 · 扣费
2025-01-09,0.983138420777,V2原预选 · 扣费
2025-01-10,0.978537907892,V2原预选 · 扣费
2025-01-13,0.9746038291129999,V2原预选 · 扣费
2025-01-14,0.981282501458,V2原预选 · 扣费
2025-01-15,0.9825642022290001,V2原预选 · 扣费
2025-01-16,0.98587364827,V2原预选 · 扣费
2025-01-17,0.984936171875,V2原预选 · 扣费
2025-01-20,0.984000707986,V2原预选 · 扣费
2025-01-21,0.9823428672400001,V2原预选 · 扣费
2025-01-22,0.977335076202,V2原预选 · 扣费
2025-01-23,0.984168549622,V2原预选 · 扣费
2025-01-24,0.986340723427,V2原预选 · 扣费
2025-01-27,0.991604260643,V2原预选 · 扣费
2025-02-05,0.983735963883,V2原预选 · 扣费
2025-02-06,0.984315959209,V2原预选 · 扣费
2025-02-07,0.987370862803,V2原预选 · 扣费
2025-02-10,0.9862626055939999,V2原预选 · 扣费
2025-02-11,0.987098872204,V2原预选 · 扣费
2025-02-12,0.988066014903,V2原预选 · 扣费
2025-02-13,0.989412410045,V2原预选 · 扣费
2025-02-14,0.9911352932299999,V2原预选 · 扣费
2025-02-17,0.9897939427,V2原预选 · 扣费
2025-02-18,0.990212631173,V2原预选 · 扣费
2025-02-19,0.98822842579,V2原预选 · 扣费
2025-02-20,0.985913780887,V2原预选 · 扣费
2025-02-21,0.9831139689589999,V2原预选 · 扣费
2025-02-24,0.984654247671,V2原预选 · 扣费
2025-02-25,0.980421578105,V2原预选 · 扣费
2025-02-26,0.986081285956,V2原预选 · 扣费
2025-02-27,0.9892132409879999,V2原预选 · 扣费
2025-02-28,0.985787790629,V2原预选 · 扣费
2025-03-03,0.984908312165,V2原预选 · 扣费
2025-03-04,0.9837628954300001,V2原预选 · 扣费
2025-03-05,0.987647157732,V2原预选 · 扣费
2025-03-06,0.987610084837,V2原预选 · 扣费
2025-03-07,0.986025442361,V2原预选 · 扣费
2025-03-10,0.986044925026,V2原预选 · 扣费
2025-03-11,0.9888514580050001,V2原预选 · 扣费
2025-03-12,0.987725717112,V2原预选 · 扣费
2025-03-13,0.993690382968,V2原预选 · 扣费
2025-03-14,0.999239589881,V2原预选 · 扣费
2025-03-17,1.0020115301899999,V2原预选 · 扣费
2025-03-18,1.00096539007,V2原预选 · 扣费
2025-03-19,1.00314301934,V2原预选 · 扣费
2025-03-20,1.00166100556,V2原预选 · 扣费
2025-03-21,0.9987955048,V2原预选 · 扣费
2025-03-24,1.0015532502,V2原预选 · 扣费
2025-03-25,1.0088094708,V2原预选 · 扣费
2025-03-26,1.00602021877,V2原预选 · 扣费
2025-03-27,1.00524332539,V2原预选 · 扣费
2025-03-28,1.00018051945,V2原预选 · 扣费
2025-03-31,0.9951888341289999,V2原预选 · 扣费
2025-04-01,0.997505201992,V2原预选 · 扣费
2025-04-02,1.00068078499,V2原预选 · 扣费
2025-04-03,1.0026723720400001,V2原预选 · 扣费
2025-04-07,0.977419978407,V2原预选 · 扣费
2025-04-08,0.9830055087790001,V2原预选 · 扣费
2025-04-09,0.982447816174,V2原预选 · 扣费
2025-04-10,0.983438142642,V2原预选 · 扣费
2025-04-11,0.982808553705,V2原预选 · 扣费
2025-04-14,0.984034113343,V2原预选 · 扣费
2025-04-15,0.986054068541,V2原预选 · 扣费
2025-04-16,0.988114894873,V2原预选 · 扣费
2025-04-17,0.988328054662,V2原预选 · 扣费
2025-04-18,0.9892298401930001,V2原预选 · 扣费
2025-04-21,0.987535904673,V2原预选 · 扣费
2025-04-22,0.9893494447,V2原预选 · 扣费
2025-04-23,0.9881241635620001,V2原预选 · 扣费
2025-04-24,0.990035428462,V2原预选 · 扣费
2025-04-25,0.990013468878,V2原预选 · 扣费
2025-04-28,0.9907995627780001,V2原预选 · 扣费
2025-04-29,0.989894571331,V2原预选 · 扣费
2025-04-30,0.986755986448,V2原预选 · 扣费
2025-05-06,0.986769940684,V2原预选 · 扣费
2025-05-07,0.989714173265,V2原预选 · 扣费
2025-05-08,0.990566047704,V2原预选 · 扣费
2025-05-09,0.991837146354,V2原预选 · 扣费
2025-05-12,0.9922437941779999,V2原预选 · 扣费
2025-05-13,0.994331714784,V2原预选 · 扣费
2025-05-14,0.9961237055959999,V2原预选 · 扣费
2025-05-15,0.995249545022,V2原预选 · 扣费
2025-05-16,0.99398542257,V2原预选 · 扣费
2025-05-19,0.9937377032210001,V2原预选 · 扣费
2025-05-20,0.994191566163,V2原预选 · 扣费
2025-05-21,0.995668989619,V2原预选 · 扣费
2025-05-22,0.9966894456090001,V2原预选 · 扣费
2025-05-23,0.9949495172739999,V2原预选 · 扣费
2025-05-26,0.993862498813,V2原预选 · 扣费
2025-05-27,0.994249370367,V2原预选 · 扣费
2025-05-28,0.9945441285869999,V2原预选 · 扣费
2025-05-29,0.994527858249,V2原预选 · 扣费
2025-05-30,0.9954436102230001,V2原预选 · 扣费
2025-06-03,0.997438794045,V2原预选 · 扣费
2025-06-04,0.9980273608529999,V2原预选 · 扣费
2025-06-05,0.996598306933,V2原预选 · 扣费
2025-06-06,0.998478511589,V2原预选 · 扣费
2025-06-09,0.999423034212,V2原预选 · 扣费
2025-06-10,1.0007706974600001,V2原预选 · 扣费
2025-06-11,1.0032623729299999,V2原预选 · 扣费
2025-06-12,1.00449819408,V2原预选 · 扣费
2025-06-13,1.00167982083,V2原预选 · 扣费
2025-06-16,1.00518197865,V2原预选 · 扣费
2025-06-17,1.00631418845,V2原预选 · 扣费
2025-06-18,1.0083459669,V2原预选 · 扣费
2025-06-19,1.00401788013,V2原预选 · 扣费
2025-06-20,1.00746808815,V2原预选 · 扣费
2025-06-23,1.01195886986,V2原预选 · 扣费
2025-06-24,1.01487564087,V2原预选 · 扣费
2025-06-25,1.01889670258,V2原预选 · 扣费
2025-06-26,1.02185196731,V2原预选 · 扣费
2025-06-27,1.01413729169,V2原预选 · 扣费
2025-06-30,1.0121751331,V2原预选 · 扣费
2025-07-01,1.01665493962,V2原预选 · 扣费
2025-07-02,1.0205329878,V2原预选 · 扣费
2025-07-03,1.02057587081,V2原预选 · 扣费
2025-07-04,1.02564816546,V2原预选 · 扣费
2025-07-07,1.02799563072,V2原预选 · 扣费
2025-07-08,1.02772020182,V2原预选 · 扣费
2025-07-09,1.03038855834,V2原预选 · 扣费
2025-07-10,1.03596564223,V2原预选 · 扣费
2025-07-11,1.03017045485,V2原预选 · 扣费
2025-07-14,1.03459852341,V2原预选 · 扣费
2025-07-15,1.02976234968,V2原预选 · 扣费
2025-07-16,1.02758850142,V2原预选 · 扣费
2025-07-17,1.0264784086899998,V2原预选 · 扣费
2025-07-18,1.02958158356,V2原预选 · 扣费
2025-07-21,1.03450905028,V2原预选 · 扣费
2025-07-22,1.0436260963700001,V2原预选 · 扣费
2025-07-23,1.04335396154,V2原预选 · 扣费
2025-07-24,1.04325850478,V2原预选 · 扣费
2025-07-25,1.03887093797,V2原预选 · 扣费
2025-07-28,1.0353273327,V2原预选 · 扣费
2025-07-29,1.03276031787,V2原预选 · 扣费
2025-07-30,1.03442902552,V2原预选 · 扣费
2025-07-31,1.0259117508,V2原预选 · 扣费
2025-08-01,1.02556844401,V2原预选 · 扣费
2025-08-04,1.02806318762,V2原预选 · 扣费
2025-08-05,1.03480041576,V2原预选 · 扣费
2025-08-06,1.03646907485,V2原预选 · 扣费
2025-08-07,1.03808950735,V2原预选 · 扣费
2025-08-08,1.03930941474,V2原预选 · 扣费
2025-08-11,1.03573036654,V2原预选 · 扣费
2025-08-12,1.03765805451,V2原预选 · 扣费
2025-08-13,1.03413918258,V2原预选 · 扣费
2025-08-14,1.03270807284,V2原预选 · 扣费
2025-08-15,1.03064707524,V2原预选 · 扣费
2025-08-18,1.03040292436,V2原预选 · 扣费
2025-08-19,1.02966232273,V2原预选 · 扣费
2025-08-20,1.03467211246,V2原预选 · 扣费
2025-08-21,1.0381734043000002,V2原预选 · 扣费
2025-08-22,1.03933091475,V2原预选 · 扣费
2025-08-25,1.04720535592,V2原预选 · 扣费
2025-08-26,1.04538915923,V2原预选 · 扣费
2025-08-27,1.0330795383,V2原预选 · 扣费
2025-08-28,1.03622864983,V2原预选 · 扣费
2025-08-29,1.03331068179,V2原预选 · 扣费
2025-09-01,1.02806997476,V2原预选 · 扣费
2025-09-02,1.03276217342,V2原预选 · 扣费
2025-09-03,1.02618470729,V2原预选 · 扣费
2025-09-04,1.02639277972,V2原预选 · 扣费
2025-09-05,1.02596949539,V2原预选 · 扣费
2025-09-08,1.02922634451,V2原预选 · 扣费
2025-09-09,1.03290816931,V2原预选 · 扣费
2025-09-10,1.03149540866,V2原预选 · 扣费
2025-09-11,1.03516358513,V2原预选 · 扣费
2025-09-12,1.03041862378,V2原预选 · 扣费
2025-09-15,1.02838431679,V2原预选 · 扣费
2025-09-16,1.02545097457,V2原预选 · 扣费
2025-09-17,1.02676672982,V2原预选 · 扣费
2025-09-18,1.01368036677,V2原预选 · 扣费
2025-09-19,1.01635282537,V2原预选 · 扣费
2025-09-22,1.0103043267,V2原预选 · 扣费
2025-09-23,1.01423808204,V2原预选 · 扣费
2025-09-24,1.01679580008,V2原预选 · 扣费
2025-09-25,1.0094820417900001,V2原预选 · 扣费
2025-09-26,1.00862139297,V2原预选 · 扣费
2025-09-29,1.00717386515,V2原预选 · 扣费
2025-09-30,1.00388847971,V2原预选 · 扣费
2025-10-09,1.01199354232,V2原预选 · 扣费
2025-10-10,1.0184975138599999,V2原预选 · 扣费
2025-10-13,1.01745310819,V2原预选 · 扣费
2025-10-14,1.02832823946,V2原预选 · 扣费
2025-10-15,1.0304762676,V2原预选 · 扣费
2025-10-16,1.03674510496,V2原预选 · 扣费
2025-10-17,1.03166072471,V2原预选 · 扣费
2025-10-20,1.03573461719,V2原预选 · 扣费
2025-10-21,1.03845485549,V2原预选 · 扣费
2025-10-22,1.04050791448,V2原预选 · 扣费
2025-10-23,1.0459546555299999,V2原预选 · 扣费
2025-10-24,1.04241910223,V2原预选 · 扣费
2025-10-27,1.0462984213,V2原预选 · 扣费
2025-10-28,1.04239871248,V2原预选 · 扣费
2025-10-29,1.03930362429,V2原预选 · 扣费
2025-10-30,1.03906792347,V2原预选 · 扣费
2025-10-31,1.03716755218,V2原预选 · 扣费
2025-11-03,1.04248861015,V2原预选 · 扣费
2025-11-04,1.04731372304,V2原预选 · 扣费
2025-11-05,1.04594755605,V2原预选 · 扣费
2025-11-06,1.04736507068,V2原预选 · 扣费
2025-11-07,1.04961724783,V2原预选 · 扣费
2025-11-10,1.05627316362,V2原预选 · 扣费
2025-11-11,1.0572962881499999,V2原预选 · 扣费
2025-11-12,1.0600325882900001,V2原预选 · 扣费
2025-11-13,1.05963410023,V2原预选 · 扣费
2025-11-14,1.05761507952,V2原预选 · 扣费
2025-11-17,1.0516020394299999,V2原预选 · 扣费
2025-11-18,1.04595075984,V2原预选 · 扣费
2025-11-19,1.0477798381799999,V2原预选 · 扣费
2025-11-20,1.0527734584,V2原预选 · 扣费
2025-11-21,1.04378062504,V2原预选 · 扣费
2025-11-24,1.04119183786,V2原预选 · 扣费
2025-11-25,1.0457547866299999,V2原预选 · 扣费
2025-11-26,1.04425983824,V2原预选 · 扣费
2025-11-27,1.04393575847,V2原预选 · 扣费
2025-11-28,1.04124901403,V2原预选 · 扣费
2025-12-01,1.0500040500199999,V2原预选 · 扣费
2025-12-02,1.05062555139,V2原预选 · 扣费
2025-12-03,1.04969496832,V2原预选 · 扣费
2025-12-04,1.04892968572,V2原预选 · 扣费
2025-12-05,1.04838574449,V2原预选 · 扣费
2025-12-08,1.0460616924600001,V2原预选 · 扣费
2025-12-09,1.0402685194899999,V2原预选 · 扣费
2025-12-10,1.04019836744,V2原预选 · 扣费
2025-12-11,1.03951355209,V2原预选 · 扣费
2025-12-12,1.0386477522,V2原预选 · 扣费
2025-12-15,1.04137361974,V2原预选 · 扣费
2025-12-16,1.03824893017,V2原预选 · 扣费
2025-12-17,1.04146974817,V2原预选 · 扣费
2025-12-18,1.04805393945,V2原预选 · 扣费
2025-12-19,1.04769431368,V2原预选 · 扣费
2025-12-22,1.0432742506600001,V2原预选 · 扣费
2025-12-23,1.0443139052600001,V2原预选 · 扣费
2025-12-24,1.04367369887,V2原预选 · 扣费
2025-12-25,1.04490517427,V2原预选 · 扣费
2025-12-26,1.0435955225,V2原预选 · 扣费
2025-12-29,1.04509143486,V2原预选 · 扣费
2025-12-30,1.04146668981,V2原预选 · 扣费
2025-12-31,1.04076362851,V2原预选 · 扣费
2026-01-05,1.04228190731,V2原预选 · 扣费
2026-01-06,1.04830554704,V2原预选 · 扣费
2026-01-07,1.04657587233,V2原预选 · 扣费
2026-01-08,1.04375616424,V2原预选 · 扣费
2026-01-09,1.0441274604,V2原预选 · 扣费
2026-01-12,1.04552793692,V2原预选 · 扣费
2026-01-13,1.04757306025,V2原预选 · 扣费
2026-01-14,1.0385171687799999,V2原预选 · 扣费
2026-01-15,1.03573607446,V2原预选 · 扣费
2026-01-16,1.0315604653900001,V2原预选 · 扣费
2026-01-19,1.03080632183,V2原预选 · 扣费
2026-01-20,1.04355871006,V2原预选 · 扣费
2026-01-21,1.03530145669,V2原预选 · 扣费
2026-01-22,1.03601689052,V2原预选 · 扣费
2026-01-23,1.03106731713,V2原预选 · 扣费
2026-01-26,1.03710628268,V2原预选 · 扣费
2026-01-27,1.03077415037,V2原预选 · 扣费
2026-01-28,1.03060817929,V2原预选 · 扣费
2026-01-29,1.04033148381,V2原预选 · 扣费
2026-01-30,1.03582099627,V2原预选 · 扣费
2026-02-02,1.02795946607,V2原预选 · 扣费
2026-02-03,1.02813198962,V2原预选 · 扣费
2026-02-04,1.03966776156,V2原预选 · 扣费
2026-02-05,1.04347205456,V2原预选 · 扣费
2026-02-06,1.04040258106,V2原预选 · 扣费
2026-02-09,1.04396843311,V2原预选 · 扣费
2026-02-10,1.0439279317299999,V2原预选 · 扣费
2026-02-11,1.0459592952499999,V2原预选 · 扣费
2026-02-12,1.0408256225799999,V2原预选 · 扣费
2026-02-13,1.03523664551,V2原预选 · 扣费
2026-02-24,1.0402118196799999,V2原预选 · 扣费
2026-02-25,1.0396271530499999,V2原预选 · 扣费
2026-02-26,1.03789389958,V2原预选 · 扣费
2026-02-27,1.03875008059,V2原预选 · 扣费
2026-03-02,1.04291558103,V2原预选 · 扣费
2026-03-03,1.04627334858,V2原预选 · 扣费
2026-03-04,1.03676597456,V2原预选 · 扣费
2026-03-05,1.03800795905,V2原预选 · 扣费
2026-03-06,1.03939145239,V2原预选 · 扣费
2026-03-09,1.03788534328,V2原预选 · 扣费
2026-03-10,1.03897064037,V2原预选 · 扣费
2026-03-11,1.04125344371,V2原预选 · 扣费
2026-03-12,1.04253647649,V2原预选 · 扣费
2026-03-13,1.04360942304,V2原预选 · 扣费
2026-03-16,1.04294330742,V2原预选 · 扣费
2026-03-17,1.04418535276,V2原预选 · 扣费
2026-03-18,1.04309894487,V2原预选 · 扣费
2026-03-19,1.04127469125,V2原预选 · 扣费
2026-03-20,1.04016930278,V2原预选 · 扣费
2026-03-23,1.03185792786,V2原预选 · 扣费
2026-03-24,1.0365508695999999,V2原预选 · 扣费
2026-03-25,1.0391144401399999,V2原预选 · 扣费
2026-03-26,1.03862559223,V2原预选 · 扣费
2026-03-27,1.03774112922,V2原预选 · 扣费
2026-03-30,1.0380412456800001,V2原预选 · 扣费
2026-03-31,1.03921788124,V2原预选 · 扣费
2026-04-01,1.03998172884,V2原预选 · 扣费
2026-04-02,1.04002690328,V2原预选 · 扣费
2026-04-03,1.03757830437,V2原预选 · 扣费
2026-04-07,1.03610977939,V2原预选 · 扣费
2026-04-08,1.0391561064100001,V2原预选 · 扣费
2026-04-09,1.03691649992,V2原预选 · 扣费
2026-04-10,1.03726517455,V2原预选 · 扣费
2026-04-13,1.0366765203100001,V2原预选 · 扣费
2026-04-14,1.0382285014700001,V2原预选 · 扣费
2026-04-15,1.03946139183,V2原预选 · 扣费
2026-04-16,1.0390919266,V2原预选 · 扣费
2026-04-17,1.03818510762,V2原预选 · 扣费
2026-04-20,1.03932329599,V2原预选 · 扣费
2026-04-21,1.04005174872,V2原预选 · 扣费
2026-04-22,1.03926416252,V2原预选 · 扣费
2026-04-23,1.04011549426,V2原预选 · 扣费
2026-04-24,1.0392343534200001,V2原预选 · 扣费
2026-04-27,1.03829733858,V2原预选 · 扣费
2026-04-28,1.03919366816,V2原预选 · 扣费
2026-04-29,1.04035427625,V2原预选 · 扣费
2026-04-30,1.03883480394,V2原预选 · 扣费
2026-05-06,1.03743559146,V2原预选 · 扣费
2026-05-07,1.03711603375,V2原预选 · 扣费
2026-05-08,1.03657188939,V2原预选 · 扣费
2026-05-11,1.03926456764,V2原预选 · 扣费
2026-05-12,1.03827041934,V2原预选 · 扣费
2026-05-13,1.03659040754,V2原预选 · 扣费
2026-05-14,1.03466909342,V2原预选 · 扣费
2026-05-15,1.0307534593399998,V2原预选 · 扣费
2026-05-18,1.02460349208,V2原预选 · 扣费
2026-05-19,1.02747119371,V2原预选 · 扣费
2026-05-20,1.0231257948399999,V2原预选 · 扣费
2026-05-21,1.02011772451,V2原预选 · 扣费
2026-05-22,1.01759508028,V2原预选 · 扣费
2026-05-25,1.0170030964,V2原预选 · 扣费
2026-05-26,1.01730226858,V2原预选 · 扣费
2026-05-27,1.01475932874,V2原预选 · 扣费
2026-05-28,1.01048565668,V2原预选 · 扣费
2026-05-29,1.02295895431,V2原预选 · 扣费
2026-06-01,1.03112180668,V2原预选 · 扣费
2026-06-02,1.03046395056,V2原预选 · 扣费
2026-06-03,1.0240237014,V2原预选 · 扣费
2026-06-04,1.01648774175,V2原预选 · 扣费
2026-06-05,1.02088290526,V2原预选 · 扣费
2026-06-08,1.0178516694,V2原预选 · 扣费
2026-06-09,1.01975406681,V2原预选 · 扣费
2026-06-10,1.0272388482099999,V2原预选 · 扣费
2026-06-11,1.02633952233,V2原预选 · 扣费
2026-06-12,1.03378600296,V2原预选 · 扣费
2026-06-15,1.03163299756,V2原预选 · 扣费
2026-06-16,1.0222313696,V2原预选 · 扣费
2026-06-17,1.02139996974,V2原预选 · 扣费
2026-06-18,1.005654839,V2原预选 · 扣费
2026-06-22,1.0147180469,V2原预选 · 扣费
2026-06-23,1.01406503844,V2原预选 · 扣费
2026-06-24,1.0033854765099999,V2原预选 · 扣费
2026-06-25,1.00127926615,V2原预选 · 扣费
2026-06-26,0.9912485652540001,V2原预选 · 扣费
2026-06-29,0.9972322445330001,V2原预选 · 扣费
2026-06-30,0.985713263335,V2原预选 · 扣费
2026-07-01,0.994819370109,V2原预选 · 扣费
2026-07-02,1.00059438935,V2原预选 · 扣费
2026-07-03,1.00539235456,V2原预选 · 扣费
2026-07-06,1.01605030106,V2原预选 · 扣费
2026-07-07,1.01110177435,V2原预选 · 扣费
2026-07-08,1.01585266945,V2原预选 · 扣费
2026-07-09,1.0112583886,V2原预选 · 扣费
2026-07-10,1.01436832368,V2原预选 · 扣费
2026-07-13,1.0214065149,V2原预选 · 扣费
2026-07-14,1.02736032478,V2原预选 · 扣费
2026-07-15,1.03745898306,V2原预选 · 扣费
2026-07-16,1.03564933247,V2原预选 · 扣费
2026-07-17,1.03693654435,V2原预选 · 扣费
2026-07-20,1.0511936900599999,V2原预选 · 扣费
2026-07-21,1.04539686271,V2原预选 · 扣费
2026-07-22,1.0506329887399999,V2原预选 · 扣费
2026-07-23,1.05320639179,V2原预选 · 扣费
2026-07-24,1.0497952491899998,V2原预选 · 扣费
2026-07-27,1.0494200823,V2原预选 · 扣费
2026-07-28,1.0551623271600001,V2原预选 · 扣费
2026-07-29,1.06307315996,V2原预选 · 扣费
2026-07-30,1.06561469153,V2原预选 · 扣费
2026-07-31,1.0642649890999998,V2原预选 · 扣费
2026-08-03,1.06509808937,V2原预选 · 扣费
2026-08-04,1.06073707102,V2原预选 · 扣费
2026-08-05,1.05920390521,V2原预选 · 扣费
2026-08-06,1.0590921921699998,V2原预选 · 扣费
2026-08-07,1.05791973468,V2原预选 · 扣费
2026-08-10,1.05881072692,V2原预选 · 扣费
2026-08-11,1.0580270631500002,V2原预选 · 扣费
2026-08-12,1.05780711972,V2原预选 · 扣费
2026-08-13,1.0573230247299998,V2原预选 · 扣费
2026-08-14,1.0561686704500002,V2原预选 · 扣费
2026-08-17,1.0563299538700002,V2原预选 · 扣费
2026-08-18,1.0567038851900001,V2原预选 · 扣费
2026-08-19,1.05875311359,V2原预选 · 扣费
2026-08-20,1.06023795791,V2原预选 · 扣费
2026-08-21,1.05924956583,V2原预选 · 扣费
2026-08-24,1.06142744191,V2原预选 · 扣费
2026-08-25,1.0608445227399999,V2原预选 · 扣费
2026-08-26,1.06230593138,V2原预选 · 扣费
2026-08-27,1.0608008576799999,V2原预选 · 扣费
2026-08-28,1.06042020386,V2原预选 · 扣费
2026-08-31,1.06124575755,V2原预选 · 扣费
2026-09-01,1.06414595841,V2原预选 · 扣费
2026-09-02,1.0631943143199998,V2原预选 · 扣费
2026-09-03,1.06353252474,V2原预选 · 扣费
2026-09-04,1.0642713152699999,V2原预选 · 扣费
2026-09-07,1.06223865505,V2原预选 · 扣费
2026-09-08,1.06334968901,V2原预选 · 扣费
2026-09-09,1.06381311695,V2原预选 · 扣费
2026-09-10,1.0650312774700001,V2原预选 · 扣费
2026-09-11,1.06349822713,V2原预选 · 扣费
2026-09-14,1.06418769762,V2原预选 · 扣费
2026-09-15,1.06256850508,V2原预选 · 扣费
2026-09-16,1.0615759638,V2原预选 · 扣费
2026-09-17,1.0614055177500001,V2原预选 · 扣费
2026-09-18,1.0611595281400001,V2原预选 · 扣费
